sample_id,grain_id,atom_count,centroid_x,centroid_y,centroid_z,euler_phi1,euler_theta,euler_phi2,taylor_factor,volume_est,grain_damage_index
1,1,181,80.98284640883978,88.79125248618784,30.852259116022097,170.8196248005481,101.29538608110622,168.0966838009495,2.2162409174681548,11075.339982619491,15.240475655327936
1,2,133,27.53725714285714,100.88153458646616,127.09582706766919,255.6478830231111,67.6442557042209,223.03884863118967,2.366948421773882,666.9487630761561,4.616559121261932
1,3,412,51.25208349514563,119.80295873786407,111.49678058252428,271.21058731007724,165.10738966213776,92.59736237194036,2.0,21657.324929946197,17.769631456396258
1,4,1445,27.940249404844288,82.92268588235295,62.87132297577854,36.77395086528453,179.61620074021485,178.6744074593598,2.0,5537.3552370304815,9.152199302197848
1,5,135,28.725597777777782,114.04484444444444,122.84832370370368,351.6573688396981,169.31133571148678,153.19722757555658,2.0,15537.87190063395,18.203866379708124
1,6,2588,40.40984312210201,37.72640826893353,90.36777314528594,139.61038474846248,79.87367978538511,173.52051360905125,2.9962884719260967,27844.702210908385,16.7549876604725
1,7,1120,119.17897142857143,51.560258839285716,104.793866875,225.91755477469428,47.33624709367184,354.9931935763103,2.0,4126.119682444874,8.050889543354439
1,8,629,92.20049523052464,39.26219364069953,31.770902225755172,14.9303949405153,22.94763761081244,224.23839006118075,2.0,17641.437177612956,17.31907239971783
1,9,1433,114.825848653873,79.17408436845777,81.36603747383113,314.22779157373503,178.67032980251543,178.72639795363781,2.42580099629376,149673.46981936187,33.03873913990548
1,10,1105,95.61288280542986,113.90683257918553,92.39341076923077,324.23085240823025,126.04560194879194,71.19375203091232,2.36590874368237,5989.846977881191,9.227529750428689
1,11,171,152.59791228070176,122.58849707602339,65.85327660818713,332.9567281505259,16.322878661646097,151.34208379415787,2.2851383844043562,2064.6894547789284,6.608541178503351
1,12,501,61.360714570858285,106.95195688622753,54.97219900199601,287.59480671440144,118.33212644273682,322.90226900817333,2.0,31772.1558880632,23.201589893386213
1,13,834,148.8286103117506,123.62854676258995,83.30608752997603,65.94919850752605,104.732940491824,128.2161352999859,2.317979223395484,3546.440214227649,7.627649833895987
1,14,1299,137.32063845204004,30.676153964588146,45.08358791377984,116.62397832114189,71.25644992198292,351.3788725986372,3.3482068128781717,260449.69970199734,34.393146078574794
1,15,1871,122.74644906467131,109.3609166221272,38.59003666488509,296.0803029684856,81.54361412362347,148.4202187082155,2.0,44840.16571229356,22.856113121741263
1,16,1285,42.213705447470815,98.69841408560312,37.177794552529186,205.61483247766466,84.3059726501336,127.5462350360639,2.0,4953.0192513948095,8.524200964530639
1,17,323,116.23937801857585,81.32102321981424,111.21993900928793,305.60475596914574,137.60541820211967,123.96331306761618,2.0,3085.944772674396,7.878759826375595
1,18,806,80.19595893300247,48.68471786600496,41.41275645161291,172.89811978438394,78.73390146810696,241.09258675961144,2.0,26002.59301930164,21.240140017045185
1,19,388,88.04604613402061,49.942128608247415,77.92501030927836,190.1516250922739,177.00220785287667,302.70767373500286,2.0,21278.082102092943,20.61470543676064
1,20,850,13.239373419058824,29.225481647058828,30.835572352941174,143.59938200032562,62.453277570988064,230.93411248387096,2.0,7009.787939500003,9.639663236048712
1,21,211,69.13412701421801,115.12803696682465,118.5714545023697,172.484351380751,75.32346716812637,287.8432739216175,4.1771016776649565,146727.3580677861,33.0188825612587
1,22,1085,79.30690359447003,76.7907995391705,98.71781400921658,313.21072516485856,150.23534277178982,218.1014961540493,2.2173199760960345,4532.785206798609,8.275442440607053
1,23,235,54.419798723404256,33.39203829787235,67.08558680851064,127.8132819684671,150.49712151766255,133.84306682278662,2.2463963966147964,24230.5778439871,24.262689065932687
1,24,578,115.11664671280276,127.22923010380622,104.56686332179932,96.26925087069156,61.54396546324767,275.11739567009414,2.0,3977.674745977328,7.993330210985721
1,25,1212,106.63999628712872,70.79206138613861,93.52346229372938,349.7983916172437,17.11426703857026,239.10887206455772,2.0,4861.814124633494,8.511806189868759
1,26,492,29.57146402439024,99.90309430894308,86.90564898373984,279.4941016584096,89.86250296883874,235.0925667890288,3.537101676559099,3015.7592168327355,7.529374640244683
1,27,777,124.24248262548262,44.23634465894467,123.92784594594595,190.82588170173796,83.7389127352277,6.9357500979774,2.0,18271.87116565179,18.550425293714685
1,28,130,115.41112307692308,108.07473307692308,82.39522615384615,226.68114638149657,77.73223174739289,281.09195156464045,2.0674865043298922,1066.9934867350562,5.70406065192338
1,29,260,138.64076946923075,42.35971961538461,46.64446384615385,139.09274790739858,27.859896751325312,90.80348143731707,2.0,25599.685500113657,22.653088615914985
1,30,674,36.0001,34.213383234421364,131.58242195845696,311.81469866830133,75.48694383310354,234.42713970227055,4.5,26759.67389618498,17.376372281092387
1,31,934,22.30438234929336,92.34838394004282,98.2459336188437,96.72337890139734,66.40484167643731,202.59049616603556,2.0,19072.02810627593,19.124689956971118
1,32,652,64.77218282208588,70.08838174846626,121.01610766871164,204.97024744716543,20.45003067553717,30.153996998088985,2.0,39448.997998623716,25.728266632286193
1,33,347,66.67286541786744,85.56782103746399,114.19170605187321,43.42774522877549,66.76935227535233,209.92316600053482,2.0,2164.9463349229736,6.492041896492417
1,34,2252,120.21522140319715,105.43820164298403,58.085386234458255,143.1163610515225,142.6844828648234,282.3960456223086,2.0,7527.852348522889,9.929855743800553
1,35,440,69.02952113636364,48.44491613636364,89.55806181818183,294.6002973635548,72.09600078130535,54.678349364648504,4.5,28658.13671409653,24.941924151717995
1,36,509,51.8577626719057,36.16809430255403,30.27630707269155,182.56587477242388,109.78090411938012,42.24870374048972,2.0,5896.755486590079,9.788995416258784
1,37,295,145.54744765762712,74.29373491525423,111.6019186440678,217.2064799339319,41.3671547846985,119.16459095461681,2.7672683447865922,6495.482922181381,12.864123605050338
1,38,306,150.9508100980392,105.04681209150327,62.227011437908494,59.599016824147675,47.35112555009867,41.660354311029494,2.0,11759.985433199463,14.419846516183505
1,39,740,144.99842234864866,111.38072824324324,43.628500675675674,80.08625955562539,109.41789129739477,91.9527672768224,2.451053998619215,19505.817577849924,18.069864163720432
1,40,411,139.5395766423358,120.1253698296837,64.68377737226278,137.24226931743502,32.67890838613289,120.72928104485938,2.0,3181.891043276187,7.635219809450386
1,41,79,29.70602455696203,110.54120253164558,125.98454430379745,343.7562542266921,114.01451133387934,163.63766100378714,2.0,1383.0588700624976,6.296649634753398
1,42,1021,58.955715572967684,72.07279138099902,64.94384750244859,244.3400511162273,69.43741161933248,278.068024220387,2.1240533048655026,4902.573565612385,8.512398377598641
1,43,410,37.66628731707318,102.16149902439022,62.17863317073171,276.9820813293128,36.16399847698745,255.62717930106055,2.4447819756586027,2549.410136408696,6.988532194500888
1,44,707,106.09478868458274,51.51574243281471,62.685743988684585,250.31957075618655,112.82364471302226,341.39991541026626,2.0,3914.0663010198023,7.889643390673808
1,45,166,30.826821265060243,104.27842771084336,47.66988433734941,159.23697028114194,127.27620771148686,99.53764185943065,2.0,227910.66541029536,39.20842203758017
1,46,141,89.03229787234042,95.96405957446807,24.648575177304966,72.4989373058011,65.71850344800883,87.81118946789778,2.0,3803.3934208230535,8.098223723032199
1,47,1240,92.93171585483871,47.442354838709676,67.68176161290323,144.95295904550326,107.02547739260095,149.89948024353967,3.571241424483083,347434.5955089308,38.96948372168936
1,48,153,19.66005374509804,113.53159477124184,119.19470653594773,213.7056680540669,80.57072194630409,187.30834811990573,2.0,66885.19509065161,24.026843208958937
1,49,1084,119.35148007380074,50.356052583025836,121.19072177121772,152.39155355523906,124.3824076213593,106.28706942546712,2.0,27010.17166123545,19.30906563607266
1,50,1042,96.47470854126679,61.84003857965451,128.3134105566219,342.0538939873694,136.76630937159823,158.80878473682884,2.0,5048.038439552407,8.669772823342631
1,51,442,36.67270339366516,113.0202923076923,33.04126425339366,172.33322429557137,157.3934778648185,301.6913716248317,2.0,16344.20186788265,16.842790451014938
1,52,351,132.91733333333332,49.5832962962963,90.91309544159544,240.37234104056458,19.687084790929113,358.4012183064888,2.0,2974.1806630288743,7.238432014649315
1,53,22,130.45191586363637,131.67186818181816,39.2303,317.59185597494496,65.53654170630365,119.06659192019094,2.0,75625.19780570864,31.699187493019707
1,54,1965,140.90001000610687,87.60766605597965,103.52437949109415,287.9887238488062,10.446190718344466,351.6399426300973,2.6616005340291387,199118.27408502743,33.51981147604038
1,55,1133,89.87784201235658,49.185158870255954,97.8197706972639,260.83919007767093,4.199520287271996,215.0203935431133,3.8276873220961654,4329.96300480097,8.176744564286603
1,56,556,75.19018201438848,104.92690989208634,82.54077266187049,60.15496432672207,173.0502291119256,315.20798448453615,2.648631521562452,5429.14433798645,8.927201404368862
1,57,172,39.390915813953484,113.35582325581396,119.53369767441859,241.03370464954284,26.744307992390556,83.92709751598295,4.5,6045.222244496518,9.472676317371658
1,58,272,135.51220506507354,47.88023125,94.95667536764707,15.084848732600257,155.76028103608738,143.64566042209253,2.0,11451.820136107837,19.871080033119537
1,59,1702,16.830115093766157,56.378115217391304,121.04862121034077,223.5827208945562,99.43047215234103,49.05927460492549,2.0,23112.223779933433,15.925280303876866
1,60,1133,136.75632480141215,129.10404721977054,103.74559761694616,16.974442837808994,111.98062441151187,283.42585075038875,3.2127514924772904,12161.974578370997,12.452087874407546
1,61,776,127.09972446649483,60.53758479381444,29.80755193298969,71.67342269627721,57.46598968597664,279.97429524597004,2.0,33656.77553990384,24.202121248979697
1,62,329,25.407729878419453,41.579236474164134,69.23049483282676,220.18793731377755,79.47439406888823,325.12207665748934,2.0,22745.74554947662,24.191919506688787
1,63,1573,48.52846146853147,92.90439574062302,105.08769173553718,286.87261071839356,64.47274187986109,101.27935532109434,2.0,211493.0797662189,33.028866833846706
1,64,719,109.01222887760778,81.50780528511821,87.04830876216968,191.47716825763683,78.29365924985555,196.32695924943116,2.0,158606.1651602434,34.52431667553805
1,65,1082,44.279225415896484,59.35103234750461,108.21386515711646,55.39384854201891,8.03395816891326,320.0291492922674,2.0,4910.754163429047,8.52952517538779
1,66,327,137.49630275229356,36.05151651376147,113.2859501529052,344.5736378796031,55.68466463040354,48.48341310209601,2.0,2119.471238392903,6.444626210830029
1,67,290,20.081914273275864,93.24565310344828,75.69640068965518,78.82137664604637,147.01445115199073,268.59495160328385,2.3545089525541796,20555.927358707882,21.646307029518837
1,68,542,30.686352306273065,92.96341808118082,40.21064040590406,20.311280335641587,86.46098416735478,20.5516068206402,2.2477413600591927,25333.810541673967,20.648143717967198
1,69,1012,139.31349357707506,81.1598604743083,62.440511857707506,12.286982047610703,148.62850354988947,39.78040000564914,3.13878144472604,10709.513923951834,11.604961490795986
1,70,1148,72.07358083623694,52.00470766550523,67.43276114982578,16.092487074396363,72.51546966511864,300.72241808794655,2.0,5781.672445824665,9.206443305894814
1,71,184,101.90646479347825,109.65965434782609,87.96035760869565,313.5634293745634,29.478466509434355,187.30514061298794,2.5998509422230645,29211.330419254497,30.40295485618601
1,72,968,77.16301167355371,42.031871797520665,99.9319770661157,236.8933967937352,37.357450448838435,57.37585504756173,2.788082191434911,20287.09431688049,18.070713811930663
1,73,623,130.02822311396469,75.33902953451043,107.24354237560192,281.96166869884934,39.13345608849185,94.17936367195298,2.0,3237.381994903144,7.508364515167145
1,74,1179,115.9913292620865,33.625793638676846,92.04350373197626,27.36190858051102,123.46857476921895,156.71052553563214,2.0,12733.99265132921,12.843081499137497
1,75,170,138.7599470588235,55.19946411764706,120.69065882352943,167.78082258454683,55.45238707045837,312.3294412918485,4.5,8492.841851162679,21.248808663371722
1,76,1896,130.2902728367616,73.85536988396625,65.17687294303798,44.57264592671071,143.75884480539335,310.21232421889783,2.0,737687.5528963445,45.58954366397638
1,77,1227,69.60187546862265,101.94731678891605,65.34341361043195,335.60532012882555,94.24924919213669,71.53643304920404,3.2272652787113842,4975.051093547928,8.575943737246353
1,78,816,62.60022095588235,52.38454215686274,89.40973480392157,317.7931914845752,110.68865645847298,53.098715042377606,4.238513456895561,3867.2579490542334,7.852346109053414
1,79,486,23.484750699588478,99.56487469135804,129.19931234567903,138.0450372245816,78.6766884777952,142.96685090104145,4.5,68650.41890605824,27.14672892929383
1,80,282,13.570821097092196,95.64901879432624,121.27106028368794,314.959644526433,58.66954267337835,24.234583138374557,4.5,9465.752463047165,16.659936474437625
1,81,1525,94.1941262295082,82.64304609836066,122.05722924590164,348.50529123838635,4.012885386191187,19.714419445987915,2.0,6580.138901468884,9.50994390846998
1,82,1828,25.780843650820568,60.96329119256017,45.47826208971554,110.83379519655719,110.25818946895596,359.9807708832345,3.2789184296012106,9035.384823112588,10.677965479740365
1,83,283,46.45279575971732,112.90751342756184,133.22385300353355,319.8395447407988,36.69353718242306,342.060158097405,2.0962547173450976,6692.867679704844,9.92574111566317
1,84,59,74.72207966101695,102.12311525423728,90.63134576271186,140.10290609044606,95.42528896750817,207.18872938629363,2.0,21919.530004417178,23.367089464985423
1,85,171,47.02331286549708,78.87647426900585,29.381476023391812,217.94465061597379,172.4547500250753,312.81762318839066,2.0,13422.35658295342,13.357640637091649
1,86,1170,47.54676931623931,126.97372495726495,67.51009837606838,243.44045722669443,145.70680048696232,223.03133891384036,2.0,8338.272364596178,10.506369285042625
1,87,1137,89.35367475813545,106.49759744942831,122.85175963060685,113.94314613244717,1.5414666285095358,157.5896657080776,2.4290232416728728,12776.45932981528,13.682821748402057
1,88,248,137.138875,126.64492741935483,52.14774193548387,310.06910016570146,15.652818069933955,37.61812591093444,2.4752263147110742,5783.558121009812,9.138940934960536
1,89,1397,50.56511574803149,123.32901932712957,89.22573822476735,297.66473479378897,35.75654983525416,0.3486502099898914,3.9055308712842085,5436.989653646887,8.929451591342806
1,90,440,31.210234545454547,37.155775909090906,49.550779090909096,123.78253677794677,72.24754750587796,235.71955580918703,2.0,22033.863143773346,18.752593513188756
1,91,1135,66.41383339207049,119.2528550660793,126.76598643171806,162.06064682347767,174.86284754353343,32.766531417337845,2.4681515617418306,11154.137609738093,12.725826195620812
1,92,1591,125.03018579509744,102.8792926461345,125.40923255813954,81.86194847987744,110.52517606406576,239.54361686016426,2.0,5892.992661073795,9.1232745893278
1,93,894,12.769390366364652,114.90765704697986,26.993870469798658,20.26364236750576,115.57317866302752,231.013914807518,2.671220710618822,19678.17975856359,15.45689946530635
1,94,1024,16.676769300878906,109.96987080078125,46.806656249999996,310.41553803487693,127.51811222083383,345.0081564807663,2.0,6863.741019091493,9.753175274533488
1,95,143,100.08105972027973,72.4816965034965,41.297068531468526,65.93597068462674,30.31660102100567,92.07435650289077,2.0,575130.6033205081,43.45214456636196
1,96,1259,18.347855925734706,55.841122398729155,94.77415559968229,194.33428789535958,12.215913672114594,98.42724551689511,3.1648025998020404,5068.368766951823,8.667685297359977
1,97,290,31.136534137931033,134.11434999999997,54.69504034482758,294.77975808069067,44.116634323072276,226.35696270219816,4.15688686803055,8512.932300176304,11.294041256276243
1,98,913,106.33293121577218,116.52396210295728,109.87061555312158,33.44448920930254,30.647334688516697,62.69065265852205,2.0,106976.75264578339,27.85630332051279
1,99,198,131.1474595959596,61.1381292929293,59.670315151515155,325.0306067166837,3.4574884484334056,201.48743985988958,2.1784114394261684,1126.237189443223,5.219880625246783
1,100,951,121.13862912723448,55.08181934805469,72.02948422712934,176.3308209994244,15.043163966289015,198.5602664894913,2.0,6044.68059097721,9.162447458909076
1,101,624,116.86591891025641,72.01952227564102,31.779277564102568,46.96725641066348,2.9503595012222927,143.02083760257963,2.0,5717.877461014009,9.0651113074156
1,102,476,95.74042226890758,38.62793571428572,70.24259012605042,139.82543428272265,60.77229649214187,60.497929004443655,2.0,4990.426178954921,9.655355972278327
1,103,415,144.64106103614458,68.11403879518072,100.64335493975904,249.5709257159637,173.16195734439623,312.6956436737033,3.2154193182597566,17169.092393652994,17.868017858309496
1,104,291,42.15709381443299,92.52163986254295,100.57971615120275,154.7453393586791,140.54006213387112,50.90401750692146,2.0,3951.066830801494,8.401903124263296
1,105,556,143.22523215827337,48.022600539568344,43.354692985611514,343.91298306281925,85.88236401472719,190.35587914907327,2.5624259362895825,3856.8338546277087,8.199648200732636
1,106,326,54.54399263803681,74.78975,94.21055337423311,348.457546685979,124.04418222645717,176.47513272968177,2.0,2386.899811809628,6.956171866977065
1,107,489,144.77680163599183,119.6700308793456,61.62741267893661,51.17537110203483,96.09478396185187,18.2904727239005,2.0,22552.95947375889,20.017962319068374
1,108,1962,14.766502131651375,121.38332935779817,85.35354729867484,321.3786672358208,134.62383159421455,8.848519843018284,3.175627033793295,6857.124577831054,9.728109034669567
1,109,400,128.662101,101.42933825,101.81740725,102.54671968310257,76.51909508860047,351.1617255666274,2.374633373993414,3009.248842672769,7.235973615098917
1,110,1409,139.75578763569908,79.49903122782116,39.49177650816181,8.09052895777906,46.82570053979316,141.88385198863025,2.0,19921.99011870121,17.270372911310428
1,111,232,16.821074612068966,105.42867543103449,41.354582758620694,295.1070960308497,178.3692259928957,215.7606918243281,2.0,38042.89085291858,24.577140959338948
1,112,394,36.50414162436548,103.17141345177667,75.77516421319797,196.36571294993598,18.280652704056155,231.9136273060735,2.0,2289.376570586063,6.996910468553292
1,113,357,127.04836694677873,108.28375602240897,84.1263462184874,90.23793180945071,63.83789579129926,160.59259483278538,2.0,3255.107733358651,7.566788570612036
1,114,659,21.273859150819423,130.69951654021241,46.43463869499241,72.8597517821619,65.59654106727552,304.17477266835874,2.0,40826.51493488864,20.166226588505676
1,115,217,67.80404285714285,133.90847004608295,117.85374470046084,38.69044057480974,167.69083126488707,47.21431972681634,2.2871229822464043,18226.00140257511,19.81632639639945
1,116,970,98.49370453608248,128.81207865979383,109.8725813402062,342.11759781892744,100.21395053250576,162.85428387950452,2.0,7779.218526627895,10.129527110900918
1,117,195,79.02748871794871,69.8852964102564,32.67093641025641,2.2796753911103806,48.55894898258778,200.3131833766089,2.193627433583539,3053.9451203461463,7.633011557211739
1,118,536,80.33023656716416,74.88900727611941,77.54376884328357,116.71942325555347,103.30130308063104,222.41729070075834,2.0,2982.8975498996647,7.248441673609481
1,119,553,54.136211392405066,126.58662712477397,48.12314032549728,126.26248023607681,100.75590392918109,91.90986512295994,2.0,47911.139843945064,24.63794771583566
1,120,691,17.284913787120114,98.77325586107091,63.617535021707674,280.95552596138873,36.718707389863305,178.53011840261644,2.6350091042413917,9221.363701039927,13.654535811649948
1,121,1100,143.54958475454546,56.23563836363636,122.37030663636365,120.7104156409835,53.549953380267446,155.0495711222081,2.4837144477381785,6276.801652599241,9.299623698638818
1,122,309,26.803199286407768,105.00283754045307,110.67522524271844,232.8394133151252,78.69511074836076,167.02647465000788,2.0,919289.2913366139,48.71917841406341
1,123,154,137.97660399350647,38.64174545454546,135.21099999999998,204.40651910492826,122.81467951148986,143.59429043628174,2.0,71843.30093530314,31.69462765654724
1,124,1290,109.88158821705426,83.59635573643412,56.98235403100776,171.9493680581315,55.98028747938591,87.4495244074708,2.443047180187029,5834.723191408994,9.203185943651722
1,125,513,144.99120077972708,39.13182222222222,129.11304132553607,284.9496105925595,172.21875032873868,159.32516904663424,2.7108617027482507,41785.19747255848,17.555256296388233
1,126,755,41.04594741721854,78.01847721854304,88.31521205298012,227.5612406648931,54.162485707893794,207.40324934926298,2.0,3882.552934614231,7.886149557385335
1,127,346,135.53439595375724,45.627283236994224,125.71448786127168,1.1857911567362933,102.21914323200116,344.63574861858996,2.0,102063.09191133844,29.429593668311114
1,128,688,11.13042003502907,121.95510319767442,126.2913234011628,49.70979006850121,153.41058100391325,136.04120335926697,2.0477813942677474,13745.266642697832,15.59537861642857
1,129,542,122.44827675276753,32.62160811808118,51.27412287822878,90.02873439613437,70.31889692915361,13.042731462871862,2.0,9013.968747200217,11.68472458190306
1,130,1052,103.06614353612167,36.060990114068446,123.19335731939162,74.6496310059076,133.9314083652418,292.6388022667165,4.5,14188.704313528411,13.251376337626334
1,131,91,4.288489079120878,110.5317923076923,87.70027032967033,303.7948969325782,106.43631998832382,282.7508821574704,2.0,6797.488943226643,12.038062238232333
1,132,280,39.47819571428571,95.6739857142857,134.53892142857143,51.85695856722027,75.28620391300521,54.5126028485584,2.0,2036.884737863662,6.600245616307114
1,133,721,114.29544008321776,94.64788210818308,100.63102732316229,124.9551193105567,90.8601443184818,290.3690280171722,4.259515002984909,3183.483474053294,7.380903750201209
1,134,736,81.52601820652175,65.30962513586955,27.413121467391303,85.8316425035878,138.20078957885713,337.4383511816738,2.390931006869042,4420.797284547196,8.23764002780152
1,135,614,23.634537894462543,74.36948990228014,94.71376921824104,145.82507936137765,51.78391120466256,354.1955830784654,2.62103946837198,28808.49876974493,23.21217446451981
1,136,337,55.62041810089021,88.02932700296736,102.52940415430265,9.122516458276353,98.93229675041768,180.64125868563806,2.0,3366.3930807841316,7.5719412315935735
1,137,497,9.582791965392355,98.28229215291749,120.68249295774648,116.10508668054382,147.3577594311007,159.0084661914221,4.19941505501401,19608.656807276668,16.65135076460863
1,138,723,129.345132780083,46.77667690179806,61.560196542185345,88.43602101675044,156.5336836440354,183.90980760908744,2.1327577041639305,32296.16232577711,21.22038036921307
1,139,795,91.76987949685534,66.79852830188679,43.15935371069183,298.7658096230502,52.48218593796726,152.50297618031365,2.0,4299.292575550143,8.28112310070395
1,140,356,144.64640898876405,114.94699943820225,44.04330730337079,307.553134458848,58.28082728370347,315.167322136652,2.0,171103.57508534237,29.18849168443499
1,141,47,30.451595744680844,50.72349148936169,93.5023680851064,79.03421482081455,90.91900755797326,329.29202843004805,2.0,26469.68990974899,23.493294096549477
1,142,464,134.9230818965517,64.67785064655173,46.40642456896551,188.01151910370282,58.75755576080164,330.508160586612,2.205465170696904,2539.4951439141682,6.874566194247069
1,143,1197,60.903829381787794,72.45937443609021,103.52899223057643,322.7447842480434,18.73894426311775,115.52664376029907,2.0,85178.30954772024,27.460421882495876
1,144,787,31.519280994536217,105.50965908513342,98.58975273189327,290.3089984089528,35.05551509765924,161.4268523789219,2.0,351914.7932075392,35.77967273400027
1,145,386,92.19893445595856,118.3502590673575,121.50614248704663,98.19353111283951,154.6259414803957,291.88500774656904,2.526951224569819,6908.559864287443,9.828218243929483
1,146,782,120.69135533887467,80.24075588235294,93.58585959079284,315.71084189096246,51.01142360744975,358.6408213825431,2.363129253614974,219128.35811116404,32.94256079311579
1,147,208,143.9281394230769,111.28538461538461,60.56769086538462,355.7420541960436,88.6696956348974,161.99499699658531,2.0,1332.3154824503486,5.920494083777343
1,148,907,113.35839448732084,126.57224244762955,47.21836934950386,335.0409262313464,159.92790766023376,358.55522881322304,2.0,84257.18282869167,26.28179074409296
1,149,772,103.01281113989637,64.3036170984456,55.95251930051814,339.3375294032531,42.479764891800826,312.7542866327571,2.0,4968.610833929293,8.78075029567911
1,150,748,120.93110513770053,71.07078475935829,113.43567994652408,20.432760130502423,114.79535212549357,337.78455058027566,2.0,430694.367594028,39.666274303961096
1,151,476,101.1960768907563,90.28286386554623,93.12211239495797,337.1964732189561,159.85766442731176,117.11727463026644,2.0,32452.012827012946,25.68738390666157
1,152,396,35.26280050505051,27.732825505050503,46.6469143939394,330.2206748314941,122.15911634782098,286.4128695205395,2.0,21849.157110415563,21.080860370729162
1,153,816,139.33230601887254,110.37593700980393,104.30673345588235,151.69368220130448,16.51322841706675,115.22420298939112,2.0,15589.558762433106,16.302348215055932
1,154,957,131.4068070010449,114.90766677115988,54.00981567398119,152.94430497622184,146.4690133794249,161.98044896015492,2.4048887368663583,40494.02927125429,23.817930927765488
1,155,322,71.46097515527951,62.33953913043477,79.45063788819876,177.89432262541087,170.07860167787882,309.217249751023,2.0,2193.8657094601485,6.58766806725446
1,156,756,97.4557332010582,65.0173978835979,111.75101812169312,263.82114480417624,119.39780141378442,265.4094789129682,2.0,212360.41425822378,37.926015779439865
1,157,253,97.71736798418972,64.30797233201581,100.42463517786561,199.69217225213643,108.1172453213408,186.4659154604615,2.0,35237.0269496304,25.586232560713682
1,158,1136,45.54929419014085,54.19955299295775,106.18277676056339,96.10509407200828,14.113853893730754,347.7539445411665,2.0,63307.4927550954,24.813220415868372
1,159,283,65.86590070671377,94.79924911660777,46.12129929328623,154.28350673906795,156.76261814388158,183.1562196606962,2.0,16208.773296451212,20.65949631123788
1,160,1328,93.95708094879518,38.3642406626506,55.37572055722891,82.16967721984697,133.79200680083687,354.7470544908707,2.0221823168163424,20938.25757232995,15.962446781977093
1,161,2171,46.6642793182865,34.96917825886688,58.91441957623214,328.40774086400535,153.37129342993214,349.260624739747,2.0,8959.454957514661,10.531129451272728
1,162,1218,131.25465340656817,116.99896321839081,129.17311133004927,22.49253021273986,67.22132757675566,167.51803941849852,2.0,81399.59687344849,27.93053039423513
1,163,1667,14.995109486640672,61.05019448110377,60.9748974205159,312.8209571699115,82.30891986113328,278.2643954847011,2.0,22849.01883336979,16.910853252840457
1,164,263,18.811389391634982,127.38436159695819,23.799011406844105,279.3670695955114,23.49718906142739,201.591971968144,4.3366627481201165,19069.910068960493,14.565939191588223
1,165,998,22.557387254509017,74.64047585170341,116.42097655310623,158.3971272873884,149.69199529623177,227.91158231075502,2.00421651755304,24188.603806845156,20.321412241629407
1,166,460,19.60708266913043,113.201765,55.354897826086955,24.365376633364242,101.21122134113978,255.95689488902076,2.3617097440998713,28973.235442721856,22.26097256442226
1,167,252,96.76183650793651,33.46558888888889,98.87039761904761,47.8857213050283,116.02950271956422,203.5583934790117,2.0,4952.311701784636,11.715429585295674
1,168,777,57.25792419562419,91.30550360360358,122.53385842985841,230.8394359968628,104.50795304024194,205.7822281514416,2.0,4848.588081945391,8.494782540071663
1,169,1777,84.29373031767024,102.13157974113675,71.37315638716939,242.56820280587496,48.72804485060527,118.06778752906777,2.0,206082.19305651973,35.76608991140185
1,170,2016,69.43459930555557,45.59952286706349,118.97205753968254,207.39560504523152,25.59204667545729,283.7559190110779,4.5,6669.899537687033,9.543188508302572
1,171,658,136.0755729483283,91.47318039513678,83.60032765957446,201.24891846746144,63.56114497858685,129.93207918756352,2.5760105195413026,3111.533045533224,7.505605326184511
1,172,895,29.238113889385478,60.12308525139664,76.02062022346368,9.061932604274254,98.37502666767274,334.62797594073925,2.0,5492.782454326275,9.134261483243497
1,173,428,97.8662528037383,61.04155186915888,97.27022079439251,71.11002021125341,109.685816657215,118.3583011804852,3.898699021591005,36252.030869927585,24.60405508792189
1,174,382,47.57357068062827,95.42719371727749,93.24624083769633,315.53153750141695,67.68876346848369,53.666239955176906,3.5232922866282625,3912.9098494008817,7.909678246396193
1,175,869,80.95297617951668,102.71779781357881,90.61600368239355,98.69755343654026,110.98900238105031,104.96853800529549,3.2445368719418783,4869.526528492215,8.491995798540794
1,176,20,140.4335,61.734155,57.908845,314.93469983788367,156.94611417277005,40.80956868204366,2.170085067954602,648.3322138776067,4.486161755621606
1,177,760,46.34149565789473,72.269485,123.45978473684211,203.72368439413563,120.50114190991873,40.96127130878703,2.0,18037.417469200565,16.985157627190958
1,178,258,35.52650930232558,118.72692325581397,28.808036434108526,32.25110411369356,158.71656810999428,235.12052054824554,2.908499422788399,9123.597662032184,17.715854799786225
1,179,1011,88.9827415430267,93.27143293768546,36.1714334322453,287.3763326888964,31.482342867142247,24.1068128802263,4.5,3754.9867291038927,8.08584123317208
1,180,983,25.29652258494405,92.03459694811801,116.57529806714142,125.6175883448046,51.79665186162418,338.92614233625403,3.0405913442021406,4538.752922706154,8.405295980583073
1,181,342,46.4533932748538,25.73356725146199,38.86509824561403,205.10656013555774,144.10405313392238,151.267330696446,2.0,2499.710240384293,7.312192135743895
1,182,814,46.90706841523342,53.63997506142506,33.27077714987715,1.6457581183946868,2.7358500204987,55.84125906280121,2.0,5706.232417265358,9.355634524099628
1,183,567,63.8968431691358,61.124748677248675,115.41875202821869,320.530951531935,18.285097329047165,103.84008637384734,2.0,430563.92866322136,41.76204397754219
1,184,2051,107.10229507557288,48.46015694783033,30.177805216967332,335.8656422708382,69.62109961737356,208.22300312963728,2.428808616629548,16837.721431210863,12.873097479445322
1,185,329,68.26908601823709,40.44667902735562,30.248972036474168,151.24555753016026,67.45033213439663,313.98814742180963,4.5,43725.166310195236,22.847681394499062
1,186,94,120.56464104255322,123.77273404255318,92.9837404255319,325.92323252834336,56.39474738324979,180.6505727548883,2.162710978401832,21488.649465179187,27.59618591814098
1,187,215,13.751454441860464,104.78260790697674,119.57689488372091,346.64014490703164,138.4017502691601,245.37344929899342,2.9878692708081047,7821.590872101327,15.667421553630192
1,188,587,133.07399914821121,42.65041584327087,82.65440715502555,78.62186669615495,44.17247772248362,213.47759565759654,2.0,45033.67944128055,21.7768947740506
1,189,625,85.19453136,125.6430304,114.66691392000001,259.49897078303775,107.99772722187323,184.582657233468,2.0,5362.13287087626,9.37880866640384
1,190,1435,65.98578613240417,79.27588947735192,47.84675428571429,235.68314277550627,61.89321313879435,346.40510046189996,2.0,5833.636672818317,9.041168362877174
1,191,457,102.28177024070023,94.21192582056892,79.40241159737418,204.13497585945927,128.7835389577703,260.7201530043856,2.0,2658.16707387317,6.937731393866852
1,192,943,113.43582137221634,111.63213605514316,92.99505387062567,90.39701934306268,142.26448889380495,72.64230953718472,2.0,247830.0082519196,35.54532136981384
1,193,869,56.66889919447642,107.42097767548907,44.74125431530494,169.39923693571407,30.544619351992534,167.61366933112046,2.5442467131146027,5555.1565628324115,8.899249643238065
1,194,598,38.11906610016722,55.610156856187295,95.29154180602008,205.31503756520138,151.74787543796555,205.12707779147811,2.0,268006.43168029824,43.01086091587542
1,195,429,15.37389555827506,39.47125128205128,62.70806783216784,309.50151246635124,76.060367443827,57.56945332143284,4.435588210871425,79077.93240885169,31.251267577770488
1,196,302,51.07344470198675,51.407859602649005,35.47616754966887,274.8694056994847,109.06548177763239,32.43484832993387,2.0,15425.7310360518,17.376886900924372
1,197,700,79.14579157142857,34.085331714285715,119.204782,148.91163030053846,68.27132879536812,58.80558652799165,2.0,49968.51117857359,22.932147632657973
1,198,735,126.23383401360545,128.44770843537412,78.2044980952381,199.64003501021006,30.12147002358192,155.28560065607633,2.127957679080208,4819.1604683033975,8.560610589891185
1,199,676,146.46305647928995,44.363521449704145,56.51519704142012,237.96678086932513,130.23226610423617,245.9049056200037,2.0,6506.703594218726,9.612313508181405
1,200,1164,52.92299312714776,120.5684951030928,41.22368298969072,336.14621655168145,35.668951430627295,129.91880518680304,2.0,16808.28464184533,15.947050093828315
2,1,565,99.30348548672566,108.08426442477877,52.618783539823006,250.22321042178066,41.98483196186203,78.03216150222988,4.5,3345.9419631153573,7.5490797516040375
2,2,417,128.64259232613907,102.41106187050362,126.72852997601917,345.7056704226011,139.53821844788754,294.5882060142964,2.0,2527.3294913784744,6.857405866997932
2,3,128,30.918092968750003,55.130575,62.1447984375,40.96261769549092,142.5197741231789,327.2813391102213,2.0,4595.530084918382,8.314899706764127
2,4,694,84.25071700288184,80.33582233429395,139.0184069164265,309.661876434432,123.69735267449256,90.76988916373196,2.0,13996.629766962491,14.034091846542283
2,5,1227,28.212240986878566,66.03492950285249,131.51074735126323,344.92785847508026,15.452684118034112,76.59345850969112,2.0,7074.545777561898,9.62407500371881
2,6,506,64.45140059288538,92.60580711462451,50.86970830039525,5.960201483296084,42.0988441654678,279.08195717291585,2.0,3082.7424047495924,7.340607661856592
2,7,83,18.0026078313253,34.023410843373505,93.85119879518071,17.10167139640779,155.85603833641775,141.85705170802865,2.0,1487.2865374367027,5.7922488811826165
2,8,727,31.9545617781293,98.62756011004126,117.63489958734523,229.10903739940454,58.198455653697266,246.00871891060538,3.1186344365299865,21194.56154585635,23.794279561986343
2,9,1454,43.14099463548831,47.6276552957359,90.26221602475928,122.71423233234097,87.00519561407944,272.3192584176595,2.508100255093974,5823.405406837711,9.024596808464452
2,10,2665,151.68673466930582,86.82123140712946,72.95573996247656,324.5224527277874,68.80196457876079,75.27385784127279,2.0,31869.74641049861,18.1171652155907
2,11,706,92.83553541076488,132.12948116147308,127.60393342776204,283.7402738812381,68.94106160539243,99.78219148285459,2.0,44307.92736967573,20.08035956289632
2,12,631,23.479037020602217,89.23399651347069,96.57100206022187,324.8184593948877,8.089604523381748,339.49373450871775,2.769466311703714,3116.782796587567,7.33582900611282
2,13,436,62.290905986238535,35.35748325688074,95.09274059633029,109.05816357514942,137.6253331127333,241.71899194528805,2.0,39364.52730609391,18.591324666523903
2,14,47,65.2219574468085,142.83814893617023,134.3493404255319,318.73111084907464,103.43955036306943,0.5903133138873828,2.362165864303396,455.7469486477167,3.856647921571703
2,15,1470,28.197954078911565,115.13238598639454,63.514630068027216,116.9628061349056,81.65195561451648,34.35934918807493,2.0,6734.8038621313235,9.463839595005917
2,16,80,107.51128374999999,56.37425250000001,91.51204375,235.21013883550924,126.83276593522596,331.3094600933255,2.0,15960.12039590161,25.826060484663458
2,17,2071,42.92090246257846,131.65616740704974,99.74696393046838,180.5048251399857,62.67688110278916,277.8071008104586,4.5,11189.444443595596,11.537653548646128
2,18,451,101.60057139689579,114.91376363636365,46.38092261640798,168.99122986011545,66.11067736931675,152.32347858591552,3.1686011376434626,430003.45211479045,39.45499205633499
2,19,1154,84.00142357019064,133.6046439341421,104.28797088388215,219.3224790769973,64.72475443309406,184.63449163020604,2.0,7905.50024469483,10.099370728757805
2,20,1084,52.996379243542435,71.5582201107011,112.39312407749078,178.99494826383827,69.1620790001019,56.73583969017577,2.0,5428.945164528222,8.832989866454831
2,21,244,136.73167418032784,88.274756147541,98.08270901639342,84.15758287538657,43.90241570510984,333.5223327659134,2.0,432386.65968119714,38.56006305693947
2,22,131,70.75912748091604,112.50241221374047,49.31738396946564,82.43229587958106,66.17353415350352,310.48271662775215,2.0,804.4232102305091,5.083977088247789
2,23,1018,115.95495874263261,69.43419194499018,64.83138703339883,27.441273123370557,30.46689250915819,233.81863886392657,2.0,6495.082139796627,9.479707380813288
2,24,270,16.079352210444444,62.73920037037037,85.04807370370371,216.67407872628124,144.93044346783444,309.1650611936734,2.0,16010.067819492091,17.135463604681387
2,25,1622,67.54973847102343,68.35608532675708,83.94785709001233,213.1458017739869,157.419390560562,164.05344960960932,2.0,5919.808580039348,9.133903281263994
2,26,413,7.975075556416464,48.69673874092009,32.27266101694915,247.28928785259384,33.44051365771443,244.96438154218387,4.5,7204.162865666094,10.586582122936548
2,27,1028,139.2200340466926,110.36363579766537,35.132488035019456,205.69818986307783,174.22151757297942,86.56859469958684,2.879235837374565,8401.377727610809,10.595811519596028
2,28,495,92.0887406060606,128.45563434343435,58.53634363636364,57.366816857488764,107.98373350160604,339.4355487327923,2.0,2614.325454233287,6.888970855336716
2,29,441,73.80949410430838,69.35860249433107,80.39828253968254,337.7160341812042,172.46622360058404,177.0984451237247,2.0115606874058876,29013.375673551345,27.013696813560287
2,30,1367,86.65738953913679,129.39989458668617,47.12729363569861,216.2791809647228,105.80909400604358,66.13816325638368,2.0,74780.11085826423,23.481797657920378
2,31,999,52.014603603603604,39.379609309309316,32.26057707707708,124.31656749416501,155.3531022854728,36.67741888917406,2.0,16135.049214559653,16.739838249396005
2,32,137,110.37887445255475,116.7220802919708,55.003372262773716,236.61529793020387,129.0636595110364,118.36630948692299,2.0,1063.5351014120704,5.185812450736363
2,33,222,133.4748063063063,132.962472972973,75.49257522522522,79.87244264614034,54.85853325098866,144.73041218363178,2.0,1579.7397340504726,6.130036773372514
2,34,1445,21.178645633217993,39.29123342560553,105.10618622837372,60.77422170763979,90.49585389660679,224.81947851182335,2.0,13086.67972258987,13.697140488228529
2,35,1454,123.01956203576341,93.05643590096287,63.040841127922974,22.319505263051052,114.51918264605128,357.102780024737,2.0,5790.086872045858,9.085837192480366
2,36,468,12.190185921581197,41.16202927350428,104.97792777777777,301.3765653175679,170.43590527859456,89.71557018771757,2.0,65743.20387150049,29.16810665359684
2,37,348,25.102048145114942,81.47879712643679,32.77875402298851,314.66101813850753,37.459950653505494,282.6810486712973,2.0,54349.4451562486,28.32705014382321
2,38,185,127.81630270270271,49.899435135135136,134.80048,118.89524647014613,33.38198111437714,255.7846432990772,2.0,9727.268217854808,16.952341736493608
2,39,905,76.13880386740333,85.27765955801105,93.205608839779,56.198353748507266,157.22408366177362,247.25328137411654,2.2240414483836317,158752.13904377134,32.61116129743653
2,40,579,112.88368825561312,103.92612141623489,48.170729879101906,37.12845965425029,69.36215176809156,323.10221141989956,2.0,74701.23993516044,26.332270171572628
2,41,573,136.64711169284467,112.59518429319371,80.75262408376963,63.77633584587018,46.41828976059399,221.39440792961008,2.0,3524.9265720848093,7.764099690382849
2,42,1089,69.77126978879707,96.67005390266299,40.448473461891645,14.248401092762819,52.012395344959,211.73310896840056,2.0,24780.92865525471,19.43442613071854
2,43,405,135.9602049382716,133.3854686419753,37.824219753086425,216.13329018838175,8.74778029324013,339.25479674324083,2.0,39250.6540004786,20.11977937080221
2,44,319,58.75109623824452,135.09934796238244,33.14966614420063,164.16420744653394,139.4448366026003,330.8595231431047,2.028836049182305,26243.592762255925,17.54466446265933
2,45,2144,97.36524519589553,54.68444720149254,67.20637416044777,179.18132381218894,160.11060592393434,352.10856705531125,2.0860800283512035,7374.249289821236,9.768105066996064
2,46,1719,146.64415446305992,38.37337754508436,97.46964805119256,176.66985145999564,84.47769601593095,85.7253038612375,2.327729123934478,94271.01539545796,28.379855195358488
2,47,1091,146.56516131989,58.429138496791936,38.56145591200733,251.25539545684657,165.95067319680152,6.397624577990149,2.0,25253.412793225554,17.87507707530649
2,48,847,115.02701121605666,118.47903565525385,103.89127272727274,171.26515157727206,89.03093332872128,342.839863968145,2.2226262636428156,4008.4634166865653,8.132595603724077
2,49,683,151.09270790190337,117.76881991215225,126.61972650073206,322.5997082774983,43.73145162841718,281.96331372535843,2.0,57570.07796087042,22.532431432484884
2,50,731,15.019744183720931,116.4260831737346,115.0515143638851,109.61198076529432,91.89659183048823,334.3257275538963,2.9109906009064206,123746.94091416351,29.733680172944005
2,51,972,156.65430115226337,116.88995267489712,124.95592592592592,140.37532093619086,17.100161341854992,41.301046399758064,2.0,8421.548363761749,10.695372406954503
2,52,1294,80.81938802163833,83.42669938176198,110.32337928902628,222.98008324336155,66.02433381787972,31.109364720866594,2.0,5919.729082656204,9.171522316713405
2,53,829,44.28652267792521,76.23535500603136,56.65628624849216,345.36765400186647,95.67563823727104,150.2739212746818,2.0,3568.0989012711266,7.8415857094346215
2,54,791,136.46153642457648,126.16886725663718,87.0547412136536,254.8036984066851,79.1484492534907,255.43323451907733,4.5,35697.85922866879,27.65429712529905
2,55,921,87.26335200868621,85.6757664495114,71.6693217155266,295.15564748058785,45.62581428249375,84.51550748113819,2.0,4041.115464969825,7.9656480145603155
2,56,1758,152.16717178612058,90.25524220705346,45.016569112627984,67.72444130459829,32.10838313991341,240.19738753488434,2.0,7277.712729632071,9.89970347773888
2,57,354,2.367902529039548,36.54202062146893,96.3258265536723,288.13345253357807,149.057159206767,123.0731342031153,2.0,5315.289208606571,13.239685774887304
2,58,1122,119.51647085561497,97.55501265597148,91.45155481283422,179.32366905058882,7.396229538459391,90.15939295412129,2.16782498288228,4840.931417653255,8.548911615338076
2,59,1223,130.72233173041698,41.15125666394113,46.03733548650858,51.29069658613609,174.46204112846166,311.1463596586537,2.4658406933181625,251967.51381899562,41.36605558272885
2,60,560,130.41732321428572,76.59116321428571,130.47438589285713,33.31051856712604,81.12539621218356,253.0591434850802,2.0,19320.56587852715,18.892883225781063
2,61,202,129.41076237623764,115.86859405940594,98.65391782178219,135.83429210628935,136.95981261807643,206.47406107024884,2.159585121335883,4574.79039223142,8.356221180008877
2,62,151,62.921732450331135,101.75562913907284,71.12427152317883,168.61458669869862,155.4860181782335,320.0856349659851,2.0,1797.688285978338,6.281923138699958
2,63,359,98.57727019498608,140.90549860724235,58.34556685236769,230.46108633199924,62.178533231740985,79.72001521727417,4.5,6590.628475071472,9.651150631492568
2,64,213,109.57642347417841,128.5135262910798,58.3626690140845,35.293266281193695,161.459284522281,98.81150998271431,3.5398249296456554,24907.350232460605,21.946367345173304
2,65,1446,110.68677731673583,53.821701936376215,111.00571535269711,0.12353393278643043,2.1526089263002923,261.0241312288251,2.0,6159.887272480834,9.279160417545304
2,66,1332,149.56982451382882,53.97890713213213,125.15487537537537,149.51486751755402,79.95450659795014,102.9603662418646,4.343842228338805,317696.6077900533,34.7896975960023
2,67,1349,34.948312157153445,33.20629866567828,121.56548183839882,282.8041917003917,114.57371859559893,110.8554050138572,2.0,30291.777323602426,21.37624543047288
2,68,436,88.71302889908257,77.92062087155963,43.623643577981646,276.0350569669379,135.49040753968848,341.5540783373327,2.6255558266534393,3374.3280773064384,7.601402057418949
2,69,754,46.63354721485411,84.98452042440319,93.60057267904509,128.01657897819447,10.902278653758446,235.8128357147487,2.0,4930.377546839736,8.523337576886211
2,70,169,50.81729763313609,138.4068224852071,66.7157023668639,8.326862873152319,34.468240675567664,101.11711018742879,2.0,2652.3134425736084,7.375795260339911
2,71,651,130.39232104454686,129.65702918586788,101.58906390168973,200.60277796273502,103.20276614912696,223.36573661802743,2.0,3476.2822826207685,7.813655936916363
2,72,2471,88.88620902468637,42.121061230271145,103.74224718737352,70.01602974270139,18.60167325388074,268.5331328431091,2.0,18379.165097080357,14.9725850586282
2,73,1207,133.5959784589892,81.92167348798675,114.75504896437447,230.03957866119356,77.23790395988445,256.37394807176537,4.253746553073264,4758.22106273834,8.410497891446438
2,74,426,149.24442488262912,96.00472394366199,104.12842723004697,267.29915843242117,13.911629499796256,195.48847549111622,2.5687269589428166,3121.4246118179376,7.463718513487803
2,75,57,64.13339649122807,130.74887719298246,132.52209649122807,108.37701183945195,116.31411956372807,183.90828144714126,3.09329445573352,9861.410128852225,14.51276263994874
2,76,1346,133.17846285289747,55.169618424962856,70.05449494799406,61.766669442964584,60.058494573507375,21.135077003798628,2.0,6277.168350868406,9.242864861266247
2,77,160,162.05436875,46.895610625,58.27483500000001,100.41602812239263,81.90704900355075,152.7489605366151,2.16179648764576,7064.775962795865,19.34930676148557
2,78,995,53.27392532663316,67.49382502512562,137.55032613065325,85.13085909979877,98.25642240906643,17.839149313007358,2.0,9049.818645439258,11.14804680427313
2,79,444,52.683669839189186,104.67477927927928,136.4720608108108,330.54197076900476,26.94489496569437,37.685531625473686,2.0455704246551587,71067.52620317099,33.39989118833022
2,80,755,150.7967854304636,141.44615072847682,61.790604238410594,92.26514207120209,107.40290925091905,31.47005425667053,2.0,9275.904041434083,11.08270856557966
2,81,646,142.02004401934983,40.90017012383901,64.61299210526316,239.04642637592474,110.28759930526782,272.9598357813973,2.0,27416.37141160155,24.849665821174085
2,82,101,19.220697325742577,90.07606435643567,96.39278316831684,135.16275926368252,161.85357118904315,101.05471483262596,2.0,60832.15570147701,30.17888097054055
2,83,613,18.457432719086462,65.73552544861337,127.7618303425775,304.80428090839257,88.72157622658048,273.34433636955436,2.2169821930241818,23444.55738999425,20.56216892731507
2,84,1511,19.05492921237591,87.00476631369953,74.12539020516215,64.87108850193466,62.85839205740187,175.94577474354534,2.0,6409.226041485442,9.44792070274393
2,85,232,84.3423375,109.48513836206897,70.08167629310344,356.10336350105956,126.715536534025,344.18570693366433,2.0,3232.4212315670834,7.748858146574953
2,86,995,15.241030037487437,120.88493065326632,130.08477989949748,355.87780528982603,70.05108878531735,70.89713784815277,2.0,4436.347428175832,8.380184224137583
2,87,834,91.08732853717025,49.82129472422062,131.9515323741007,137.54943923141167,48.04021708196554,211.95854242620257,2.0,5500.187443346073,8.923793856653424
2,88,505,77.37263346534654,126.58581049504951,24.63619227722772,300.6581999129175,170.0429461143056,93.8470318913742,2.0,46776.49650971409,21.180971129035857
2,89,725,117.28803668965517,36.78461337931034,57.427292965517246,299.23066190435367,18.930589540568956,342.72895865950625,2.715644354185304,3466.236289436607,7.604270712968158
2,90,331,41.047514803625376,143.17000604229605,67.84346314199396,342.8984730634603,104.45086221779201,173.52860708163772,2.0,1860.4033055232999,6.5003043118149195
2,91,617,55.514902755267435,108.28358006482983,70.77157277147488,353.7384770282558,96.94623481817538,275.9581813676732,2.2299040668843477,2770.4975052943278,7.074026121114959
2,92,923,47.115766413867824,50.733884073672805,116.18736760563381,80.29902338365417,122.32295964587432,65.65008443940818,2.0,4034.8189190537782,8.0411174578672
2,93,98,73.00684183673468,92.91522755102041,66.6435469387755,56.02248186094301,33.61794663018757,292.77735233005797,2.0,1106.8551888515524,5.390771421067771
2,94,765,10.203332271895425,34.851864444444445,43.26589973856209,185.3659286293069,86.44424585665774,72.05809516311068,2.0,7320.058380562026,10.954985153057441
2,95,395,110.81759443037976,31.02148,64.89341544303798,341.79929640535227,155.2214845684591,22.92457197344539,3.326234332737276,27019.609475354846,18.080228286711044
2,96,602,129.5412757475083,28.52990481727575,62.48962541528238,61.1530973923933,164.02061702406914,173.85196316390625,2.0,9811.439307265693,11.358930727036158
2,97,1282,117.76135179407176,61.59556209048362,131.39029407176287,244.66778549516474,2.8562847597099172,212.3859151405247,2.4676463412984915,4891.125287636702,8.627869488270658
2,98,219,35.409899086757996,127.67378858447488,141.0196305936073,63.60694358826987,147.42297564960555,351.82434342842026,2.0,41736.57199603148,24.98981215331788
2,99,3,64.40773333333334,135.09266666666667,139.6076666666667,153.3006396210676,176.38188241047183,69.93035407762811,2.0,12.32268322163094,1.3438759299741079
2,100,267,95.81286779026217,40.29711273408239,144.49230674157306,301.5017778157963,90.83710261492489,225.6690854826789,4.5,4011.9029023667485,8.293249761902617
2,101,323,99.46997275541796,26.116135603715172,42.61674086687306,293.5273232782631,156.72457751747538,322.1519237196339,2.0,4960.819089350564,8.602511334710819
2,102,1050,121.1028898095238,45.09078952380952,38.76915428571428,269.29210075119806,136.29051008667412,358.6842744361524,2.384165882605033,4359.297795978316,8.385660293769616
2,103,711,76.28584810126583,40.634274402250355,31.52167187060478,119.96136336412071,149.674651171566,160.74586567466116,3.6182826108447426,20661.904266177837,16.193033301291965
2,104,556,94.64005161870503,109.62194982014388,130.65344244604316,198.22906505753147,79.40081007864475,348.1785122649061,2.000323114112752,2399.244191951315,6.74029388246128
2,105,423,143.2650354609929,134.6568888888889,81.30765768321514,84.44152169576222,64.98249756336841,152.14016882457457,2.0,4996.508911513964,8.75582856614799
2,106,207,132.76580193236714,137.28898695652177,39.63790724637681,12.25821637206967,50.77360833540144,77.96489520525778,2.0,6980.416716277503,12.746968974424176
2,107,256,48.59896835937501,84.742321484375,71.369417578125,179.91622031314114,50.027469302803496,350.43620788311364,2.284660301338558,2596.73004961783,7.0060052582107835
2,108,256,135.11805019570312,70.075331640625,79.489698828125,136.9187411595397,24.448468305091698,307.66304291238293,2.0,518601.80757422734,44.74815571141104
2,109,196,152.70427551020407,80.89735357142858,134.47104591836737,274.9089138905198,31.65141920782501,264.2460061793334,2.117738034667882,1897.878396771937,6.707800561021041
2,110,212,133.0794575471698,53.25815660377358,35.15513726415094,97.10602417400474,159.65986811914837,232.01285106970593,2.0,11409.899793957185,16.249067739345165
2,111,1327,33.47628869630746,65.19119351921627,33.852961039939714,306.18990442844387,107.44471774964298,17.044997032854027,4.5,5386.709811714111,8.81829641409108
2,112,233,69.67939055793991,48.061196566523606,99.51371587982831,254.56118148916087,129.35650868863584,49.76395093832168,2.0,23104.02167602111,25.70614700282484
2,113,402,157.71588517412934,29.273728855721394,125.40172388059702,133.10185291603855,17.791204374652427,338.8407463540384,3.275567613697785,27180.110226371762,17.555514321471247
2,114,988,26.97865096153846,35.63603927125506,40.80569817813765,157.96490660662664,146.19376821392385,148.52880818223278,2.0362960423111467,22645.35730811735,17.408528667225266
2,115,683,47.41442781844802,128.3817281112738,134.6879689604685,298.7977813198322,25.46068688388274,151.46915880446736,2.0,37877.47046122519,22.012827900533892
2,116,530,127.42962754716979,34.14234018867924,135.54398490566038,24.050220289273984,72.7742771691437,237.83939014378933,2.0,17177.172630198158,15.59964946639647
2,117,291,81.42226323024053,102.91966013745704,57.79198419243987,121.5002639772946,148.45302078867567,347.5031520906586,3.4260043067098316,1581.5187981009592,5.910761420653155
2,118,10,117.948395,62.446540000000006,73.39975,32.42748337928836,113.8849853748699,290.7523255075041,2.768903554499884,207900.3158023236,52.052707218181446
2,119,374,151.037528814385,66.37291684491979,140.636642513369,233.8666634542147,162.64549956370607,235.0088231339971,2.0,21933.914380291262,16.682416418324912
2,120,1020,42.2374568627451,93.2927888235294,41.00102058823529,96.77985979708757,38.95964397883211,136.99228662638868,2.0,5124.767926402663,8.757261081666849
2,121,504,20.992333692261905,122.43494444444444,78.91134384920635,32.45893697564292,64.36974721199469,300.4253330219066,2.0,123117.45260412547,30.63466776954939
2,122,610,114.82196754098361,30.011868196721313,125.07159655737703,322.73672662376686,135.72770962752247,280.7815109110047,2.0,21102.58304685446,21.531840438818723
2,123,1572,153.57121537150127,65.34820903307887,104.95861812977098,302.2659202267553,95.59413630290796,113.77026078270775,2.0,8131.9800928061895,10.447095408667344
2,124,419,95.26697541766109,116.9457014319809,118.3567830548926,299.48893082666154,115.43822729650982,338.1063270646811,2.0,32592.786238301996,24.546776693540362
2,125,616,98.82019204545455,111.91225616883118,76.31990081168831,33.99032012547502,107.79673501339573,38.7505458631292,2.0,3341.9095285856924,7.5084468601346614
2,126,587,95.30394599659284,118.80517751277684,115.43291073253833,232.94925180295562,78.70478906281484,83.80284863724732,3.684542509749217,109742.0882939433,35.40232146529326
2,127,300,147.45504,85.16490533333332,142.823125,47.69135879858269,35.56952026704645,219.25616623684738,2.0,4285.735028695855,8.910568246033762
2,128,626,130.64511501597445,104.49937428115015,135.46044249201276,221.32555135936286,118.48601966428673,283.5377578710553,2.0,4235.690470576574,8.285554612181487
2,129,953,153.53750052465898,115.86754742917104,54.284611227701994,49.38654867260007,109.12791038658327,177.50405030501756,2.0,6021.195453483148,9.15165019992635
2,130,1274,20.364408087260596,64.67588273155417,105.88227409733125,235.6389487522381,126.18176871526686,219.42940222678914,2.0,9366.314861776344,10.727234081636214
2,131,800,14.8554736412125,73.14448900000001,83.56318024999999,334.50724687701893,179.0310718719918,23.022935481541133,2.6585094300283756,22945.428820118537,18.988855131890453
2,132,197,147.2823893248731,63.58569289340103,142.32046700507615,39.007761143488025,5.819041612447659,136.03420192917952,2.004552197447356,13208.567747544203,22.369703060998674
2,133,331,24.167257809667674,106.40127371601207,131.73639274924471,113.41383945480773,99.23972395694211,143.71486817778143,4.5,2087.290882947647,6.417214896493351
2,134,1477,39.434789438050096,136.0382105619499,31.20049979688558,29.390986293878903,118.56633480324587,264.35513864507834,4.5,9430.375188448408,10.998349398334705
2,135,796,105.16396256281406,89.97498743718593,128.6412771356784,310.6549691645559,38.69681035744014,302.60856481526883,2.0,19721.85899771895,18.631573371948402
2,136,889,52.1124057367829,51.43343340832396,55.57147086614173,22.716479514019348,134.2253413839984,97.38008868110073,2.937614386677282,30068.906611091777,23.325118873049373
2,137,1073,61.68398238583411,36.3225091332712,121.85267548928239,178.00976549499515,39.26969103843534,207.35588094413748,2.0,5277.05408486128,8.74015955090349
2,138,678,23.223076887905606,132.26021165191742,54.06687463126844,310.04070928155966,130.432383965524,184.50824817024534,3.373429609803669,26641.78919691779,19.52812488789574
2,139,544,28.746102481617644,30.153983823529416,71.7728012867647,87.56696649418673,44.73581290992949,354.4426912196274,2.0,8985.717831884802,11.265924356670228
2,140,586,46.606920307167236,52.28125307167235,37.67592525597269,277.29085328677013,169.12376926612117,75.7710535847137,2.0,3950.876456007616,8.018603763229097
2,141,362,118.19231629834255,128.50418093922653,74.58791629834255,121.15561162709947,56.674099676139,252.1008737012828,2.0,40011.32928310936,21.199904587606614
2,142,1484,75.68239838274934,41.37650141509434,80.06180471698113,127.97743485103845,176.6916478575106,250.61736557524554,2.0,22500.860159186715,16.847040017190775
2,143,708,71.07383064971751,41.42225367231639,35.24490084745762,177.40298951150305,36.3361046130987,211.48132673977105,2.0,13241.918698709536,15.690944419614405
2,144,673,76.09069806835066,136.59959598811292,130.74880906389302,72.58638781015969,171.42044166322097,25.794317109775914,2.0,104100.7184969411,27.117616482700114
2,145,167,131.8093532934132,66.37155628742514,58.72572814371257,236.3866469099429,40.4579424300655,76.14409090215851,4.5,12151.864585393852,22.94394401631809
2,146,258,157.24060934108527,131.21824418604652,56.391359689922474,154.0982019894939,61.480716956977375,113.09746661372857,3.934586487172844,16486.44739243841,17.661029832614478
2,147,107,76.22222803738318,120.44651401869159,63.89727850467289,193.96113929571098,126.97916246962295,352.5534643058823,2.0,1412.0284709572838,5.8851264647280574
2,148,1231,137.98377660438666,112.3148489845654,133.58342339561332,184.43068236109104,166.1349631483486,305.65228283101106,2.0,36205.304899595336,20.485197938179255
2,149,651,12.874125452795697,64.24141612903226,48.91002688172043,166.1453010540632,160.473065015052,135.79983997840304,2.0,36737.898152265145,23.94938609734946
2,150,370,78.73827567567568,140.84515783783786,62.67616567567568,336.42294197365345,56.769230462001765,264.8165327423635,2.0,14043.093726229898,15.076311807483165
2,151,561,13.361611203440283,137.75351443850266,115.14102495543672,55.93685231348693,173.483758279789,331.50863818381737,2.0,8357.262263267172,10.227689218726516
2,152,374,76.03363395721925,125.42069518716576,70.14961096256684,195.75886843291437,125.78431253052383,83.77004772192872,2.0,3583.841041713467,7.674694346321715
2,153,1073,147.67989328890957,123.78537027027028,121.97632991612302,283.6001761312826,19.95717627880336,35.57891037508566,3.939498245458566,109818.04014057935,31.551014973946298
2,154,654,45.33649669036698,92.44644801223242,38.113881039755356,288.77092379362017,83.58207391484477,71.99299002853836,4.023567566422385,273334.88196387864,38.741944653286545
2,155,92,116.29426086956519,117.5024239130435,68.56014891304348,23.733749113760148,0.5910938208967864,244.158665781337,2.302516353262777,834.3380878450149,4.885868327027368
2,156,779,30.70170359435173,73.23063555840821,76.6888917843389,27.871159008049943,21.928123939159406,356.6366191748682,2.0,108568.89725988469,32.06599176093584
2,157,365,109.44444164383562,67.85162821917808,114.75321232876712,221.43312347566854,64.78200412812947,217.92676445947134,2.0,14280.533422322093,22.276052149868843
2,158,27,76.65416666666667,110.18092592592592,63.5302888888889,114.22229255024888,48.97177306767833,137.05927947274333,2.0,799.6180702175899,4.784659259359053
2,159,59,125.41245762711864,58.39665254237288,134.6073627118644,65.65158721301917,46.122670673111166,201.51136621929254,2.0,6927.725291635813,16.465341441749572
2,160,568,11.746774220017606,130.92772183098592,60.122200176056346,248.79138817360396,150.17892736086333,287.58099282932125,2.0,11562.233351412518,14.998877772238368
2,161,819,71.16198608058608,124.22387667887668,37.29662295482296,205.08295879643117,61.113249503624886,146.9740076825108,2.013783303073346,3324.782287243928,7.757943858055358
2,162,595,56.008285714285705,121.95780336134453,136.3302662184874,25.499482794768905,58.96510513847758,110.27522290400246,2.0,13090.755316690782,15.302992810403836
2,163,352,123.09724431818181,118.7114375,62.27821590909091,51.84339418210059,157.77032078910938,260.6158904994475,3.9296320328300753,3376.9036727771004,7.531456561561886
2,164,93,74.35515591397849,84.46248064516129,52.939138709677415,341.69874523617244,44.86512006000833,103.71995752445667,2.0,1888.3596832990097,6.3347971312291635
2,165,1227,142.05979136104318,35.04301988590057,65.65870268948656,91.06370275622655,143.99552799741735,89.35281797954553,2.141451058936249,19217.299631196707,15.443272803438772
2,166,1589,41.565188892385144,105.23192076777848,96.41995028319698,144.8821269669802,45.40180365549938,167.58399650760933,3.522528152402918,6228.681352678724,9.472017785150987
2,167,240,67.75384249999999,75.83027625,61.05432708333333,126.35133649453218,23.475549436272413,283.82910733795,2.0,1457.8735026338657,5.6853905931796715
2,168,134,78.77875820895521,52.3258223880597,127.9533962686567,130.23496544641432,42.657115076477446,65.70287120969823,2.0,11323.227708074926,19.535900847859768
2,169,1180,91.54934711864406,35.2369856779661,71.99923330508473,12.200781741899362,18.028374445404264,281.66500548249803,2.243832624108452,186444.5808926122,34.51651704274324
2,170,1908,72.20034627882599,95.47326703354297,129.16644025157234,44.21840555529354,116.85580317221161,144.44467818037944,2.0,6369.902771826865,9.270396362271656
2,171,1005,93.8673177114428,53.27727671641791,32.21391671641791,301.8682353041077,142.5399143858933,143.2681587204449,2.0,3922.3596524789996,7.99654346205392
2,172,119,88.33344789915967,57.9337605042017,104.01721428571429,344.7889193063523,52.0853360441524,275.49624384652185,2.0,14499.625330605873,24.41880455952642
2,173,200,60.0933575,128.420795,50.2836795,5.468494675130469,33.67900665512211,112.1251056187588,2.0,3283.4237742938944,7.605691547891364
2,174,948,43.34713111814346,63.812638291139244,96.38860189873418,111.16183239077293,13.747442689281804,12.439666605109668,2.8524214107061545,86112.40638043285,29.838537886369522
2,175,436,95.20023577981652,34.096266513761464,36.86636284403669,76.16387659189567,159.63493889606474,153.86877058465967,2.3842589001774335,3964.4844762027215,7.988761240371744
2,176,1058,149.40980308128545,139.64910784499054,97.82987835538754,304.8624027584293,175.4959019330828,154.79102304700547,2.0,17193.464685459312,13.832663304867197
2,177,193,21.821203678756476,101.05074715025907,139.8161792746114,41.02995877284008,1.4063327172890783,99.77697767075824,2.14272430518035,27040.934331502373,18.562323730835576
2,178,826,79.35360726392251,59.732273607748176,126.9097324455206,130.21266986325864,149.2751910767452,306.03427473049953,2.032145899815629,3333.836850115635,7.4811413040946375
2,179,619,51.93249612277867,45.01436817447496,91.43609903069466,165.9223963421623,103.57454612425657,16.253538190582862,2.0,24785.574720800163,21.362749295191193
2,180,803,27.035775815691157,125.58375305105854,130.12311207970112,12.558109863675533,46.835820810668444,252.04676479208558,2.0,20242.859498211506,19.634569544213683
2,181,879,72.27317781569965,27.712624800910124,133.57989419795223,294.24472952288556,50.77331349668224,231.18501300967688,4.321706103933861,21260.633461848047,14.814685330947379
2,182,239,162.7280618828452,94.64300543933054,27.706830543933055,157.76140096059365,115.65505209583925,196.50496427254765,2.0,23782.513424518365,16.564675061959697
2,183,1590,147.5029532197484,57.34191194968553,78.57704893081761,192.5949666016065,0.6538038421937697,164.81555214699796,2.3621594673998687,31679.450697287826,20.605964288375002
2,184,403,98.69623374689827,88.73481861042183,47.439458560794044,246.33579347793375,96.31732845377731,10.390833928246579,2.0,1914.585319798208,6.319223071005766
2,185,692,126.43285130057804,85.52023988439305,85.89853294797688,348.0199716516189,59.441590544868966,347.57821095889636,2.0,5260.080745465099,9.457217802819905
2,186,342,59.70833976608188,140.76301461988305,121.72858479532164,121.61074090797283,8.43216486271852,122.97902671429756,2.0,5108.124792061941,9.395652327378007
2,187,180,96.55221666666665,52.67725833333334,43.47140944444444,177.7749872178938,169.98337854826565,176.76428717896874,2.3933051078753964,23975.28435534305,22.08646617861987
2,188,499,15.549442375727455,65.61308937875751,111.64874969939879,263.66314166070197,48.49482595680756,358.53817200469064,2.0,15285.104485614902,18.443249350556794
2,189,1068,101.46547462546816,107.61120140449438,107.38666376404494,290.90211546504474,32.80775168638156,252.58570211222175,2.0784057972021746,196356.27321523448,35.01771077306726
2,190,316,59.75158544303796,126.81200632911391,130.9792082278481,179.1107608368996,94.74679912934785,295.82168404082347,2.0,16246.67344239719,16.286678425914904
2,191,693,42.917903174603175,89.4756898989899,43.67690764790765,165.1424924870607,103.14820943320227,342.9503953891057,2.288548569197568,19963.843668864713,19.139388389171657
2,192,15,138.10990672666668,126.87886666666665,102.12533333333333,85.83694614630069,48.441810943047635,359.0426313430673,2.075790339065891,3021.0775922165626,25.925738075200446
2,193,1608,100.4999745646766,133.5142555970149,81.76484322139304,300.7185894104485,104.4545926729092,60.79655106891203,3.633469237203082,5594.961820733522,9.018253157984537
2,194,594,152.34977799663298,118.78375437710436,103.99398703703703,222.01798128978547,164.8521199111355,114.79733090905862,2.3438620994405985,15569.906926357811,17.022216105684695
2,195,773,89.23258072445019,102.10780815006468,35.9406574385511,217.59109978836403,63.972878317726455,260.78259188061,4.5,8726.055278428043,11.340638536109354
2,196,106,107.5102566037736,128.17613207547168,61.25768018867924,344.5624166568327,80.26276824268199,307.9087350146638,2.0,1011.3851656872941,5.148270362494994
2,197,325,58.04719138461539,144.57412615384615,59.58044523076922,46.59158972439011,106.17037132697271,345.4103692997446,2.0,1532.4004999000617,6.06219869832773
2,198,53,120.01471698113205,61.39411886792454,118.37082641509434,98.17191634071452,100.42593381300621,333.7585303603601,2.4092463929788535,6411.249214216549,21.484770077231328
2,199,1211,17.90574699421965,129.01202477291494,46.038445582163504,12.832846048954188,67.3687358101343,194.92340909361818,2.00193409633472,4792.020381970171,8.446701071735925
2,200,328,143.54376112865853,135.12087499999998,104.68669512195123,38.72301936779329,112.71778220600805,297.31686777581734,2.3116861605164143,16775.88170399952,22.266701085513944
2,201,1062,17.751786905084746,84.45325574387948,134.89112617702446,269.7241809960118,65.95901903986105,69.18578359417104,4.5,12766.19798271647,14.586172986897557
2,202,121,93.01597024793386,73.85703719008264,97.5251603305785,7.58338948709969,44.946826878473516,10.597628194865445,2.0,83993.37288572386,29.180400488025487
2,203,1101,28.364777465940058,64.47832661217076,67.18690336058128,142.6236317349199,173.04726179863016,315.86793531565866,2.177843247149766,5263.760126289288,8.750665778834835
2,204,529,152.63353021172023,44.787602079395086,74.80940170132325,189.13428261389768,162.50447345551817,301.5160388577088,2.0,112817.90027640964,31.05099950061044
2,205,600,13.865794947333335,33.24324433333333,79.440888,226.0158062018437,16.13789975229651,228.95336583483407,2.1517321648699377,47412.71957726345,21.42560874117446
2,206,706,139.64885410764876,125.57168555240793,57.435008498583564,18.722606644438994,138.57385923447285,14.450503394712495,2.186196189361083,2833.562808039656,7.077660924425833
2,207,856,108.36268200934579,82.8709461448598,33.2451273364486,344.3654057168017,159.48929900484634,80.63788454166992,2.0,7932.128204217001,10.005482212237943
2,208,460,153.09185869565218,90.4172456521739,121.3152347826087,124.89896560006652,78.39117121801297,131.92040004083614,4.036221006009207,2578.4680923465867,6.9743354455082525
2,209,323,33.68675479876161,41.27584086687307,39.29718204334365,272.6698814893426,175.41680533136974,200.43027405814524,2.0,1908.2496912452561,6.705827221839956
2,210,1285,16.247507623968872,123.22972863813229,77.93989361867705,319.33766639745255,59.948580976785124,298.76270773666846,2.0,163145.2157174365,28.01805192105383
2,211,1613,142.17389518096712,57.51813267203967,125.34286137631742,342.10065547702226,129.3189196438052,353.14239139253243,2.0,55276.05020934254,23.520731967351036
2,212,528,40.16731022727273,108.69069981060605,82.72689375,147.6259908742731,119.81381817770479,22.208510580440652,2.0,23895.33717330379,25.314031564984493
2,213,359,128.53832033426184,139.33522228412255,60.47291671309192,201.8482185520943,7.696766423963812,206.61558425073247,2.0,11179.910646494252,14.615081020190393
2,214,1047,18.145689683209167,116.02619723018147,105.36992502387774,265.222765682433,4.716646260000434,112.0072741309971,2.0,5627.469788798642,8.941525348416578
2,215,313,104.13435335463258,87.44889233226837,41.17589840255591,28.879371231325663,143.41379088218,153.0050485364362,2.0,2659.470022618896,7.5130244670281146
2,216,521,15.76177400268714,113.75646468330135,135.69408426103647,88.22940532602414,140.6233968015758,66.89274643256033,2.0,52825.453411978626,22.946977533944292
2,217,993,70.77466938569991,127.13713595166162,122.74591440080565,176.4349766108043,154.84754569617226,103.2861106433555,2.0,4834.558089301369,8.47719861050493
2,218,568,43.598872535211264,125.29081161971833,74.62993785211268,351.8646063305075,156.42660593092097,179.31586132282294,2.182046942722155,3497.415869183144,7.659879253024816
2,219,798,122.75559523809525,130.69701378446115,41.95845037593985,43.82833298048898,70.78441723577652,280.7409876662792,2.0,3644.1783418988343,7.707975668530119
2,220,733,116.41060736698499,133.70349795361525,30.384954160982264,344.90913220559287,131.10043343226815,166.00382819531436,2.0,8365.175988520912,10.354799183105838
2,221,788,61.4070902284264,54.742413071066,58.177294796954314,66.46296263547565,15.62448699011661,76.39876659708511,2.0,5951.729705429627,9.11146751780427
2,222,590,78.31894728813559,117.5302474576271,31.63182847457627,15.178771398430566,55.19003681928823,117.24439268442768,2.0,19241.883755186063,16.646926461226982
2,223,663,48.042910859728515,50.65063348416289,64.25681402714932,246.60743272286328,62.391848671588065,50.54676467641879,2.539864466392807,3791.0305904633115,7.940313170849471
2,224,549,58.475787249544624,126.36671766848818,58.62907176684882,286.61929539740515,94.20458508262001,37.377805266507615,2.656106120922481,3091.085055522334,7.314288749498175
2,225,186,135.14016666666666,121.98162365591396,87.02874892473119,157.60017505979107,154.27682602747126,186.77877028408602,2.0,1760.173825095156,6.374422876848139
2,226,1662,90.99997797833936,106.91237274368233,102.31073158844767,176.39157750678862,19.546604888658475,236.35590563237898,2.0,6404.811749931932,9.346257092461116
2,227,705,165.27818516312058,91.41185914893617,131.90230297872338,263.5161286313994,166.81196423629345,114.4219261627694,2.0,18820.120966222963,16.675776818629128
2,228,177,45.76272485875706,91.9992197740113,62.96027514124293,43.314177393863666,174.46673517130526,327.62749744909223,2.0,1967.5474665886638,6.990421925474064
2,229,232,88.74111896551723,82.73150129310343,34.57877456896552,130.42775777959014,80.7827778270638,152.79651503859628,4.5,18661.090964995186,18.017942241357563
2,230,633,148.85097314375986,111.33061611374407,109.59434644549764,2.2097019963297893,16.257171157319487,54.362477308701145,2.0,4101.805911639808,8.03156161681567
2,231,1003,70.4530293120638,69.16508983050848,42.41375413758724,3.198602801515391,77.9612599625428,189.44940269923072,2.1668164761154776,3693.5150187827053,7.766325663085251
2,232,1187,133.81721251053074,114.25585139005895,47.108160572872784,36.04868332153402,15.841309227615454,116.80550585742286,2.0,84190.49019903237,26.707877320290297
2,233,990,10.847205347777779,45.212007070707074,69.04857202020202,72.55676168697212,122.62470375620627,167.41905869566727,2.0,5754.765883016632,9.166378678260683
2,234,338,69.17264911242604,112.48162041420119,69.7659550295858,267.2143995640628,170.77494972649217,118.98792188203576,2.0,3458.3402241846948,7.743901069553158
2,235,233,47.71492329399142,75.76074377682403,131.5961373390558,124.44675599339217,125.16400066188841,109.39051429755543,2.113434867577922,172092.65731427146,41.93530246178751
2,236,467,95.40007430406853,28.48026638115632,51.7299556745182,272.58875324778927,144.84063947736269,241.6262571820591,2.0,14588.185356592781,13.47338697125717
2,237,493,23.446676088174442,107.17436551724137,101.92872373225153,130.2561282628783,6.3231365899293435,103.32687896346222,2.0,23063.66563650964,23.474222914875924
2,238,950,75.90451831578947,37.61228589473684,64.11348189473684,24.574754740615123,138.9104607627635,170.5133075238026,2.0,60488.65180604591,19.95208130876631
2,239,424,39.21647452830188,127.31219999999999,79.33535636792453,151.08821763407605,20.916579441771677,142.43804660750087,3.4843965048518943,25075.04234132402,21.17322628025695
2,240,252,46.25569212369049,115.82071825396825,59.408838095238096,258.8513560442784,134.85761182763133,61.75251738877146,2.0,229478.9026885766,47.020291806099515
2,241,1665,123.70621987987988,61.88637495495495,93.96937087087088,37.49500609199218,17.54896801542817,123.5621188265815,2.0,7917.190328143216,10.296557905264272
2,242,809,76.94782571075403,78.24305105067985,95.78905080346105,157.98958620094683,85.75490597487826,356.81355598487556,2.2616938562850915,7761.275815241821,10.057181534031677
2,243,947,111.47244878563886,93.79457803590286,123.52146145723336,196.00360228008893,34.797361462001795,200.00802911976527,2.0,3916.3367811446715,8.036489747030966
2,244,273,61.244230036630036,119.2214380952381,114.80075860805862,27.99102978023448,105.78566002583223,98.41305757486492,3.9557490439480993,18544.905018458307,21.389551371669302
2,245,803,140.03897658779576,81.83272415940223,41.39471058530511,47.826376300478344,15.80477120709908,254.43382688741067,2.002535649124174,39071.09433063113,21.44665070829336
2,246,164,132.31890243902438,62.28029451219513,44.028888414634146,137.69217519629888,117.34063089684761,305.37909713420504,2.844968516893123,21988.81735800323,21.123786764680755
2,247,573,144.82780436300172,38.48495689354276,132.78159668411868,209.25584759066422,128.71789890955935,195.2238766826874,2.0,37372.988340041586,19.790618225378207
2,248,360,29.243078305555557,37.13564972222222,90.68090944444444,65.98425712388692,174.4694994192284,126.82493126046342,4.407304518162465,17729.932586292503,16.011710640798047
2,249,42,31.242850000000004,126.65914285714287,47.95805238095238,346.62582050875426,147.34600583573422,199.54864653660266,3.1380208484353584,1371.7064610228076,5.880019143626442
2,250,399,16.50613397343358,50.175605764411024,48.5804724310777,237.05883006830825,144.47659094680878,220.58325767173116,2.0,2436.4828071545585,6.782492140856598
3,1,588,82.65843180272108,45.38630612244898,41.91571700680272,142.7148848387052,170.3209815793685,10.955450255520653,2.4257429575258946,2674.2182261826347,6.9951878796069495
3,2,1102,153.32052268602538,99.34421715063522,83.38079854809438,268.13581224032146,85.51939447761785,68.10480402285889,4.5,5045.467148794168,8.615906559384404
3,3,693,154.92655411255413,139.40980663780667,60.81490144300144,111.5896050611357,157.88227963717256,194.25661663745024,2.4346983857072004,5867.734239991878,9.2153522333712
3,4,520,39.57774557692308,74.58037307692307,137.47713230769227,359.22180510981417,4.430018191193776,348.455169481215,2.047855898606689,34489.00592015834,21.235850107868554
3,5,461,125.515420824295,105.03338112798265,114.97208546637745,177.0790589120474,106.79488965616255,26.98219210580593,2.0,2387.2840092280176,6.777368647374845
3,6,389,24.185426824935735,63.889679434447295,68.54877043701799,246.33845562080126,100.60875891620297,90.11219660785402,2.0,23469.586936835258,22.970352430992687
3,7,489,92.4280044989775,138.39433292433537,123.7685644171779,104.78906335073722,144.69239194443148,13.444897469449263,2.060533392145006,14122.230792942482,15.062784295911214
3,8,103,115.48796019417475,72.95230485436893,101.12746796116508,165.9107477072385,139.7803233462298,312.10559244081793,2.0,6140.233857368111,9.258777407156812
3,9,1030,140.7109572815534,104.67677563106797,33.551869417475736,291.2073633633703,146.03573327126597,249.84567135120827,2.0,12536.221222874106,11.800445846875077
3,10,1341,75.49543430275914,100.60095324384785,40.772034601044,205.31522080078264,148.5906482195677,21.100289833752377,2.0,14707.098327876494,13.670257251868028
3,11,1278,68.7022285602504,48.62598794992176,104.96200579029733,57.573067879747974,51.687692537882846,334.04044615234346,2.0,28288.038813260915,21.20333239898098
3,12,2094,25.694766447946517,66.7457570678128,79.51831308500476,347.99051292241035,172.0193492391919,34.57873589541923,3.019818378303427,7980.39823324849,10.00731767044836
3,13,712,40.50204030898877,127.43518117977527,91.9043463483146,155.78012842695284,2.8690508654277003,291.6378147713442,2.1575745487283085,4160.361623164105,8.585349051045744
3,14,1394,57.507119624024384,92.71857510760402,36.560082568149205,2.0866220389479073,87.36807716659835,312.56616864650016,2.0,488047.77984111884,43.31987553729753
3,15,428,141.00557710280376,109.93355607476637,105.0168023364486,137.21570032270074,123.51217169076627,330.1532005655784,3.458086766090191,2549.8955206767732,6.877148905722922
3,16,1071,156.55039775910365,93.5879137254902,46.00585770308123,45.416339949751354,72.54928286747615,177.18203339328198,2.0,31378.36830554388,21.55957696372049
3,17,431,130.79148491879351,90.00000324825989,71.45719118329465,250.99193281983787,84.60314444444926,36.93191250863623,2.0,4530.483957653467,8.330788976725739
3,18,403,87.65404615384615,59.131494789081884,48.62639429280397,358.3822623919759,99.71545259133357,67.85989576169162,2.935527521597869,3123.0999794598124,7.904834768033493
3,19,1175,85.53801506382977,74.40844059574468,141.17763821276597,319.07673374742603,121.3621734499387,233.81871889288558,2.936753020797877,8189.2233856681,10.815467189564188
3,20,364,22.11957958791209,142.22277747252747,44.28113049450549,226.27091782754152,100.90575840218828,53.24672136094088,2.0,1615.3503458374535,5.9240325876604105
3,21,555,108.82874756756756,36.9979409009009,118.15649675675675,140.32422196711755,167.62471185665245,5.431867819131324,2.3477325452572737,3834.6427085966216,7.9856472085161885
3,22,315,34.59401791333333,69.87573650793651,136.7400577777778,209.49942897757478,67.20608739753166,320.7297664409741,2.1030289411243404,539655.1338053164,42.07224731923118
3,23,797,52.693873902133,43.55471455457967,54.43416047678796,359.694032366835,169.75408163021473,121.57061705031678,2.0,33777.350782400616,24.423012028182242
3,24,426,18.292333678967136,142.28504718309858,118.51846408450703,291.940864989848,144.32189310698325,108.17890395599568,2.0,343269.8466209713,41.32980758577445
3,25,311,61.256344694533766,125.15054694533764,33.16257170418006,197.7245438517221,175.56879628986962,32.2290914831086,2.0,232528.01819575796,33.7951832418204
3,26,341,59.69599882697947,123.33939882697948,100.67739853372433,106.73720688169794,110.13497323562078,9.60268302928041,2.467515365023363,2845.7971903213243,7.110659340245065
3,27,2560,130.09749375,100.6738471875,130.0552130859375,273.1179110531969,78.07151189285261,63.712371745849985,4.5,46753.911253767226,22.942799636097167
3,28,860,94.04196604651163,144.2924691860465,89.7946943023256,306.2660284338202,72.91108697329933,179.24424386759256,2.8918129133247903,8728.79415512389,11.586853657155421
3,29,586,41.623755102389076,143.546909556314,41.585440784982936,188.9591537196966,66.16983044142043,256.891787840914,2.82511445553473,3491.087784669738,7.951710535252681
3,30,203,28.71233097586207,120.38312315270935,89.4913896551724,83.0818729610518,27.328029251506653,101.66336926893074,2.0,11907.717573013739,24.426996846785272
3,31,78,47.73722564102564,112.65665897435902,66.84619871794871,303.354644589308,132.89455770487805,241.1602658102544,2.0,954.8786094323231,5.141336831386672
3,32,448,22.225083784598212,109.48315200892856,54.74202924107143,173.22089482799115,156.8959111594032,177.6828786055691,2.3524053256432986,126794.30020078293,35.64113321008417
3,33,719,168.76729542420026,135.21646564673156,138.8283838664812,264.519419279177,126.34417311540284,177.0777461365494,2.138519717206819,36352.79001368337,21.354148280857576
3,34,1051,27.573630637488105,43.13485328258801,136.65289914367267,331.31555418039517,69.513043685322,331.60299130083865,2.0,33314.5697503272,20.88221495043997
3,35,1597,90.37796487163432,39.80363249843457,142.20170839073262,56.54804874318776,150.8576852495965,332.27979320688456,2.0,48203.29621210535,20.26847658919179
3,36,743,103.23442557200538,136.0731423956931,53.053165275908476,31.849805693894137,156.35640891149544,270.37384163578105,4.5,34528.939761709364,22.451967705011214
3,37,33,77.51126060606059,43.80958484848486,53.31478484848485,300.39691324853806,71.03793446981477,341.3377675560976,2.264915854987817,1741.2100697349224,6.281886885473395
3,38,208,161.26567177884615,129.88278990384617,133.97849038461538,102.9237196759811,86.07531035925554,173.06551300110246,2.4869867497557014,46272.28554095747,25.805974895242645
3,39,594,119.32075084175084,58.43369932659932,97.76661060606061,50.87802821448817,120.78702040694934,7.591678926875929,2.0,3059.503410033331,7.268928274547487
3,40,25,134.6817108,51.087855999999995,107.269384,163.99017523835022,82.41798427849557,272.3712035241755,2.9236014250625173,45488.941506866824,32.28876811263082
3,41,673,159.97123089301635,148.52090475482913,36.627398514115896,4.709876317383372,159.93883641635355,292.03313866654094,2.0,101890.61296295858,26.94524316507598
3,42,1194,138.88799916247908,136.3770578726968,128.10664530988274,97.55914635124564,158.82670510982797,353.20534006298703,2.6794671426588677,35597.686047112846,21.494982741154573
3,43,494,99.97683967611336,129.690008097166,98.24912307692308,300.1586733662861,97.4425551311834,11.70834898786337,4.097586032619618,5957.904771354212,9.21330672596055
3,44,453,106.65180309050773,46.55629823399559,46.68778675496688,97.60738761539194,21.163288043427922,23.804314163653682,2.5570531279377655,2748.668716947031,7.042104972300137
3,45,402,150.6762437810945,35.572914925373134,138.7694300995025,156.92701100696803,129.73466042664904,200.72209698029462,2.0,15732.717497778693,15.042166766101081
3,46,306,162.3281749124183,34.79768790849673,145.1774019607843,255.33398707495934,90.42792911344736,75.4977226347191,2.955424684025341,63753.092516630204,22.750872631591893
3,47,920,73.6260127173913,121.61776358695651,53.81597065217391,2.8574255950029315,69.9443044936742,180.26192222687322,2.23052491026364,4480.869026103148,8.410292515912746
3,48,997,87.38856629889668,98.73254633901705,142.89241524573723,221.1130701718531,45.590272659142954,280.81044875533115,4.5,4104.087651189237,8.205363339693525
3,49,337,84.72021543026706,99.56082729970326,54.9060175074184,180.32314016424948,14.2453103094907,295.7589405615525,3.710943641052263,81809.5474047438,26.946325169679245
3,50,1365,78.41142097435898,134.19777523809523,135.8454783882784,293.08045823580176,50.029867213820665,117.31825820396783,2.0,320335.2288635647,34.96347045310967
3,51,849,66.37532862190812,132.33147667844526,84.20187703180211,68.19049306756698,58.946089470325425,139.78905360879972,2.0,33868.39606483262,22.835517548222132
3,52,1514,162.00461058850726,36.468267965653894,76.52653348745046,303.4813965670587,23.275667487389043,298.5055762294297,2.0,15988.307591662015,13.557320410769648
3,53,536,159.423598880597,63.90423451492537,35.16590447761194,161.17170001922184,11.845778930856337,63.389081875815016,2.0,150692.45625475992,34.4745589095474
3,54,1124,63.451187722419924,34.05843683274022,56.70127357651245,34.07367640052547,30.066034496096307,35.35235296743542,2.0,7113.701877213857,9.63545794601849
3,55,900,135.47749777777776,114.79010511111112,127.02658777777778,260.11197668099993,15.84373010603924,15.49954624883782,2.343241159491536,4278.010552000588,8.205627362856717
3,56,383,26.79080626631854,45.320161096605744,107.12253785900783,78.21939575194233,116.81216891791345,340.7523250177277,2.0,3229.5488046949513,7.4649231649277885
3,57,273,120.29128717948717,67.76920732600733,73.64540366300366,89.05321609458949,153.1851100306784,281.57277948476064,2.4444496863108456,2060.841799588671,6.495706004107585
3,58,1122,108.70734144385027,130.9570891265597,44.00063921568628,118.24677264170082,51.2914675360002,146.9484076816885,2.144284497449968,5149.1504558174165,8.882690500795823
3,59,567,29.59721111111111,85.95148624338624,40.17933668430335,40.73402372678389,7.174893239270386,61.20478815254363,2.570393829138604,3390.6087851175903,7.519811838794126
3,60,750,161.85845333333333,98.25009080000001,100.48343066666668,310.3925548429763,22.399398458056567,109.36449965631552,2.0,5006.9699332857235,8.658569834869825
3,61,651,85.93008571428572,41.24944101382489,80.9609138248848,240.42775358580158,61.102564628934,6.528668806149023,2.0,2645.5373413934194,7.002538206469219
3,62,623,89.13776934189406,111.0391025682183,34.440241894060996,55.72875429085443,150.79965866912013,94.89467710483805,4.5,6461.301449100573,9.452027896677308
3,63,370,113.21364999999999,46.16595567567567,54.08969621621622,138.696529618098,162.41482856202444,43.61002311526351,2.0,28426.55512684281,24.608115044420682
3,64,161,103.58377950310559,69.19929627329192,115.12739130434784,225.82004001604534,108.92148419282833,274.9454462306641,2.0,2342.703952770523,6.798534489063216
3,65,217,135.6788064516129,46.02032304147466,143.25663179723503,343.4345053485477,110.31275383294961,230.50602500840444,4.5,6230.979680462299,13.813473259564127
3,66,1552,48.141193234536075,110.5640536726804,36.176348969072166,173.70193496775747,41.37210730020431,174.47909708114813,2.4287797587337687,16999.619302123006,13.132445868988967
3,67,652,70.17600337423312,113.15068895705522,134.55592331288344,212.67004445096873,37.252775955435304,156.18355714507257,2.1758052204415965,3312.3558845668636,7.4540599264102925
3,68,155,40.43667741935484,44.87986709677419,106.35556064516129,209.97146227990442,137.74071804750363,21.71858287774866,2.0,84586.31481835151,23.67256617642731
3,69,13,49.58009230769231,38.657230769230765,105.92736153846153,150.09642778120235,169.8740894976826,46.5543602475003,2.6429613793134505,955.5681294598396,5.387134972694109
3,70,577,150.01346679358753,40.34295476603119,140.86197764298095,18.395222144948804,123.96769046790058,199.39290089550826,2.0572190937482517,72876.91955465246,29.92118988974613
3,71,826,63.11127832929782,58.66869878934625,60.31319164648911,25.57032773200934,4.067085066688218,349.603504202052,2.0,5751.490870002847,9.08606924251087
3,72,42,32.594471428571424,120.16414285714283,70.08274761904762,2.8038917784031803,28.375221000347103,15.30936486321789,2.0,1284.801436171466,5.48833362157096
3,73,797,113.96730577164367,89.39207465495609,68.31072308657465,173.1460337303085,64.19383737578796,351.1694915913733,2.3967506856485414,5133.844140189394,8.745485679001442
3,74,248,16.54209539495968,122.45914112903225,106.39776088709677,286.41326411802584,80.15321590624406,235.8091005801314,4.5,11068.042834408388,18.19937017408314
3,75,884,97.84622726244343,56.70096595022625,99.21858257918552,202.27293585593748,164.55526913629376,100.90068550323967,2.0,3296.827192198297,7.505088293729824
3,76,216,88.38178796296296,117.31052314814815,115.80764814814815,183.17965859107983,174.20939405282903,32.333002172907044,2.0,1111.4688269507715,5.195556232030413
3,77,442,61.691286877828055,80.45601764705883,69.35352647058824,123.05541551640196,111.2261704328104,268.17459358697073,2.0,33960.163095450924,26.665430097271
3,78,366,164.70368579234972,89.53531912568306,70.7374543715847,329.9659992822524,12.732710944800727,222.69007250027084,2.04382075314222,39979.923207079744,28.744000255304446
3,79,134,89.98991492537314,77.46115820895523,97.4646671641791,347.43877595497503,37.86540475903279,206.76586009467476,2.0733918866832695,37344.83829837957,28.32338315658865
3,80,105,88.42759142857143,61.36512857142856,72.30140095238096,151.61758501167796,170.58893462298832,310.7327364153193,2.0,1626.7494239017965,6.040467263943797
3,81,759,54.64570527009222,144.78714361001317,45.30831778656127,287.0237797031552,171.4898648994909,100.9988869482454,2.0,5898.816996922544,9.04109981227867
3,82,278,165.9181510791367,100.30001366906475,39.277930935251796,22.328783967064258,84.12093118566293,232.32454882991905,2.0,3863.6574151575574,7.907696748538922
3,83,163,5.405473062576687,73.32693742331287,148.22658220858895,126.37664589777408,172.84389563775667,20.73787513139875,2.987562560328474,7472.133743786672,11.414775578419048
3,84,734,38.728096730245234,96.39658378746594,74.02525940054495,178.48073299943078,150.3142703147523,289.3267687838283,2.0,6137.51866749926,9.205193829619065
3,85,250,12.859996814399999,66.3403136,126.7869032,87.75901579041656,119.05179585231399,337.13480588301667,2.2236820463192934,65256.3283582548,29.346887313134165
3,86,269,22.622275836431225,48.665447955390334,142.31177323420073,208.78530202814486,130.6045492649525,219.74494154248973,2.0,4354.195219862814,8.588515580642666
3,87,407,83.21207493857496,142.30963783783784,65.35949582309583,135.78052926579352,124.62864427099557,244.94513503823444,2.0,11932.396159085692,14.14208562286457
3,88,386,119.16341502590674,72.47703212435233,47.83782564766839,10.542153272781384,149.3758132394241,345.407991006097,2.0,3597.9094289644745,7.896498788565399
3,89,16,139.1216875,36.73175,137.81025,240.9956845394919,49.5557121471698,343.4616943181968,2.0,2314.0936605935926,6.6709697148960325
3,90,983,118.5707526958291,39.07003163784334,72.04327945066125,127.35818699026169,155.55609089971043,23.032172277386724,2.6464527290373123,7910.429595110215,10.47728998732414
3,91,467,32.85077473233405,32.49185824411135,53.642764668094216,304.8608912474514,108.41061750167789,156.3469575150103,2.0,19403.647278853467,22.487635113392177
3,92,214,14.840994710280373,130.47718691588787,95.62995887850465,303.7537653903649,106.06146558639807,213.42894917071592,3.372089839489588,2075.529201510627,6.51786683508071
3,93,1290,137.43943875968995,57.121992790697675,130.09992170542634,58.089681340043164,1.7406907140753436,350.4159490720802,2.0,6101.227119221216,9.267891289766416
3,94,656,15.933557831737804,47.0049580792683,144.83546173780485,318.2462092105687,103.62175193392122,95.71293381455109,2.0,11296.922697426051,11.966406112995434
3,95,481,102.75039397089398,107.81774303534303,112.697516008316,269.9750294957749,68.57563040163755,65.21898644944493,4.5,2244.2462457431816,6.584280122029836
3,96,1353,87.22139423503326,80.77381322985957,65.19602579453067,189.8682871890427,57.35674822162337,261.91192557383965,2.865573344663418,5513.308917606111,8.883443792884941
3,97,367,27.158695647683924,113.20414495912806,99.0107667574932,315.6532488135767,53.034712148391336,279.0916223753054,2.0,16125.206121141098,22.582163036035485
3,98,410,39.98223414634146,122.08630487804876,74.6668243902439,62.0206751634933,20.394095849847012,310.16020362988235,2.0,2529.4985448987295,6.962791771530099
3,99,390,87.9894182051282,49.160660512820506,60.708521282051294,279.90936113495536,179.2434786675424,84.54562699897485,2.0,2088.1822769974524,6.575730460790415
3,100,121,163.52062016528924,145.69622314049585,144.5965958677686,104.83077388680387,87.82078648309512,60.45857702112603,2.0,82641.77774203512,29.7364673473456
3,101,761,136.08870433639947,67.76426504599212,122.26479973718791,41.700102776386245,56.01234508135193,286.88250598541435,2.0,24030.82549113886,23.543802704155627
3,102,322,122.78598447204969,136.51641614906833,115.55994875776396,79.19532100362936,163.3308176774449,276.09227102160435,2.608025425178346,27193.210883886586,25.896406716016205
3,103,120,102.72479750000001,41.18783,73.73145500000001,226.05881817188717,146.65946914578169,303.96381071590804,2.0,1017.2951214327959,5.161504656271915
3,104,1132,34.24358833922261,83.42852402826855,94.88835415194347,12.793059412059229,95.91804554067627,172.77333580217964,2.0,6041.780563253056,9.225027349516077
3,105,498,122.53212530120481,121.01054518072289,37.19291405622489,12.100647954737518,114.85685777115071,309.39045509493906,2.0,3236.772174821199,7.53116228755853
3,106,737,23.163052459972864,95.86056255088197,54.97401004070555,36.30470529118228,67.90884208059096,131.15529782080597,2.0,3771.751628132776,7.894772381861331
3,107,568,31.80023616197183,74.82986373239437,140.7592482394366,95.10504073901419,52.52191567576672,230.90641784228802,2.0,4579.454306535025,8.591679487197284
3,108,1072,115.74688731343284,147.2240639925373,135.44352798507464,189.41322991282073,12.718207705224124,324.5170382796277,2.671740804749844,8312.397265366939,10.39751477390403
3,109,1109,22.71234668077547,120.4460480613165,115.5521328223625,352.2744651624748,9.330343214050892,331.71910089295835,2.0,144068.49628337214,32.138981804004544
3,110,374,22.531705204545453,137.6941026737968,142.48036898395722,93.2329768575779,139.1384236655299,268.2200366981562,2.222598980935962,76426.73183195332,31.214591823688753
3,111,1034,145.58627079303676,124.08340812379107,66.32741170212765,252.61611817513895,18.63833547468503,22.26877371086865,2.2503225952568515,3920.492400377041,8.01993047097887
3,112,1316,25.65949427757599,120.03989984802432,112.33383548632217,114.11801625811594,166.154774542386,38.51577973848026,2.0,264388.2718714734,36.13038089356365
3,113,1098,68.24903570127505,70.96071575591986,89.97991703096538,102.8979049619369,89.25296406527433,232.13841119983118,2.0,4394.318516333728,8.277398433347868
3,114,587,41.6622003407155,105.6182069846678,59.969815672913114,299.7193644747934,105.64248275321965,241.1833523750241,3.45312923105634,2615.7151945012843,6.94147731724907
3,115,1293,41.578496055684454,138.19238917246713,142.54199783449343,80.42710325992536,123.93502950362233,233.16456493315303,2.0,19653.03857083361,15.915085226521365
3,116,334,107.30358173652695,129.94370508982036,80.07948532934132,275.29060224190397,37.594556052712875,283.33238388854187,2.0,23020.450830849157,23.137612698926095
3,117,574,105.81565662020905,76.01306271777004,87.13500069686411,243.8435716139219,164.9446836511554,353.42112442060466,2.0,2502.6369641775636,7.167307750003143
3,118,302,79.5736632450331,62.228451324503304,106.25766291390728,130.79487270922934,129.3919171757226,133.09165461993535,2.6669449622204637,1956.9380438517585,6.5074321045855585
3,119,30,176.77733333333336,72.04622333333333,56.53642666666667,39.54651365518263,14.85044139644206,76.75729443922313,2.362190029886844,8519.242891260994,25.21326118181251
3,120,1077,86.41295515320334,90.43057019498606,119.30205051067782,91.72834182894012,166.76845306773586,214.87888477065897,2.0,69330.0157416817,28.1208056886103
3,121,502,146.39619920318725,150.19800537848604,56.170681673306774,312.82564164058226,175.08408380687942,294.98643265903695,2.0,16044.26902395061,13.290895696009757
3,122,461,11.808328810390455,107.19933579175705,135.68483080260305,66.563357072684,123.02937564998751,295.26324724104865,4.5,5604.490834499146,10.478798451297232
3,123,149,146.88076670536913,117.60568456375839,142.5298167785235,294.40692623731223,109.20747418841738,312.26928809956576,2.0,161405.67526508396,38.85293836938025
3,124,381,153.2406204887139,62.90340104986877,61.02788031496063,31.074263702221113,5.722304183205999,181.72340850902683,2.0,299887.041599816,42.35165644691629
3,125,719,102.79981154381083,85.65078623087621,60.57736495132128,218.765939955479,127.3894513689881,55.81304100838342,2.0,4359.351506321496,8.353216503297064
3,126,737,16.07593800027137,131.57740976933513,50.8684328358209,136.283488755696,47.25465803542909,1.8162679056645192,2.243223516654466,21753.490814746972,19.78308502489801
3,127,1234,90.75727423014587,44.8856989465154,122.78976061588331,154.03571392258,163.76274445365445,356.32448165247087,2.098841712689828,5739.193187864055,9.072742798930994
3,128,4,24.287225,23.100775000000002,28.399575000000002,11.547584417797943,67.05860479087636,304.0100568073409,2.0,36.58836936386946,1.708790575906993
3,129,778,95.59608791773776,32.82445051413882,38.13042789203085,241.83292871258428,26.920023494896206,123.19459726004601,2.009470404029495,15095.142782913324,14.19342220521972
3,130,1629,42.290069060773476,43.42841375076734,76.26125500306937,1.1584993305635294,96.33796623062324,58.38323044953412,2.490618380683599,35549.692296422145,20.96503511548848
3,131,751,149.71861917443408,126.43696005326233,41.21045233022637,95.9484137106301,87.34691210373857,269.8978086536588,2.2489295635244995,4218.192070730918,8.411607049805717
3,132,432,100.24288379629628,144.07415416666666,130.35044675925926,13.847692229250669,139.41283956498654,14.488379370827143,2.1540664793513273,22004.0974209434,18.146956033458192
3,133,255,169.9948794039216,108.2884725490196,54.595792549019606,260.9176001814826,92.94350560386258,134.5505778007789,2.0,9034.120918281975,13.389025683720186
3,134,1458,150.8554628847737,65.99464862825789,118.15739629629631,350.605930183803,9.710649849230151,26.370379006593602,2.0,43052.32085442906,23.801791302932624
3,135,1466,139.38451637107775,62.88784918144611,57.61370136425648,353.0629578990657,118.84497889324604,209.09835674529361,3.0514756035323205,6137.586141888407,9.217901700897407
3,136,546,64.6767675824176,129.6688901098901,130.49123076923078,157.24123551767627,101.27805426698748,135.09405076666857,2.8309183498343846,3183.0782705589427,7.704627397978091
3,137,1117,126.85336338406445,44.47574082363473,117.44837126230975,301.69409950352156,10.00473297191985,210.23380267925288,2.460123582313885,194691.03220698852,36.31242316122926
3,138,199,120.5170891959799,142.5683718592965,71.94079497487438,203.82721207933335,28.125118138824664,182.39364116113137,2.0,76516.38676549912,22.14456330497556
3,139,1223,80.00319043336059,89.4952976287817,74.2418789043336,148.60217377746432,162.4323988192943,337.20817048901705,2.384983775276377,173668.54162992124,33.896703059517044
3,140,297,9.11443038922559,59.25467845117844,134.39851851851853,45.170357389380925,44.74296935817344,11.075885203710225,2.0,6184.623431414461,12.18677238168503
3,141,1918,146.2529045881126,80.45362638164755,128.40649687174138,272.1526876684321,98.13925233700189,205.13514980483149,2.0,6859.686714841724,9.518043207720137
3,142,526,147.70264820228138,83.71980323193915,129.24032509505702,98.84780218543352,7.322721362306774,263.9805147915492,2.0228370447821025,1630717.3813314375,59.12510249635883
3,143,265,106.35624679245284,25.719896603773584,69.27112566037735,217.8455898179412,144.590275680716,123.89525644011077,2.0,1328.715723928834,6.056282919495588
3,144,739,154.30823981461435,47.006149932340996,124.74371177266576,51.35838822786374,156.15985815354387,155.21769446931245,2.0,25580.769520091468,24.13771777782331
3,145,383,41.29400457258486,70.50849399477808,62.28169869451697,263.5717679278661,83.98793262326465,250.99647361775789,4.5,20543.59407821751,28.64516371331312
3,146,739,26.65586897428958,147.36798403247633,108.88473599458729,53.704071917585914,110.64851966271294,51.02252306812118,2.0,9632.319732856911,10.758573298599318
3,147,1312,66.12804649390245,63.20793810975609,73.86411821646341,100.4379376135707,120.02004464592483,343.21013193082536,2.7575666448104545,6575.8938028011125,9.651235920617557
3,148,409,38.542074083129584,80.42228141809291,43.667090709046455,315.66023774944847,75.04509664766651,252.15856943872907,2.1852037848297323,3152.3927393819463,7.332898428406101
3,149,392,36.1928168367347,41.020312499999996,96.93994030612247,8.980298518124217,172.18808814102385,97.5909248689599,2.2043637815712485,3667.1596168754722,8.019089491580166
3,150,538,99.34837007434945,126.8254498141264,146.75249256505577,54.66401930725915,117.45201510828534,343.07797108712833,2.0,3469.5565823847155,8.07655267216497
3,151,369,153.5659647696477,101.9162105691057,55.65431219512195,336.27433954130345,61.65798323591989,318.62949854322636,2.0,2607.082764021195,6.899040674191348
3,152,2380,150.42597605042016,72.21003298319327,92.01404277310924,14.623795648105716,108.00777369668678,289.92697442952027,2.5877308423029404,8224.125987378566,10.193893485012959
3,153,213,135.5508732394366,106.19939061032863,48.54477183098592,333.16383474497894,54.66103706890577,258.52520449577133,2.0,2668.288441582987,6.93675014143014
3,154,186,156.97656989247312,87.3953311827957,43.47589784946237,91.67444821261708,171.79593297770194,104.40657580765357,2.4831646000939624,19760.002136007082,27.098508995038085
3,155,292,109.15918493150684,124.98952739726026,136.15437328767123,10.40437738237788,60.7623604693723,168.72257216592914,2.0,3275.7310035052615,7.6166129639084845
3,156,1697,32.519314717672366,68.78331838538598,42.857773600471425,267.8284994503804,48.33389373352676,35.38596072168896,3.1886015450411684,49235.05554491915,27.470214806451803
3,157,392,26.63437119142857,116.29707653061224,124.49913010204081,265.3046684636988,8.538715083292798,31.52469217086439,3.878367961803628,13650.679129985887,22.44236811199066
3,158,906,135.14473730684327,138.28327041942603,87.43249878587197,212.17292752486708,102.50005953646138,323.9975213493407,2.0,4571.369952181574,8.31035998808297
3,159,413,24.49845159806295,51.72250024213076,107.61102179176756,322.8629858265269,93.50965293764172,96.79514297669307,2.0,23538.70497545446,22.946484003212557
3,160,1885,156.2609474801061,138.54518885941644,103.18739777188328,146.82237489174383,50.405663962043526,245.1428572136757,2.0,41062.23731045932,20.829845068274636
3,161,974,109.9791815195072,66.24352002053388,121.41331642710472,278.8689376135203,136.39371631769976,156.2383618730764,2.2106983796433597,30852.99888194613,24.286432133087335
3,162,356,101.3622668539326,81.36319466292134,114.34019325842695,316.6082515943805,17.698040747657885,140.164869431413,2.046090367100803,1937.9642290823397,6.251931250976212
3,163,703,152.17368278805122,143.64868065433856,78.28935263157895,244.81310142274813,172.89674000517465,199.73700825504946,2.0,13206.920574428326,12.853500303063335
3,164,746,111.55460120643431,135.45302949061661,116.92693565683646,289.09108036438266,124.67056003118675,30.308486147139618,2.0404359640263148,3378.529829190867,7.509258987693919
3,165,1341,44.67093683818047,45.14722781506338,40.957550633855334,7.102121178325338,54.53026466736682,116.1229230445234,2.0,35343.26942054932,21.73030124516679
3,166,424,24.28589686320755,40.620915094339615,141.12850471698115,354.85625235313944,125.4587616444287,111.74380604221213,2.0,4562.177103295919,8.609710219191426
3,167,301,173.31790989036546,103.69322425249169,53.74496411960133,68.84303970918239,73.29299919906191,38.39767437157677,2.0,84109.85072402697,29.761982687144883
3,168,900,52.825266222222226,138.14661666666666,76.36505788888888,122.88403126824471,129.97727295684842,310.58425312911163,3.1275805406680943,5635.259048880533,9.038596873482271
3,169,480,107.33561499999999,54.48840895833334,67.75388625000001,271.66173373879417,74.28447226152194,15.870507152716954,2.1569517206297992,2354.845281157903,6.720992476554696
3,170,427,167.26071417564404,49.807762060889935,35.621508899297424,57.55105744239045,173.75689377765804,177.18658249778963,2.0,93017.87507586581,31.106465177153606
3,171,749,113.22955794392524,83.96716982643524,132.46304005340454,263.31665920069474,81.3899825654875,10.26279447095063,2.0,3131.6727306236426,7.45729608490092
3,172,282,116.1790719858156,146.01793971631204,88.58254361702129,171.4145099785158,161.10223269590665,33.313121059980816,2.0,2068.569769250627,6.497968269227904
3,173,789,135.6855247148289,98.30845855513309,68.0245855513308,300.38020961331085,31.092266336563018,227.09378297251814,2.595457118413104,3830.5644673131746,7.871942270676538
3,174,327,18.280797866972478,109.60718195718655,80.60858776758408,88.50088862056741,84.81687906145193,217.53593500902713,2.0,12232.413805277109,20.11588393859885
3,175,792,13.373715244709595,130.909889520202,61.90682853535353,324.98888469982586,158.7189946082003,82.94965586968517,2.0,73500.2701190193,26.925156015227433
3,176,751,96.75875334194407,117.37875086551266,61.28487150466046,334.3266057122279,169.12844648326143,329.4270173032277,2.0,79648.96611559503,36.91103335563077
3,177,1220,12.679796127704918,37.55898581967213,94.77533524590163,178.83893007708426,153.13825335866494,257.59185640813047,2.0,8068.10749166708,10.725534565998728
3,178,306,143.22881503267973,47.44233594771241,134.07980359477125,276.6660071773483,171.19110322233817,127.62396494074154,2.0,165448.86468770742,33.773757124067494
3,179,359,79.06147047353761,111.72436323119778,94.20611838440112,259.80556999329843,29.003152050982163,106.97556343198289,2.0135787534802345,2390.509532289843,6.737123872966573
3,180,515,16.320588747184466,121.52046990291262,114.92578252427185,287.1083599978961,14.13892057159323,127.06993922616229,2.0,8589.567472815435,14.02348068352394
3,181,684,163.6471798245614,89.85136476608189,56.50328040935672,49.728694271790054,85.82936789692408,185.92888310086047,2.0,3670.723475972584,7.738645273760696
3,182,438,60.244494977168955,110.87715525114156,119.57660502283105,183.37363292709182,162.8665764004484,328.06744084053,2.0,2179.1602795726612,6.5007553163819205
3,183,578,88.84127785467128,127.60089792387544,99.86109792387543,50.76766727601198,178.36694645360612,135.97352681317562,2.440233711447226,3173.7288966660085,7.5269781659534045
3,184,535,73.90493588785047,46.6572493457944,114.29862878504673,156.87576572490542,177.79425637850127,230.9462810754361,2.9594163013572916,3210.077119638449,7.622313493010187
3,185,1497,25.943153954575816,69.11981436205745,121.9408162992652,97.19278448937742,92.72612786729275,192.24166032295244,2.0,4986.420065201926,8.63914721909237
3,186,1204,78.76481486710962,91.34364318936878,113.01569568106312,250.05579089949927,179.63601324029807,245.03481546988158,2.0748075551621734,4482.558234331446,8.369735350568462
3,187,991,31.56773225025227,144.35500110998993,65.38290262361251,112.30192599521061,155.56891029834,270.08590377927766,2.0196405106351674,4968.404097818637,8.604708288491768
3,188,33,123.63087878787879,77.23530303030304,61.448854545454545,291.05966175077765,26.56888754129519,195.5087135055778,4.310945480110449,349.45088858410463,3.6263388060390107
3,189,391,65.81530051150895,131.09525319693097,141.05514552429668,83.37934060408972,5.33793484322818,196.19343801744537,2.6523534599661027,5745.720682632056,8.989221254632897
3,190,1730,36.3573414743526,99.6104585549133,89.69126231213873,227.7951227083544,130.86072954096448,235.06855612929212,2.0,212115.174924552,33.51564445943907
3,191,654,15.447654383792049,92.96114051987767,38.51581498470948,284.68692361918676,124.23690788344888,184.2781498270259,2.5698351590547075,51009.865364417616,22.898348697482742
3,192,336,25.87682397610119,110.75385803571429,42.14138005952381,68.47693959406666,73.31388456321285,193.2220389798551,2.0,80059.41377965141,33.63721357743034
3,193,125,115.62215199999999,48.3140032,149.91604800000005,134.67028669972288,18.02438332900789,0.28611895853729585,2.4439426427081763,1913.2610514263579,6.241507553694073
3,194,602,99.54467956810632,116.9749684385382,133.52566445182723,62.995440021180876,80.16773452333793,207.9664635157449,2.0,2883.650310681632,7.2976008999005115
3,195,366,111.63945054644809,145.38087978142076,58.767826229508195,224.78327723840732,58.37484877548976,301.9915365784215,2.1384678062261364,2100.882724798968,6.655549685006896
3,196,108,117.29077962962965,129.05452777777776,113.32149074074071,145.51809952778686,94.71727181704783,250.83447298532832,2.0,3152.3233925340965,7.57838024716348
3,197,348,161.6698908045977,39.868421264367825,141.64547873563217,263.85268384136634,11.75336316763752,188.36822851902824,2.3894572349373067,42301.803548789976,22.18530137301624
3,198,2250,157.21087647720444,45.872774711111106,98.5411664,50.74236574767012,125.32281259120545,290.6005686378601,3.7159157078711025,95054.48711114597,28.096563556468663
3,199,883,20.167699743035108,147.33476761041902,131.86201585503963,281.3766111415256,113.18299849326391,252.13961412208303,2.3096562115609944,27720.81019972861,17.257115405519272
3,200,974,150.1475338809035,142.37085215605745,36.63076293634497,127.79552598859456,172.7964134749114,136.1447102598629,2.399132378157926,3883.912096889721,8.145042822827623
3,201,265,49.41051962264151,134.99825283018868,72.52505924528303,23.02154319408625,45.54647018960637,62.346269889643125,2.0,4675.973810692649,8.459591846137005
3,202,423,112.85633829787236,153.92345886524822,110.03213073286052,338.33483142656115,108.00099794755664,23.449599212879416,4.220053293154469,164803.0664235487,34.53180315838349
3,203,517,16.874116895551257,136.3769264990329,93.5099417794971,315.0936077653609,95.811725212759,25.664202902953505,4.5,3580.155626753935,7.722163350264677
3,204,415,61.684598795180726,124.68347469879518,144.40346626506025,214.461366989471,81.24602760554046,347.2868470413491,2.0,10514.456413703621,14.202589156806042
3,205,1593,110.39344306340239,80.60308066541117,36.244891902071565,121.69116642643625,4.165586289452654,37.64866642123763,2.0,6057.4816808044825,9.295153286747661
3,206,1073,126.04078471575022,35.14196644920783,119.56265302889096,289.3541188720079,179.36254513357468,241.56576661995308,2.0,21797.63300002131,14.783036165269314
3,207,989,81.6562058645096,139.27263023255816,127.64134479271993,83.81684942047366,15.704032036210208,3.8400543311448,2.2713267966460022,18564.725798063988,17.090433904805042
3,208,513,120.68553021442494,76.21039376218323,117.08086744639377,199.74963643634274,179.68961243753776,80.44012080871087,3.6213633990641974,2627.049565400161,7.051934008308453
3,209,410,19.77229914634146,89.57268219512196,141.5427387804878,304.160642146199,148.34106372001023,273.8090122170259,2.0,8795.36158018985,11.5995185379222
3,210,384,105.67112395833334,80.55255755208333,100.07087942708331,350.4437461775147,37.14844232462964,297.25833675476633,2.0,2167.61381781705,6.903731734204807
3,211,572,131.0619143356643,55.23670157342658,72.62412692307693,241.49980932781637,86.43098771143326,242.9344020714234,2.7764068678086575,44208.85106583328,25.933957525351108
3,212,723,120.47146860304287,147.7139051175657,40.312715076071925,281.378259181558,41.205228150620954,142.90619925267862,2.0,8329.770128064201,10.37601966063828
3,213,838,168.45904218615752,120.72117661097853,79.222423150358,75.6640897029151,62.25044101211876,58.31866306912005,2.0,18166.941105841568,16.708067744025886
3,214,240,76.89989750000001,147.07947458333334,64.47588,138.26654144060493,156.28100927991352,183.33774715115806,2.3253610821974657,10227.57498807527,12.111298632133114
3,215,249,33.12866024096386,95.19753453815261,138.25420883534136,199.0968270192846,168.97013690966918,94.41953413784884,2.4036329359773623,3700.221345712859,7.899286785325418
3,216,831,46.82875523465703,49.72963826714802,110.46303008423585,294.18003026165474,148.3736650849852,239.93358839981948,2.0,27511.895863053836,21.547853391073513
3,217,1156,99.05848287197233,133.549080449827,70.59701401384083,202.09128853337054,58.30654122225238,260.9571896048056,3.493988044120679,4384.6286440237045,8.2015203705033
3,218,199,28.14388994974875,129.34037185929645,54.09476633165829,169.482528501357,51.21628124022724,240.91349503929573,2.0,1885.0856003792424,6.379031368424935
3,219,290,30.74946345724138,32.753202068965514,146.97497655172413,178.67696263354023,118.144239854855,22.96350352432587,2.0,68660.94837197146,21.91783099017881
3,220,1029,126.7739514091351,120.07353002915453,98.7526778425656,152.80713135348867,15.729566855385857,239.40263117069003,2.0,5470.783394667554,8.890832529191162
3,221,144,51.30614513888889,107.05099374999999,107.84122430555556,131.33138704531922,115.72322960666133,136.15752517364876,4.087414194606454,1816.3649658686036,6.186916923485328
3,222,782,99.5374212276215,87.08489769820972,48.40919360613812,136.9184264915255,155.03317661290396,95.43513247504684,2.0,797910.3012693613,47.175291417197194
3,223,778,50.15822249357326,81.3524086118252,115.03538727506427,128.16426803440726,98.0249822117988,324.21386141275957,4.5,4328.7292241936475,8.202023656909935
3,224,34,13.35927294117647,67.66700588235292,81.07069411764707,47.05336807410106,119.08156527972326,217.8273802388053,2.0,7425.957826972606,25.61116692309786
3,225,948,47.596616561181435,51.9419417721519,107.66561297468354,148.19447673459783,158.64482709369574,273.57565884901027,2.0,4578.255407560323,8.660593479911219
3,226,688,23.861620004563953,42.117101453488374,121.94258139534884,116.23686215023778,178.4969924718492,37.543548574964724,2.0,77808.92606803622,29.356726206479696
3,227,157,62.34410000000001,73.57656751592357,59.51238343949044,250.0318304017077,63.69740172461682,335.01476981736215,2.0,208804.07772175985,44.445370683346766
3,228,1450,163.7225476413793,131.1356231034483,143.73452158620688,35.09377788688739,91.71127184328172,101.58234745230267,2.202101978082303,17336.216385812575,13.128755359544854
3,229,263,95.95671482889733,100.85515551330798,30.179343346007602,178.328401421773,86.58557582134172,7.661768353803091,2.0,11734.538817664976,14.157007364084519
3,230,355,88.74960338028168,102.88644309859157,125.00152112676055,12.00195821966306,0.14275204486873028,195.8491154690441,2.0,2001.9225650456603,6.510003276795575
3,231,612,156.89862640522878,62.99644460784313,89.75091764705883,260.3656815984567,111.36191772588775,168.8780361536283,2.0,24995.1439814411,21.797727757477855
3,232,1092,155.03569963369964,73.78931456043956,48.59304395604395,104.94274063264633,162.9352227648451,105.01793895728869,2.062430688846357,6704.947278591158,9.434072980695973
3,233,102,30.369125490196073,117.28241960784314,52.521153921568626,109.4496994617504,134.96326423439615,8.290022565046904,2.7421319378278732,124665.21833013905,40.10757567595902
3,234,697,28.73631593593974,97.14898923959828,44.67946872309899,358.2231556513859,15.22517130698558,351.62442985721606,2.006008996799341,30639.844317505063,23.50976441701729
3,235,726,76.08456212121212,70.16552396694215,119.85287809917354,283.12687512049035,81.83469167813455,193.73857760216373,2.5064936993586038,3265.268164907177,7.439652035862653
3,236,469,119.61128869936033,32.8562473347548,137.63198081023455,107.54650440246552,119.39303762194652,17.184292939363953,2.0,4690.505546893549,8.470307299223931
3,237,187,152.90007111764706,77.6819909090909,94.86007219251337,346.9703769278975,167.9852462403631,168.71866634267684,2.194545843525063,16591.699360867555,24.922846861933817
3,238,523,172.11390983556404,132.67642256214148,39.86625047801148,151.66078882952573,40.34110283534873,218.84115531284522,2.0,10056.39702637408,12.465724334993892
3,239,656,25.13375553323323,131.62115243902437,134.79712347560977,219.38629814486316,44.88746448625314,259.8843627757335,4.313984535149701,13767.737631060547,18.231901151576945
3,240,1245,78.78772746987951,115.87280337349397,73.50500176706826,13.699188669941647,154.97799230907182,280.4622748039007,2.061541739038802,5820.995436954424,9.069502222224997
3,241,42,104.53787619047617,97.45207619047619,74.64967857142858,291.047518986348,104.53282421847247,90.50096184541907,2.0,682.6879622993579,4.404380422888759
3,242,463,32.59210369330454,56.58518725701944,138.07695118790497,98.5605987129182,122.55369624853415,216.52963417829326,2.0,11773.105517081705,14.144295542448361
3,243,347,77.69483602305475,131.16768299711816,108.92284985590778,195.39836671135615,116.10767688521067,26.25629152995852,2.0,1840.62647515843,6.172350663423784
3,244,175,164.42554857142858,116.68350857142858,57.76559714285715,339.4675871293225,135.65422377035117,336.3861514978154,2.0,1682.2761294621052,5.950911974515969
3,245,306,135.94083660130718,141.01142156862744,52.42561928104575,20.311907644778906,100.89759386165416,186.43120650667456,2.0,15593.89585462849,17.768196493130617
3,246,158,140.9645759493671,136.39974050632912,138.4641012658228,213.2308025363779,81.26169432753744,8.368423260208587,2.0,15687.302307243799,18.869733737955993
3,247,635,24.277970557480316,137.84584110236221,31.498902204724413,31.92560323857309,139.4054486757721,72.13884689845625,4.5,45113.987318975946,20.662576277193274
3,248,482,33.21686248962655,79.11390414937759,100.8128203319502,80.5981159799357,65.74302716879583,148.90963947805494,2.0,31091.08202412558,27.289376004066423
3,249,275,43.202783272727274,122.79647272727273,52.40751854545454,266.8831537515909,36.47396218842859,201.8322337324144,2.4953022334228514,1717.7394802004321,6.03836979374794
3,250,525,172.3301381904762,65.44438171428571,49.41449047619047,97.63403582121772,146.41664051017952,162.22141923772233,3.1625915937945774,5163.8138591111965,8.71723034008218
3,251,464,57.996727801724134,57.87571637931034,116.95617435344826,212.10053350740824,115.84028758449949,62.541053323747306,2.0,4744.699123946253,8.535094342518315
3,252,187,74.80187647058824,109.20328877005348,108.31973850267381,10.924124963518555,17.674730129088026,25.5722940125586,2.0,1041.5620574118855,5.1363645017539765
3,253,651,116.37934178187403,125.17933333333333,81.28178463901689,45.41285562107865,87.93957352865591,201.00897291418943,2.0,2794.892615734748,7.054762079453208
3,254,1167,43.04475724078835,95.91292982005142,130.4973376178235,283.39344036234047,82.11525766136135,211.4628799163587,2.808604015457586,5003.081808200643,8.63429431117833
3,255,924,152.529987012987,123.70304761904762,89.04432132034633,52.0207539301662,5.469660561373297,358.6221177196273,2.0,4396.671697824415,8.198412813754977
3,256,376,143.90995478723403,53.56476835106383,139.53082632978723,128.57927938562239,152.30042215620338,180.32965887772988,2.7972958763738762,10772.708875489805,15.998677027017003
3,257,1887,152.40987864334923,36.43814202437732,45.65774276629571,138.21012074342434,14.141175113852233,53.12245898882432,2.0,11481.64841494628,11.46577803400613
3,258,860,87.56974444534883,68.16708360465115,37.21816453488372,122.06815776733018,173.2835587852736,260.60613401566525,2.0,747266.3418335342,46.167153908276454
3,259,475,141.8189706406316,63.11140294736842,141.27506589473685,328.19197424043364,54.55402206448914,312.58513160914197,2.0,190849.59144010436,39.813450351779046
3,260,422,92.13144478672986,71.08771208530807,133.2696113744076,221.55111532319586,84.34481071199983,261.6794344991463,2.772074334145461,5251.955876108389,8.992433039311265
3,261,929,132.85551345532832,43.90485113024758,66.50903552206674,321.74521513343745,37.14410077044812,96.10429405833926,2.0,6439.773644401224,9.40200101405733
3,262,892,166.13018253475337,65.90391020179372,38.8272384529148,243.12883152404277,5.7952756777131516,233.93600282736566,3.940204722986753,98873.61719872063,25.755211840053857
3,263,2246,65.79682733748888,68.88090142475511,40.47542203918076,57.686284352097765,149.09774760968983,211.57770421853064,2.0,21014.471443075545,14.854026327067672
3,264,949,18.87331342170706,65.80975932560591,84.30331306638568,316.70733438904557,86.04286145396247,82.42948235545359,2.367031647539254,171339.2465276534,36.179846218463354
3,265,267,30.59185325468165,103.4426606741573,38.62969700374532,195.14689821481412,155.22466552200606,116.35700112644194,2.0,31815.056587735082,27.21304836042958
3,266,657,38.1412905631659,122.19869254185693,106.79154094368342,212.53493629398264,105.72260985567635,328.82733419802344,2.0,4278.450496269769,8.175439600310415
3,267,398,103.75990904522614,144.3429296482412,33.4130891959799,156.16886829908842,159.15476415308558,74.14039999971537,2.0,3145.3951656315708,7.359641955493415
3,268,475,167.23286391578947,115.16251789473685,38.42622694736842,278.7586421273617,69.69682332462557,87.15468676334038,2.018335357566953,16523.27589356171,14.600052965548429
3,269,1567,59.14747032546268,95.39611691129545,91.54283656668794,233.06521309302923,123.25853945666833,108.7274990288019,2.0,6490.124297096909,9.336847332142115
3,270,1034,62.631604352030955,101.65326508704062,63.510754448742745,170.60067523214346,68.50114920050184,40.086884737247445,2.0,4428.392907846047,8.336782637769835
3,271,224,129.90877678571428,144.69060267857142,116.38259955357144,221.00026288858436,69.76864536475341,336.4325385745201,2.0,30088.919397518854,26.22096893094842
3,272,573,99.52489603839442,53.42086544502617,114.29585497382199,155.7626158558183,23.53383693294558,236.56150339813237,2.0,194094.02217267084,33.16451217928743
3,273,591,14.552040036548224,93.59522487309644,140.67716734348562,282.2155139152787,73.37456087207273,14.202891763029776,2.5790179716764836,50204.49612204365,20.755266771748857
3,274,56,89.87818214285714,121.33964285714286,113.11175535714287,213.2772893958553,107.62441286710401,64.2763867935391,2.0,2710.1891123256387,6.983307254955483
3,275,384,43.83783333333332,46.77680911458333,87.32894531250001,49.971893322577024,17.232609427611816,334.77309911166714,2.0,3367.364151350732,7.574250444987975
3,276,756,16.745169619841267,101.4323458994709,72.20806322751322,112.73657579856322,101.64665172547096,280.61149182475503,2.506995751500525,6049.240690808912,9.528534935302968
3,277,882,54.23173174603175,55.02769217687075,143.43653412698413,34.879763091654105,96.45536515922099,132.77226374971303,2.0,22116.957213600228,17.207964178200953
3,278,1564,146.67128132992326,129.04656713554988,127.68554156010232,235.53983619557948,170.69426366002259,182.0814757819065,2.0,8928.26707641819,10.51096098700149
3,279,288,152.21474999999998,146.45268402777776,139.25245243055556,341.5367370453977,134.91795202340066,253.5760440195525,2.465308175231299,21129.919232334436,19.91287234676174
3,280,584,92.77618544520548,125.54349143835617,129.58121523972602,236.63303832339074,78.51365953288597,270.65010578726117,2.6452922729701718,33895.834744689404,23.897544660692418
3,281,668,104.38042065868265,53.830251497005975,142.1293368263473,176.82570674884676,8.48522836242802,61.20686726462373,2.0,3045.4556288783583,7.48618302884472
3,282,1552,165.18038101804123,106.13462203608246,119.89355760309279,94.53710072041535,83.77801298160426,208.3577812514842,2.0,6451.260017211322,9.327456287162542
3,283,179,118.78743910614526,59.98475307262571,86.06851508379887,100.79859718215884,130.78301124324412,283.03229345592814,2.875849241583012,1409.1522060556265,6.300828078543674
3,284,952,116.34051953781513,107.69225168067227,44.219170903361345,160.72803230016007,60.3917863590101,68.49905974296341,2.0,4003.6101136610637,8.116935972499626
3,285,745,24.138696511409396,138.72352617449664,128.53401033557049,59.6514046034203,8.226658974793406,307.3167094595168,2.0,161095.0035392759,33.02272584232332
3,286,726,104.75395633608814,131.24151515151516,70.58176074380165,54.46413862199745,3.2006019230455873,216.95490506342594,2.351409898641682,48173.42810109188,27.706558330314053
3,287,111,152.43752252252256,41.59104504504504,149.89501801801802,263.13076545495403,113.19064167834782,189.29600526035233,2.0,893.2065380768288,4.860767283184146
3,288,94,61.6007159574468,60.7618414893617,37.70990744680851,183.086011413022,54.694153197174266,282.12249507753785,4.5,18012.549968334515,14.60099660689645
3,289,307,75.751203257329,101.79791530944625,42.068853745928344,169.38630426744967,55.60964064698554,139.3122871355261,4.5,563780.5483332424,41.68218933039749
3,290,799,18.956873717146433,120.88134418022528,64.04516095118899,132.5229166191712,104.62842057183421,243.0416994653856,2.0,3712.3598507382985,7.74719122355162
3,291,235,22.210649224680846,57.00236,130.40201276595744,2.511125882173988,113.58549029016284,323.32525162884934,2.0,95683.63395906442,37.6117999386422
3,292,190,80.85372000000002,64.45577421052631,87.56219736842105,22.74417964928545,171.05881447638538,350.73371323418974,2.0,3492.4680694662025,8.498779477462746
3,293,490,75.4928724489796,40.518483265306116,118.6204893877551,203.66969879453757,142.3365623809359,98.58056584256187,2.0,75775.56825782111,28.71797081357784
3,294,658,91.8908320668693,31.257653343465044,62.11849346504559,178.63625361833866,155.63703272568375,95.46402191912642,2.0,7142.3695164366445,10.094470735233495
3,295,299,51.015388628762544,67.64086153846154,129.71160200668896,163.86283894030205,23.837022316727513,318.99817100084664,4.5,1806.950297482099,6.126651211537595
3,296,24,59.533404166666664,115.71595833333333,107.76970833333333,113.17530599430197,120.42679768286523,207.6191489357568,2.0,964.5346032635248,5.123227581738344
3,297,833,122.29188979591835,92.48814657863146,101.7466206482593,188.87935473193807,48.2841645699029,321.12720697291735,2.838234809727375,3503.358127117748,7.746763877542779
3,298,1707,58.18581165787931,143.86388224956062,108.23589730521383,150.62874946309813,171.70648458797066,263.6794333084058,2.0,6046.38892797143,9.241556910148532
3,299,1633,25.33408086733619,83.35423949785671,81.13744378444581,304.6362795886744,43.72135539684401,166.05964376369676,2.8938759690095606,658314.0597178903,44.32713987735726
3,300,1163,41.44796698194325,112.07538950988823,139.48951100601892,150.0888077406295,38.57738047762572,340.16372912671596,4.438481842208088,17313.194841286942,15.758973043476281
4,1,968,35.51512443181819,57.22576033057851,146.2364039256198,46.929956785441085,32.30048944889395,159.1886503669907,2.0,5219.131175941486,8.710347923018004
4,2,658,64.19862765957447,44.55451854103344,134.79502127659575,140.00175400672765,149.25542428102852,159.4517949961335,3.0358729305476713,3487.2399458488603,8.020474142294125
4,3,349,81.408876504298,129.94909856733526,94.65714727793697,183.9007678857662,92.88217457203947,323.9912604553009,2.1056920429271435,25486.401189590066,26.741440723919343
4,4,558,127.49407885304659,107.53488243727598,35.51964498207886,319.4984462382744,119.79773464588109,332.1180301925155,2.0,13523.292489235191,14.200513672997756
4,5,601,60.178357903494174,154.2901680532446,86.0905016638935,243.84567362034394,121.27474086381694,60.79428324057055,2.0,3408.463689686388,7.7529468161896515
4,6,984,45.457611686991875,76.75119298780487,152.5535093495935,318.1264109806972,41.33360750331217,146.62826720617122,2.192999859568497,8770.968412984885,10.907915287968791
4,7,536,34.663216231343284,129.7143078358209,40.17642108208955,108.86477811149044,152.71563389310836,211.3056830624325,2.0,3113.2038631661226,7.303199313835388
4,8,1938,132.84970536635706,125.95469865841073,120.42504643962849,282.9887610983754,121.29478680335944,232.23014929489318,2.0,6893.332214207552,9.556471753325901
4,9,736,146.8633980978261,157.16260135869564,78.93542010869565,327.0088379886891,136.98630565122932,98.05625552369838,2.0,9324.545684091792,10.756854094271292
4,10,223,51.614407174887894,48.94969551569507,44.12299417040359,162.79712359773293,70.76838334248818,282.4573331615899,4.5,1384.318931620585,5.581837998496934
4,11,825,97.12451999999999,32.75086678787879,50.40907527272727,208.6587784441533,99.01818296314174,231.06127963699754,2.0,30308.518314510307,22.2404830712473
4,12,378,20.99710203703704,51.155352910052905,84.71615132275133,132.9878662851012,24.418560222140474,26.35711479955559,2.0,18620.608329529947,27.39729513168452
4,13,527,124.9547191650854,110.78425294117648,151.1900493358634,290.8249853191777,1.8338157012074374,350.28813437826966,2.6585874723351086,10548.19106704226,13.615510193755952
4,14,1296,51.751623302469135,114.2765699074074,118.1348936728395,351.0150365827187,171.34895603532664,202.99704126557492,2.356729733175205,4829.0960577052265,8.496236481284566
4,15,711,57.7040288326301,29.69054317862166,123.36180872011252,350.77215498568063,15.475173557733386,96.56550154820908,2.0,21180.33210242817,15.211157690892193
4,16,195,167.44925128205125,67.08687333333333,46.19572205128205,94.81408349799932,97.68332906791039,90.01597580097288,2.1535029822973835,1284.8494953827446,5.499180045661707
4,17,253,50.83362371541502,139.35112648221346,81.86154031620553,32.074889792284225,129.0033337474995,69.3481800641187,4.5,1829.3970607142733,6.2883192831860955
4,18,272,13.671908591911764,40.32109117647059,79.63216911764707,192.7007402483977,168.53025859584992,171.3534879142006,2.0,9617.265356272723,16.34531006871635
4,19,92,61.43871413043479,35.37983260869566,122.03315217391305,243.99225360526984,147.46177141953254,221.35496967359472,2.0,6405.161936565747,9.81834327487727
4,20,980,24.307071415306122,98.22669112244897,73.79670244897959,208.1283975084311,80.86105347023467,242.74043803910467,2.3051395772407717,4239.544252285476,8.125347547484855
4,21,1680,134.14522976190477,140.1249875,85.2315025,88.70017820581275,87.8356647217922,249.82539928002777,2.0,5897.136653261831,9.043994202597284
4,22,361,68.03627479224377,153.8257459833795,102.16674792243766,358.67247127925606,141.95264601571168,80.14038200387833,2.539086145328988,3519.347477454333,7.871014035847163
4,23,636,114.65374198349058,45.50756855345912,63.51660487421384,126.24701751044319,18.534406036014527,300.5067962157131,2.0,329558.22211984865,44.64418723093678
4,24,504,151.85516360714286,117.5392863095238,29.987935515873016,185.73101328533755,112.12779908830547,340.2901391731683,2.1065897881247766,36185.464826623574,29.658379873140863
4,25,1442,31.336174694868234,99.97961497919556,136.29874479889043,129.0337018755201,151.29139370738545,218.21352294026735,2.0,5789.813464719814,9.165406762179861
4,26,434,82.88905184331797,139.4093801843318,67.55102442396313,236.99655784403768,83.72900253869598,318.1836920775146,2.0,2958.331039662226,7.2206518561331805
4,27,572,120.45862237762236,128.40654545454544,150.92293513986016,232.74923787058984,117.54687268183622,293.3854303050326,2.0,5107.808146161015,9.060773083377661
4,28,183,43.47333333333333,29.521828415300547,51.39396393442623,292.6922385318741,141.48192156088436,292.7281727616574,2.0,1414.9830771850516,5.739762140048491
4,29,411,40.43919440389295,65.00328223844282,87.93400583941606,51.144632491893425,49.21488266554678,359.6800959003142,2.0,38044.338148608294,29.537317222129303
4,30,344,154.53469476744186,59.4856965116279,141.88185988372095,323.63247749850774,109.39913813407867,296.71043954179834,2.0,21141.400234872162,22.060140832248695
4,31,1164,175.20479511168384,39.93137293814433,47.105312886597936,109.97278174556435,98.98694224025208,328.50005955513853,3.6441455355965475,8320.501769071507,10.724985533868553
4,32,235,176.83547659574467,56.839221276595744,153.25360936170213,57.45202081706599,20.42475525134961,229.75433109378173,2.178166440050606,13411.888171438099,14.03721754929188
4,33,1031,27.070436226964112,121.48016779825412,61.41278758486906,301.14232479726024,77.1087017219008,35.83468038501431,4.5,5574.72228119338,8.890203042451423
4,34,203,138.14866009852216,57.88158571428573,154.19788177339902,151.6287230905324,120.35771027748591,142.72898580649058,2.2508373129622203,1499.4440637225207,5.884165655183228
4,35,290,50.37338620689655,37.036988965517246,31.77725862068965,142.82219810654692,140.03598525133768,19.67998224792574,2.0,5486.218906870143,8.874703646911298
4,36,895,113.23153787709496,139.45369385474862,65.25093608938548,106.55398205085513,96.94089751793584,265.8909089720814,2.0,3550.540728595173,7.6386636068980955
4,37,516,33.10141259689922,47.30279399224807,76.27690251937985,81.60753440207893,2.954996579620095,265.61127475798924,2.0,2396.4809364443563,6.712401392079045
4,38,364,62.65314340659341,109.44561923076922,60.9788510989011,301.1160257832462,171.14452090775583,97.30184835338764,2.0,32271.316300868686,26.411282483955663
4,39,753,10.815913157702525,120.24564807436919,105.52255059760958,292.54614970064415,135.33873478338745,9.722475950569498,2.6475774744465603,4328.706630222761,8.571858669666709
4,40,440,140.85453363636364,126.29646022727272,125.39867477272726,169.0198861054782,66.91762717192877,137.0878526163558,4.5,1248385.547059762,53.83838908063865
4,41,949,116.67508651211801,63.96332792413066,76.4545904109589,242.8629029118088,168.92242374492739,24.86617146114775,2.0,6117.285374811197,9.418383271021495
4,42,455,88.68462967032966,133.6922,114.03501494505494,115.61043466896473,68.07056096156809,175.52059789410768,3.479216832875233,3202.6423262417966,7.373719051269249
4,43,217,146.20659907834101,143.55388940092163,158.2838801843318,200.54168538497942,120.9195598210951,97.76031657679593,2.0,1732.7545551700073,6.070353403622967
4,44,334,53.65946946107785,151.48280838323353,103.4748637724551,339.032783169312,43.797014800217546,330.21164084044494,2.0,1604.351265856836,5.872177064453532
4,45,658,133.67181003039514,154.42175501519756,49.31186276595744,171.57489377762462,3.497309678159284,256.21475248209646,2.0,12136.7581627866,12.568303136808042
4,46,982,167.2200905397149,100.5179197556008,97.42032983706723,69.73447654962312,70.78396913110008,273.8539720050353,2.0,6456.841570509666,9.949869489031963
4,47,1207,29.101205741507872,45.46145691797847,62.5321381938691,106.33794461085137,91.35520557272393,71.09207801920981,2.0,31242.339418861604,21.66109612994731
4,48,1147,102.78282850915431,117.0828326939843,64.62962040104621,130.34788864987115,133.0736879233278,131.13135523291433,2.4542555190150925,4902.293687943215,8.598835759269024
4,49,387,27.01147803617571,48.13306072351421,44.54752170542636,150.582504622473,32.00085101814256,169.31027985029868,2.769220178122796,2157.2944754086657,6.477888989108936
4,50,534,55.478660299625474,115.70760486891385,74.51010992509363,304.4522751729562,165.96585086386955,40.3958643500252,2.0,3573.4682028291795,8.079687127032633
4,51,900,53.575213555555564,145.22806444444444,118.71405111111112,318.7973243091932,61.90162904449834,344.71824532640653,2.0,4090.6053554675805,8.155525085733183
4,52,1103,116.88823454215776,153.08778422484133,143.3038673617407,359.7393749135075,117.0785334071083,110.43954436655812,2.0,224863.98703911225,31.939796936913893
4,53,534,16.96476483314607,41.39859138576778,65.47955805243446,24.329412804875194,16.961494280872156,154.2431664134969,2.0,13601.557975010624,16.761645126675752
4,54,821,81.15166686967115,102.4584981729598,50.09962046285019,303.2105872682689,170.8718115040769,157.869380884398,2.0,24612.087012070217,21.707498911535282
4,55,570,112.1781201754386,120.43268421052632,149.9784196491228,151.60385343669216,101.07756354687388,261.94906180880764,2.0,10255.118062324404,11.43623284454648
4,56,418,122.0285409090909,67.82798421052632,134.9492990430622,57.66174177535048,85.84564613122342,116.0275237085985,2.429861162054773,3622.884175752027,8.05545839850762
4,57,1056,124.44533238636365,42.29090890151515,39.7489553030303,220.10635950964118,37.894062099548854,25.940868878160256,2.0,102954.39341555315,27.134188480555583
4,58,117,169.09931623931624,63.15518034188034,41.16263846153847,358.15418800754543,35.59842400264779,267.7047384004206,2.0,869.5092574094912,4.802253102851992
4,59,962,158.92378898128896,112.25235665280665,30.94441413721414,108.49013983648454,104.16465263794039,152.8941621845888,3.5522302554421867,6432.58326200628,9.389425093164148
4,60,356,109.91836179775282,156.92398679775283,100.53834129213483,127.21298853576582,83.03831086921319,55.47024838478575,2.0,8989.774183725956,12.663542308389287
4,61,1426,83.2711598176718,54.71822741935483,86.8929195652174,334.9033982168764,95.22139696816058,66.7061839672657,3.6714536613908906,6768.090909619615,9.499820700694213
4,62,443,130.13796365688486,74.44645011286683,92.920230248307,155.3405797773675,129.41299432657695,341.9862871149854,2.398003803708623,3052.657621905675,7.327555189141136
4,63,772,107.21673924870467,75.73087176165804,52.608153497409326,350.3700156398005,176.92840718538403,34.45832495039851,2.573917032795681,3529.0396245648976,7.6938897865731635
4,64,495,68.74803858585858,69.35619212121212,79.26215535353536,50.59504430271334,17.392343280811946,52.95204981086145,2.1013775571910425,2498.87153131152,7.064801952402806
4,65,527,32.88387844402277,126.94148766603416,155.44711290322581,328.4332108226245,177.36431700263088,40.20029349552006,2.980786638160481,12894.0293782492,12.247133498648623
4,66,287,33.59187909407665,84.51546864111498,147.6960958188153,53.539677932399364,109.13857960704757,353.9275085588413,2.0,26665.025962534903,20.636517107143167
4,67,1150,175.09832350608696,150.6647155652174,70.5878924347826,132.02814029506152,60.497827431674125,339.479047838669,4.5,46252.187024512874,21.434402689043463
4,68,847,69.6817572609209,47.388462691853604,64.31706280991736,21.748113100801234,2.2281334024084876,190.64409798929307,2.0,3984.8456210624704,7.983564441220861
4,69,125,129.379816,141.821992,153.78979199999995,167.76310464709735,156.2214652410388,186.77899179728763,2.0,2698.1256176039024,7.27331946007159
4,70,143,142.81704895104892,101.53534055944056,121.15592657342658,111.45907998005784,70.76614879875173,21.01678138153103,2.0,17283.982088779558,26.168221686093656
4,71,796,176.4113900414573,144.2057123115578,86.75311796482411,143.8183033228724,128.7959235142755,34.61117313063823,2.0,13912.675632520259,15.419102191077721
4,72,996,125.84725996004018,138.02023313253014,60.0431016064257,136.91002178027586,158.50787944696162,250.77167338465827,2.0,508109.5000741508,47.02986961243402
4,73,415,122.04257108433735,124.11645542168674,65.73069036144578,144.44223244964556,4.962338608415919,26.76324338269231,2.0219955611652303,3320.2667343409207,7.8147059753441726
4,74,362,96.5343906077348,110.43624033149172,34.92836049723757,122.9772126914412,70.03185679053482,269.2139787107002,2.0,8861.887047825854,10.43200563572828
4,75,1245,95.62205767068272,46.20804530120482,54.88382530120481,77.80197711767288,30.751778329901928,158.61403378510002,2.0,4989.1609591101005,8.575006652166474
4,76,412,131.2739031553398,48.8158895631068,88.52830946601941,325.25496282153824,65.94790145009313,107.23254324181063,2.0,928229.2158788828,50.00451910776504
4,77,266,127.61852781954886,63.08481616541353,159.472457518797,260.093876776465,162.11271227762603,291.5656795602949,2.0,7815.953508341711,11.173533109894521
4,78,118,52.92614661016949,122.2547372881356,78.80755423728816,287.41572213070486,38.43081810125005,224.12883498467912,4.5,796.3368891886,4.770192968119893
4,79,473,91.86825412262155,149.09550105708243,90.1079355179704,42.51641658069833,134.00913112960365,273.9239230688971,4.5,1923.070497623477,6.369788454935801
4,80,533,147.3840450281426,154.7601919324578,40.72507166979362,75.7793155823373,46.5481830456823,141.31689359954925,2.0,6733.011903495679,10.515332449823463
4,81,672,137.01604910714286,147.14312202380955,45.03282380952381,323.0592809324057,98.71667533505892,300.832097766157,2.0,30858.248264627804,21.845041828565996
4,82,645,16.616771263271318,36.61061968992249,57.57623813953489,11.152238982572369,97.7620696557579,278.985390723413,2.3433523406410863,654228.0639062502,44.66284152228926
4,83,491,93.45591181262728,55.723101221995925,36.306104480651726,85.67347981475687,61.12508844057213,105.24781462803227,2.0,2957.7977454300853,7.799709050452492
4,84,1105,58.46517601809955,145.1426108597285,63.035792217194576,343.18825636665986,23.188358596663313,115.5383830293635,2.0,5988.969995827065,9.12158615075282
4,85,1102,17.076094841905626,106.60438666061705,119.58385254083484,315.8716520827706,79.33108855349157,46.10329998507681,4.5,29920.503241827035,18.941566178073682
4,86,695,50.287803741007195,121.5216474820144,34.94565942446043,174.98663311486985,136.9583314005809,225.45177124431572,2.0,9511.913991736725,12.635172470642294
4,87,438,148.67116210045663,128.90918721461188,37.66129315068493,147.7287710199584,123.6121100873038,227.44474271795636,2.0,4887.992500369188,8.690996938096804
4,88,1045,151.8064153110048,77.50033875598086,83.62995904306221,168.5394952178608,175.71615755148352,104.84885939318457,2.0,5363.542284840981,8.754712112589168
4,89,499,180.66671701402805,40.687808016032065,77.01435250501002,213.17482426787257,56.72317885797913,220.97337351132012,2.0,11790.728616163493,13.673547075727702
4,90,354,61.820412337005656,87.83602005649718,91.92071666666666,110.19986525467526,59.28886868457517,186.66516734202577,3.485574382230306,933177.2109520572,50.186590245284044
4,91,1345,167.55224312267657,131.49963271375464,53.86863553903346,303.4315337251549,133.2539743390577,89.91833478872313,2.0,5679.5203495637115,8.943092617757692
4,92,739,166.42584167794317,155.20179702300405,35.352411096075784,38.88505760146327,30.434803388363395,79.5370396865821,2.0,17530.076901068052,13.901414083748056
4,93,229,28.272570123580785,52.54654978165938,91.65035065502184,105.10474947781084,16.288894905219,75.30125275845879,2.0,8254.733111463378,16.08805162800196
4,94,520,48.79106307692308,36.62198865384615,157.23297499999998,13.31630759559526,49.75583428437812,122.1348470659585,2.0,71733.9076931568,23.77024919663778
4,95,765,84.01013999999999,109.20378209150326,83.95810941176471,5.650929081350378,136.128415844195,336.06738249580906,2.0,4000.637299281519,8.009792627234427
4,96,403,52.45651718362283,52.2252540942928,89.69849156327544,7.381367911566685,68.95800514538162,354.44835608166557,2.0,30244.93775882871,29.656373881759162
4,97,1236,50.36626828478964,38.174573381877025,84.4396677184466,297.4500925469627,71.43409472639462,165.87364751145438,2.669129862140142,13889.986283167636,13.239603305588739
4,98,369,83.05042520325203,55.009314905149054,44.208123848238486,266.5232668297252,77.14363135304728,348.9949781075485,2.0,22884.796833414526,21.98765526809052
4,99,193,78.48779067357512,154.08098963730572,107.60731554404146,229.2468025523916,125.63972667616262,58.781957454545484,2.0,1814.6237411314985,6.140756093692393
4,100,223,52.38780976367713,57.44826098654709,75.0339609865471,98.95345294755104,124.02777704503467,224.17302589821333,2.0,27285.585034146246,32.530007872339304
4,101,1021,148.12023898139083,61.25181900097944,46.49017394711068,242.3114308032785,159.6121372226981,202.98664269356615,2.0,5696.306146399143,8.952141607387402
4,102,850,101.82111764705883,148.38661294117645,33.03132988235294,354.54629224486337,124.40462089716215,242.32561737698194,4.5,71123.19645548073,23.47514580787926
4,103,749,92.59741455273698,113.7145126835781,138.52749933244326,232.51695605087056,130.49336922865763,341.20175701600624,2.0,4448.8251401641855,8.446102153932047
4,104,531,41.81723145009416,100.77122730696799,96.46930998116761,287.1338847240696,40.01263863206657,87.60106668306179,2.0,4681.610011727312,8.402003458439777
4,105,120,166.49652500000002,128.09360833333332,99.48358000000002,303.54259467834635,160.10923345490403,21.694693731480577,2.5058038177523363,1227.4039559714947,5.399195336112335
4,106,371,27.451191428571427,33.4846576819407,81.65115579514824,143.11172058686702,35.74363459521504,193.8807591477066,2.0,13031.54837777743,12.12709394851361
4,107,151,180.38705006622516,68.23261721854304,106.34367350993377,259.6169392749142,86.25261931118344,123.32820898180566,2.0,13998.140223978486,16.357240851171767
4,108,430,119.00812093023255,64.01168023255815,152.39735558139535,108.9690749538323,156.84221993008666,276.31521708931655,2.0413681774256274,3748.2984081120685,9.379113459061806
4,109,509,154.29966994106093,110.78164970530452,87.1968090373281,3.5714334998938746,102.28049820242462,112.5648871333408,2.0,4124.177596420915,8.210507048419172
4,110,665,24.688112843609023,34.798405563909775,51.86441338345865,3.093445515645694,87.30782579647816,288.8404140923127,2.0,19123.561393257245,21.565762687610647
4,111,197,110.50612944162437,74.72368934010153,146.46002538071065,75.49714757498215,55.2510037281296,218.2463826741281,2.0,1364.6147003531833,5.771504327117604
4,112,786,93.92551964160306,119.48125178117047,74.92331386768447,108.1660211367963,97.80128014326365,301.16958670872816,4.5,638947.6891050633,46.286385998513204
4,113,635,12.572680058110235,52.97363464566929,54.880989448818895,133.11796747929537,47.52883774305414,306.7969150742116,2.189926535508257,209969.68180791222,30.298596635845218
4,114,652,53.23335935582822,38.82599371165644,49.44111365030675,96.73727862599601,23.030413733222858,296.8882474801966,2.0,190517.30690551898,34.17424161124678
4,115,888,178.11996256756754,68.4404599099099,90.61330033783783,311.5014867190827,88.05322684402148,68.82984218164178,3.795804508107318,6994.0000341768755,9.675237183949234
4,116,387,67.63803023255814,50.830640826873385,57.84692506459949,67.02982393369267,171.32447023248224,35.617760219059946,2.0,19160.95509452286,22.502179763298873
4,117,152,174.37548684210526,133.97710526315788,93.51184407894736,92.96157487517073,146.31381573030546,124.36092788599237,4.5,992.171820760252,5.00931709082873
4,118,2229,49.68479107671602,130.144268102288,147.4407656348138,97.14749282116577,15.619966448947874,288.98678928772557,2.0,559012.1406721036,41.96269234449027
4,119,2167,117.27887812644208,42.13586958929396,91.1337789109368,61.44012955688453,179.4332830486605,53.500986885322234,2.0,29173.387302228726,18.04391140911173
4,120,832,112.56018918269231,92.70710048076923,72.0876733173077,218.78624733942735,52.867100983762555,182.86293669751956,2.0,5579.780524078358,9.03904132540547
4,121,705,16.162735251914892,105.47595262411348,57.53547035460994,188.50629907049805,126.21231416955015,265.6425666510724,2.0,16469.2590062984,18.829529430055704
4,122,1981,126.69827359919233,104.23490111055024,89.44388485613327,39.64082214556173,124.70760088049573,52.2605685715982,2.236676074959514,7306.832049192549,9.79974432206798
4,123,1296,159.86732870370372,97.96827168209876,133.65353858024693,80.1151571437054,42.30368952000461,9.993451021812817,2.0,6660.7225284216265,9.63835554635228
4,124,513,42.15721711469786,139.67614385964916,94.46869220272904,12.14040708875694,139.80170423020684,358.21261713664114,2.0,101659.25818455695,34.981457332707684
4,125,1227,120.10260049714752,95.04837465362674,93.17036894865525,233.88732906847954,37.81438551530233,119.90149885411039,2.0985249615253005,588756.2965909446,45.53949415050267
4,126,785,70.01444917197453,145.52221401273886,133.97761401273885,28.521595801561723,87.35604069956459,304.0806123314779,2.0,33854.648610404816,22.467400658440624
4,127,295,123.17555593220341,151.80165389830506,62.1119,213.62464718199604,172.86648760138593,231.75068718079314,2.0,25532.93303717108,17.893419363670642
4,128,372,86.17432849462365,145.30521612903226,109.0022174731183,296.26210104245536,37.91391062214628,60.712599239738644,2.329490392289263,85174.03560896708,25.35098866029374
4,129,1276,52.25636238244513,98.03618636363638,143.6087421630094,65.51263628605437,62.593125611294354,304.27430522181453,2.0,8105.584893297128,10.073074933045078
4,130,666,47.429681231231235,88.78851546546548,56.34350420420421,64.00996772406056,30.14294975013748,344.0201038162057,2.0,4820.084026973188,8.636264050283417
4,131,280,152.7441535714286,68.16292214285713,74.2151757142857,299.8823473991982,164.47029297653432,299.55112896056414,2.0,33962.62831486278,28.292973961054624
4,132,686,174.0440745626822,106.88165903790087,52.01687930029154,322.5178815242756,51.14831202882207,173.58471316002277,2.0,4206.3042023556445,8.545856369172489
4,133,731,47.357247195622435,34.42570601915185,141.89629001367987,221.48085639216023,61.4729411774905,228.7326954677187,2.0,3596.3935102558466,7.785392774616177
4,134,482,78.44483485477178,144.85215456431536,154.67927717842323,96.75023381503883,121.41069811516773,199.72531181917276,2.0,49105.42032455585,24.954255963614298
4,135,477,151.22001677148847,80.9440968553459,141.9621467505241,260.4971370759573,144.10627466202817,273.0257568866395,2.0,6363.224524044313,9.5135047036016
4,136,1216,15.390129156989309,134.62557154605264,149.5201853618421,48.23978879311063,50.40215677253503,1.3629019041357848,2.0,40343.977217012405,21.75083034679854
4,137,453,174.97682125827814,116.73873333333334,151.14106313465786,235.3037118124458,149.0204619112246,67.33043442276748,2.0,50066.30862723147,22.99791159034331
4,138,446,95.13788766816144,132.64072869955157,97.7250970852018,66.08551721682909,177.51188765734008,239.6685291370875,2.076183140151456,3683.4907382688457,8.762196619993608
4,139,639,133.36353051643192,140.2439530516432,140.09612989045382,71.4077084660058,164.57429116812366,208.31281759986558,2.0,3028.2696838062716,7.475729043190307
4,140,208,114.72309038461539,45.04916442307692,49.18013509615385,215.10208537304095,174.62606211881752,192.64288454504398,2.0,118865.10677082586,33.54686816508067
4,141,318,133.99754177059748,120.93036163522014,96.13161163522012,67.87993032638549,154.1635596193007,267.4191073494227,2.799419426805525,24919.154051497706,32.733351492918864
4,142,2489,51.91329433507433,52.97902008838892,106.40265202892728,206.61259193563416,167.88121405276033,163.84944251237386,2.0,9013.414379903117,10.461338705262365
4,143,222,11.366717131936936,139.86251756756758,108.21493963963964,123.46780276510661,132.27550321505595,110.61117743070051,2.240160629142981,15795.747688881778,22.465814710808697
4,144,203,140.6716699507389,78.09381083743843,44.514498029556655,355.9342133806962,87.13481103587858,292.24928486883493,2.0,1886.4215818562952,6.272502504376203
4,145,1305,121.5850209961686,81.2441767816092,104.44924061302682,247.75473014310327,62.79658044661879,155.16894677891267,2.0,5780.8535330043915,9.693453191008176
4,146,411,131.98527250608274,79.04364817518248,57.50731703163017,248.65634309084035,25.96470380541384,13.785373148340327,2.0,3072.6704098760706,7.3787478959608315
4,147,283,138.6494381625442,150.6707738515901,149.95927208480566,115.40380279124736,111.43626482018867,243.72832497100845,2.0,1888.2241760861232,6.471813144726222
4,148,892,103.87901233183857,105.2788312780269,40.554061322869956,150.53551612885914,160.1444599274347,131.70407399032538,2.1214425512541033,4636.702443955761,8.341219812340453
4,149,406,11.81472367044335,113.88458078817733,144.7506869458128,53.100917742755136,108.53051203710154,54.956975592911135,2.0,23655.385813860612,20.378937120533
4,150,123,75.37618292682927,156.7294024390244,111.41482113821138,291.0288755956271,66.80411519046376,133.80691580950165,2.0,14250.509630971188,16.374996350487745
4,151,667,32.98339470524737,137.77992653673164,32.01190374812594,329.1971925473991,27.67521979052453,154.1010934850196,2.006325583431969,57029.111367023004,28.32034971516016
4,152,402,172.87534893034828,98.88115099502487,115.52194253731344,290.01385399882344,126.92173851048506,204.75829773642775,2.1000057135485095,88697.76448953629,32.75728409887591
4,153,1276,164.65490909090911,89.80509631661442,41.710083385579935,107.11800983546395,154.3433509962869,13.534193301613811,2.2240923686182628,5632.909161521667,8.994922364689948
4,154,1466,63.7528838335607,144.1689365620737,147.892291473397,305.73779793498517,14.77874748810934,54.021317002750955,2.1217922907647684,10519.431196531137,11.646816515823552
4,155,1374,104.73615982532752,54.62738056768559,121.80172634643375,54.81200728739114,53.47829628316203,167.41497239090992,2.0,7064.5159649927555,10.062306214388792
4,156,681,34.12962019779736,132.0855697503671,99.58213597650516,36.242187509960615,6.831414001196812,351.85149018622576,2.0,446741.3209911155,48.83842900309952
4,157,547,154.65664351005483,125.33933089579524,110.15225539305301,271.57009228556797,18.45958348562806,328.1916521167912,2.0,3901.7865282795497,7.987343874707052
4,158,1333,49.116658651657914,44.55010465116279,135.44133383345834,71.72628429527383,6.3992859014221315,279.9225270844218,2.0,84899.75974855585,34.246834632332806
4,159,503,55.4986745526839,132.84739363817098,103.41730675944333,239.73053675540118,24.472561690258992,162.7965785556749,2.0,2259.860869706488,6.616193430024466
4,160,199,84.42766180904522,148.84962814070352,62.62075678391959,57.92592598416301,127.71963879772883,96.65576403789706,4.5,2028.7824151351751,6.391421761164661
4,161,210,56.48894380952381,129.8224904761905,91.98302761904762,45.33439737151776,22.089268057008816,275.15990882846665,2.0,1412.8704465513986,6.101193551593377
4,162,621,150.6439694041868,80.17970434782609,62.51393204508855,184.05810740169352,80.46958146683804,201.33274479141468,2.0,3709.1981061953575,7.778931674753629
4,163,701,22.754639491298143,98.39026504992869,47.01602196861626,134.59634152860846,107.02620993765755,8.979854687078742,2.0,138961.34461447105,35.27041217828698
4,164,1274,91.96284293563579,151.8112376766091,151.7918574568289,31.128130388075267,129.63111106616492,274.739276995735,4.5,10885.954722642891,11.781193676899242
4,165,220,122.05317272727271,76.63641954545454,156.4092545454546,54.14951979196673,131.14484767714822,200.9506852424502,2.0,1874.3710116758523,6.281191146506722
4,166,236,182.66755216101697,148.0304788135593,105.17698983050848,306.45906162869045,52.849270049964275,161.34544072817002,2.401352508792337,11343.952367286902,15.500252673103391
4,167,375,26.963101573333333,125.12078666666666,155.4451488,289.0781259999384,109.27982902784622,259.62006043736216,2.3130996387547555,3496.700635802521,8.272806797170928
4,168,1495,112.15592735785953,81.66615177257525,43.32634869565218,216.47730709769112,76.18234083354115,225.15981773044876,2.0,25485.773806949976,19.09878435568086
4,169,184,162.98438847826085,82.0185972826087,45.57599456521739,309.8489762114529,61.31392130611803,283.260376655383,2.0,16846.909262758036,25.941529281929764
4,170,617,12.27689246299838,68.16421847649919,76.68859205834684,3.1991088471332008,46.41634347294631,108.35549755247952,2.0,14603.431829054949,16.270208165726107
4,171,890,23.696466285483147,123.51709213483146,46.55781853932584,182.7267275360932,147.8396877010188,79.9908452447183,2.0,29755.450702190872,24.31262055870148
4,172,141,127.04131205673762,138.7691205673759,133.4988794326241,17.06035498169709,161.28577061643307,98.21331271607177,2.19734019108589,5463.634632851676,9.252194582843408
4,173,414,60.80979492753624,152.67092874396135,114.97482077294686,242.08169434160573,35.45066472082513,53.68948114852607,2.899151042758393,19822.140237171778,18.682836016499326
4,174,716,144.38093854748604,45.58554441340782,142.81251536312848,0.5683379667610611,8.984551101800218,324.757628447724,2.0,4564.877203831694,8.302245504716288
4,175,907,127.99279823594266,56.189266482910696,45.62029151047409,71.94339382194654,156.5916330078775,148.7654429679928,2.340481880591803,3588.96264912308,7.795740592001869
4,176,1523,99.59698187787262,137.38358962573867,128.5457065003283,339.6451835219625,56.84655264807727,74.50365629767892,2.0,5543.122574637634,8.892506975528041
4,177,1086,97.31576850828729,37.2630164825046,140.78138305709024,228.23941234248133,155.64578381971074,206.11573977717765,2.0,4577.845359070403,8.515961157010766
4,178,533,60.32029118198874,135.36639962476548,71.31394840525329,128.86130533156242,110.22951181162405,305.47270906525074,4.5,4147.463652942217,8.181571979744863
4,179,1993,19.40660755022579,140.59744957350728,119.50490291018565,188.20079879442125,42.38682828309711,334.79308292540657,2.2918823391036613,6746.39836873158,9.464602012006184
4,180,1169,24.460898361847732,95.18610359281438,39.55797142857143,8.65661600268901,126.5080202582897,206.8224280847328,2.1847216623713788,12257.839974437115,14.14066672758109
4,181,337,176.20468545994066,70.38618041543027,78.9359652818991,323.0399439014759,113.65402496638207,289.5049953002479,2.0,2368.464622071329,6.795641244720801
4,182,198,143.667,162.06690858585858,67.93611767676767,65.66549611381252,114.76321895333672,308.49145882242976,2.5506670691822726,58521.50834045273,29.688414489057863
4,183,528,142.63851325757574,141.69178371212124,116.43001136363637,53.00000014805058,9.799988511142189,73.47047356526566,2.1279874583552485,14915.253276062316,19.01414519172074
4,184,752,151.68403723404256,119.8749675531915,145.8018932180851,199.46313396917603,43.85168429038229,53.880630373071284,2.0,21007.238865715575,19.524428040191932
4,185,1331,175.07412530202856,42.0292033809166,138.9206181066867,349.3028637895533,171.02504887547553,264.10071475253585,2.0,421047.7998116589,38.62101823213684
4,186,573,29.99241010471204,131.51925130890052,87.48271134380452,51.27024930401754,103.03094969596295,268.923428763281,2.791058893348334,2884.833135573818,7.287004580448716
4,187,171,83.38193099415204,102.44402339181286,153.1173625730994,173.39705873702923,68.53605641426104,194.5758952432643,2.0,2624.681521908276,7.090286202879066
4,188,969,167.98930030959752,62.25234406604747,141.7113261093911,155.2020357527513,22.460803518514144,16.046162237564747,2.0,5083.92404144364,8.747150415270537
4,189,474,82.07787679324895,153.46490506329113,49.22577932489452,143.77698213547708,132.48876295836078,264.6044571746542,2.0,4457.045842899261,8.332757001661149
4,190,513,174.80830435672513,117.69023781676414,108.05533762183236,121.67526795283567,116.99522215269046,194.82432658598975,2.529987170315811,5871.4635571014405,11.506752720766528
4,191,353,10.942390917280452,151.192740509915,90.37048385269122,77.19737436022412,45.88200359273917,222.01486088145072,2.0,30200.580453258808,21.041874323702967
4,192,202,23.4716755990099,112.5250297029703,111.00199603960397,74.47656930434944,8.834713329695791,20.086059917076234,2.401380791782714,4377.016481405291,8.299000184114263
4,193,284,64.62817359154928,35.18736373239436,56.90703873239436,30.36234425827,109.06717473111475,169.23471485095416,2.0,64240.18959254647,20.046149424442092
4,194,795,136.15364528301888,135.45097861635222,40.17685522012578,87.18429497529829,28.700321857555437,221.84057502630304,2.0,3526.5280640541564,7.688706285930565
4,195,85,167.69421312000003,70.87334941176472,58.06351529411764,218.0425138382263,98.0642023186715,353.2637351132311,2.0,12594.926254598338,24.38872235807725
4,196,1030,34.64668038834951,52.025512038834954,129.6334058252427,251.73421059839168,77.79453291036364,289.4837222687224,2.0,6755.758376820095,9.493568961183472
4,197,359,87.66399693593314,73.67564651810585,60.73539637883009,140.57404055153415,151.00647707947797,304.2753257954408,2.0454793651333367,199273.8609668192,35.307979839269755
4,198,406,21.037887056157636,145.1078645320197,79.18104482758622,114.81815157150587,67.94885476414728,162.7075369293534,2.6803175964848363,11213.759378260886,18.13119576758095
4,199,1290,172.55602508449613,86.03175062015504,110.30730046511627,135.55738093604967,25.452675855047083,346.6625512902226,4.256252863922425,22330.807798593076,18.59352919479823
4,200,233,110.38085450643776,148.02241630901287,101.33349699570815,127.35197133121359,102.82001649181595,292.5430629633159,3.048763608419336,2182.30838045494,6.543968643902606
4,201,928,66.60094913793102,151.23041379310348,36.63830603448276,343.43558522900986,95.07904731962054,345.7102863860494,2.0,5462.7349810269625,8.875847212108047
4,202,765,111.93542300653594,50.54844640522875,71.81386418300654,10.508425269196833,67.96246322920156,270.3333490686904,2.0,4695.452394017398,8.448177929797891
4,203,779,84.06184043645699,126.63310269576381,38.40628985879333,59.91665774455782,127.37980346317741,172.19563773640616,2.0,3762.7094772629744,7.9498360772611525
4,204,567,147.66860846560846,150.00573950617283,142.50041975308642,157.4563197701599,42.733127680932306,12.43575337041766,2.0,37309.39746531227,21.967113334244132
4,205,657,42.683992694063924,107.85013774733638,84.14391811263317,295.72522939773796,89.95128844807219,227.6494623008027,4.5,3185.9994738663218,7.570110389829274
4,206,394,79.716888071066,157.67329695431474,77.97101852791879,354.49031050972013,63.00792153165533,40.72191576335529,2.0,1769.86262143068,6.15134644488739
4,207,302,8.829139146688743,50.44772350993377,73.58797019867549,358.04177500953597,27.5468056164391,205.85798915283848,2.0,100984.41715733655,35.60586060887538
4,208,851,112.7857882491187,140.34283431257344,45.914013396004705,24.361498642153528,94.20505171709272,32.492947176997546,2.0,4218.115221813191,8.093286500481371
4,209,612,23.038977128545753,60.48153153594771,100.72225686274508,113.54432771172337,119.81165478201547,169.8068533056058,4.16701504771339,17040.640200292673,21.747869599403398
4,210,1175,164.45250042553192,152.49118544680852,103.98952987234043,267.03813466161296,64.14649209525642,232.95477980050703,4.5,8921.508621342751,10.80096956073507
4,211,1281,77.40599742388758,89.51330405932865,93.33606159250584,269.98071766040937,104.38296076368,151.95703324769946,2.0,7999.172100068063,10.174315941589802
4,212,1411,17.16341592123742,74.47720538625089,65.42063167965982,168.52237402307122,7.350571379715831,136.2878446498973,3.899229314344711,52976.129957256875,27.427979703583286
4,213,1051,74.97107887725974,126.15893720266413,144.76873739295908,36.54288063761274,72.01188585357409,301.9533168217179,2.0,4589.387263793555,8.34099081295551
4,214,1366,41.39998243045388,70.15370417276719,40.27087057101025,251.13951826660121,22.71794501970861,138.0756837384996,2.0,5553.839865857682,8.886948466261567
4,215,158,92.97039113924049,77.24380506329113,152.56398734177216,17.953351954858483,83.6123824081856,326.09766378637835,2.0,2488.5109647904255,6.788295914223848
4,216,615,132.6210829268293,38.97823398373984,145.60641349593496,196.56264576836875,0.05200016490429116,307.2742043346452,2.1742201600047446,17303.917119468926,19.396718945908574
4,217,202,105.58196584158415,140.1126485148515,85.37148564356434,26.340267760136918,37.150823097298414,220.11364359214113,2.0,2564.897348498229,7.236311167454647
4,218,211,167.63812796208532,143.4610521327014,68.86007962085309,207.65295923875956,165.66344142292044,161.56310609621656,2.0,43021.40293176964,28.501304674250747
4,219,219,8.294781860273973,140.80797716894978,100.74154611872146,212.68310227017258,3.0822110383982237,62.55677494985555,2.3910598757832746,8911.207853031585,12.253898257923685
4,220,487,149.2089363449692,127.89458932238195,92.98821457905544,118.20866909823864,46.434365184716306,112.48869303369187,2.0,4585.393556635164,8.456656427681844
4,221,246,40.13077642276422,52.02494634146341,32.9609825203252,116.12759755741601,35.938332752157514,323.4650191922251,2.0,6790.027827823218,12.07470263209536
4,222,81,82.4619888888889,52.1177,54.12234814814815,273.65334920319776,19.336006651500067,25.357104670768503,3.9895095610021585,79307.99364483664,28.42024877894438
4,223,444,61.0031581081081,129.2708563063063,40.91516914414415,292.7086851643669,11.451491831302722,287.98333285307086,2.0,61067.80009497482,28.87443178189641
4,224,821,78.75237551766138,36.899650182704015,40.819838611449455,285.92120618393943,56.40244502920916,6.379805664807532,2.9600699271628144,13469.487393817788,14.234383366839198
4,225,1116,36.8263272311828,129.47374910394265,139.25200089605735,290.2787511373643,78.96849759857955,184.64984373587987,3.1412129519747807,5280.67651835872,8.850343643328294
4,226,259,160.4639227799228,161.41880926640928,86.86810501930503,294.08450016688056,160.9554260251937,209.3103326703432,2.0,8414.382165794776,10.883348385086274
4,227,1193,69.83187577535625,96.78888365465214,108.20101642917017,66.65633694212079,107.27947540489576,208.47671356276373,2.0,6902.0144583057845,9.630479641943348
4,228,893,18.539973593057113,82.24798118701007,105.27950268757,29.87373267899749,148.74023286178473,359.61703184403746,2.0,9400.64002759284,12.827891663976644
4,229,762,90.87759566929134,119.99178215223098,89.110306167979,347.9346072184133,113.42557797636753,213.26412409863417,3.834042479083723,6437.657890406256,9.507700203439818
4,230,1223,77.06523515944399,69.56909411283729,56.13338830744072,139.7491505107058,126.18179942404869,56.306352653783904,2.0,4342.1233013414985,8.168286964171946
4,231,426,108.71153779342723,55.702179342723,144.75915023474178,344.6831212719832,173.88106460636013,93.50406148940027,2.0,2176.3897705856602,6.521099999816262
4,232,378,67.4071208994709,50.498334920634925,48.45766931216931,171.3287860824354,97.93321828906518,212.69078148138712,2.0,17094.43756636968,21.00109610387362
4,233,797,179.89377377666244,60.61161794228356,132.79170890840652,172.83885278771422,107.06270013604625,78.9502981992683,2.0,7446.433863375622,9.852749883176829
4,234,515,145.70337864077672,117.63179922330097,81.61551029126214,211.62951495169702,178.45503672549802,143.07008221378987,2.0,4985.70371726976,8.572307539616302
4,235,787,174.83343277636592,89.70124294790344,144.13235108005082,255.57331323118015,106.64110749416393,267.4887428603126,2.0,71935.45309118625,28.27090310987471
4,236,341,93.12153900293255,152.4556073313783,101.99942346041055,184.9955124400914,177.2087492077535,330.97117548624,2.0,28053.19125725535,18.825213009505426
4,237,521,120.39128080614203,43.88301842610365,150.69236948176587,61.915350317220735,114.30861322847137,28.273195860895832,2.0,6081.368733989008,9.70711113177255
4,238,570,122.80965947368419,94.41832087719298,156.14176842105263,259.8782160555328,0.7606472609135095,27.307633383273107,2.9532508888565094,3106.3608781414555,7.370244526386178
4,239,896,128.22387723214285,148.43418660714286,121.38350837053574,204.29115448344174,161.15978377641207,244.06255901001805,2.0,14695.874940595932,15.297609440954837
4,240,63,168.09236507936507,133.62909523809526,93.21541904761906,8.338753543612176,173.529318391782,76.68799236351464,3.1486578029942636,743.245902752549,4.648894952785679
4,241,1617,23.04484233544354,151.6373481756339,66.80942987012988,279.88456627096116,26.938902025548074,39.88890875400725,4.5,25308.49492674939,20.031329776271935
4,242,1152,64.31886796875,93.96410633680554,53.934356163194444,354.17243789019983,72.07107744342625,213.49013392099198,2.0428539230042846,5574.993735389482,9.12469603079928
4,243,353,103.17822634560906,158.24933966005665,78.07948073654391,271.53527882035564,27.371693098843114,91.13837063580083,2.0198783926884447,9009.565916805028,11.536778993964157
4,244,980,53.30794659183673,78.98318112244898,93.18394010204084,273.5421518908496,96.82728190522687,108.69162526449948,2.0,127066.80643422832,33.95693878934786
4,245,588,54.448988605442175,138.35188605442175,43.11027397959184,208.04226023943662,70.23768040523672,161.38464923080437,2.1125376222310535,3009.106330056817,7.2316743167022794
4,246,219,32.9602065890411,154.8384493150685,95.95500000000001,297.91458342199417,155.2488518248767,139.16846922221984,2.0,61587.74715407208,30.68856764646452
4,247,238,114.45481092436975,138.58435294117646,157.33734495798322,108.7793364387752,166.3259570419062,147.25889454069437,3.0170922704980145,4491.220090995041,9.579335321340317
4,248,277,91.34565559566786,113.35059927797835,151.90792418772565,287.1701754924105,131.27931500967114,328.84874183442616,2.0,3685.310394783787,8.208978166677147
4,249,912,162.32276535087718,52.71908125,83.30037554824563,332.4648671512245,22.109958984629145,244.15656578661228,2.0,5151.171804333815,8.906439888690546
4,250,328,70.9673493902439,83.0835762195122,155.93271036585367,220.95639905010768,59.071648510817504,222.15350977871722,2.0,2806.6719973468207,7.197935532594587
4,251,449,34.38606280623608,124.48110913140312,76.44255211581292,187.8610789489231,63.85218271659859,275.56743612757657,4.5,3422.1585366293853,7.548082831970267
4,252,1012,161.7476353754941,101.74777450592886,70.47668517786562,288.73585346018234,68.83680602105011,168.32435002126545,2.4036417142490243,4696.281122268709,8.46650895348136
4,253,478,88.48712217573222,142.15562343096235,31.799403556485355,136.43276087152597,5.934079529883125,329.8670047572188,2.806714302455064,3566.593987650656,7.667415045426527
4,254,950,48.81662589473685,52.673147684210534,59.1919434736842,65.02946159028627,4.8422651798247855,184.54934272188478,2.0,3761.182148511571,7.840244205078914
4,255,701,96.49594550641937,33.81891312410842,69.99502410841654,232.1556269217711,155.06886636588956,291.196987686195,2.0,12469.838036719942,14.34910415468678
4,256,67,182.6588253731343,100.80883134328359,33.56455671641791,80.5334305500009,17.842057661978412,67.6834597724281,2.0,5419.386478250582,11.582051070095652
4,257,189,124.36879894179894,150.75760264550266,43.36967619047619,172.8429029795341,47.18634242853964,190.7666854550031,2.0,37706.301359076686,22.903246235614574
4,258,640,20.59785519375,96.63730906250001,156.66268953125,282.23934911825893,148.03682874385802,100.58548407840976,2.0,15361.646379575548,14.530397613776643
4,259,829,25.897123703256938,68.37612786489747,113.3640924004825,254.23737063897863,101.23707759789009,40.27824310328946,2.0,3999.9455559201724,8.197072645968865
4,260,462,28.343398005194803,53.95302099567099,44.55229956709957,23.53050042506286,14.579811212816267,273.4532533565525,2.2774690482616657,20525.836883094693,25.02677086281078
4,261,248,32.031664516129034,131.6954314516129,94.45622459677419,112.79082723864616,170.70847829543655,146.44116038072792,2.571362472732175,2186.3289965445947,6.545980961349122
4,262,335,139.64776417910448,84.05328746268657,138.09837313432837,49.737634931951035,168.60607948105806,34.05120079278977,2.0,1832.1740038352514,6.465061393106116
4,263,1945,29.640685347043704,132.8470478663239,133.53236606683805,227.7538814513518,32.467579813511215,115.43928950028874,2.428178440658745,81265.32574850765,27.945709620020555
4,264,286,168.44947202797204,137.95946853146853,110.94898986013985,337.00573074385557,98.0348910699474,9.466168360519948,2.9118969659495058,2750.9799199519216,7.5048117534759875
4,265,1061,57.952803675777574,80.11186889726673,89.53813741753063,46.442681832546235,48.84714960657925,220.80914634025808,2.0,4433.598062814064,8.405665521106542
4,266,573,135.7810837696335,97.3020254799302,147.9073504363002,233.19636329558858,46.427172985446624,278.8176504681977,4.248377251332135,17351.400963302734,16.98161297107479
4,267,382,111.09345654450262,152.93727748691103,150.78858638743458,129.020439169954,142.99105563798582,118.10084224141345,2.049330430715623,2972.584530816561,7.241089642275529
4,268,724,13.067840912886743,88.69112472375691,57.97746339779005,207.5479231865513,114.80069774640899,343.20541535260014,2.0,11647.583916598296,13.246849344966842
4,269,1205,177.88807441493776,150.78845443983403,139.93774298755187,314.58658156669486,58.62016066827095,139.39068199855018,2.0,65370.927944637966,25.52876782574477
4,270,820,23.199196932439026,136.5648304878049,51.79566402439024,310.64927597238363,0.7946267960285458,156.41458877163961,2.9725095528971073,20143.681407643704,19.530663750257453
4,271,1117,83.92759964189794,37.71742641002685,107.67163500447627,290.9863768346553,175.2260009495032,92.24148686391536,2.0,4666.567526982782,8.407850531785355
4,272,716,131.04830446927375,151.7025720670391,98.26286829608938,170.34245477308863,104.58670458290139,143.1529710598214,2.1415341460341666,24361.43622142789,19.107306458019224
4,273,1057,174.0529379564806,137.53797729422894,143.3721967833491,319.1764194308929,118.55940673466847,118.77560856593891,2.0,6985.128405755846,9.942838382305446
4,274,91,125.6740217032967,85.58820439560441,70.82092087912088,270.7394337410762,33.03843161012203,276.7425851738078,2.0527383832813078,24039.595588573873,34.954028658157874
4,275,328,173.4987538719512,145.26390243902438,45.69076036585366,216.0756512491512,69.66779592604034,286.8850688044124,2.49040135839988,17544.58835297679,19.53040251264122
4,276,1872,134.06691025641027,42.03031330128205,52.55060443376068,239.99842802221943,62.91326331706,168.11669104360342,2.0,33081.94052242886,19.523179570487358
4,277,114,120.4111754385965,107.98691228070176,27.52864298245614,241.40101779663078,94.9018278715082,168.52733569153014,2.0,4550.5291667701495,10.100676377824916
4,278,464,18.29874779698276,97.40215409482758,86.2102004310345,212.1411508827998,157.84705307816995,210.20721221529948,2.0,16916.376446783877,18.39488197531436
4,279,376,43.74205212765957,101.10888617021277,46.10768164893617,50.7853199570324,154.94180048742874,183.2537337898355,2.0,19426.196917519745,21.538013040891645
4,280,513,138.5729395711501,125.5446179337232,145.2473411306043,199.2972546747994,136.5493473258495,28.080906234824408,2.0,11433.436893737884,16.601083350303462
4,281,382,65.40772591623036,133.54917015706806,40.06306492146597,319.5608779429329,102.16077803669725,176.8076312341048,2.040197526259954,23897.22890844056,19.708044442288998
4,282,1023,102.81761411153472,134.47724007820136,114.63929941348974,240.710024925305,47.06571012720872,109.55931145299431,2.432282790777979,533612.8355657373,46.38526084045557
4,283,1234,76.82276717990275,123.08581280388978,142.53726393841166,260.73209587368524,26.704367143976945,331.271789137381,2.0,64428.02745622387,25.388829062231697
4,284,1220,15.22409573282787,35.34755098360655,104.0024287704918,12.376281788344642,32.353904322426686,173.60257408014363,2.0,4276.904474203753,8.1771454242949
4,285,219,183.3388493150685,64.59883242009133,61.02141324200913,55.09987636746749,145.81170290885146,266.3102978394364,4.5,1579.9669800170884,5.877775000066457
4,286,219,95.36407808219178,141.9782100456621,76.96940593607304,140.049759615286,45.04249317355495,315.35497066479974,2.5680731964527004,2087.168271389686,6.394994026358824
4,287,1193,155.08426547862533,42.515218692372166,45.31853394803017,210.30668057712523,74.30248297813446,167.4143769723215,2.0,67046.70165503751,24.220563169415552
4,288,445,97.68118764044942,132.89583078651685,69.20128314606741,65.15390618372295,90.58430553743774,278.0285120132041,2.592781043055533,160715.43390079413,32.714556999146936
4,289,939,76.96168913738018,121.26972310969118,108.64067422790202,84.49205187462249,110.1621434463878,257.16115880535756,2.0,4311.436865522087,8.206149636296926
4,290,1076,94.55877351301115,94.06597890334572,75.92104758364313,47.54393175647269,52.876089639684295,58.678157171272,2.0,7852.548210616688,10.138631021036993
4,291,207,59.739132850241546,32.23536811594203,152.47873429951693,146.07530838995058,56.607865325505614,284.8797166141334,2.4836559468322834,2350.1921597368178,6.87952437597685
4,292,1266,158.3727962085308,113.54350442338072,129.05541627172195,46.6166418672055,149.90939998253177,113.11346459735617,2.9230033347678095,5363.936188411522,8.850961274378314
4,293,578,156.6435311418685,149.03655224913493,57.50132733564014,198.38253223061554,67.47867577891293,14.592323451328912,2.0,5655.156785978103,9.522547278522753
4,294,556,49.363792446043156,42.947744604316554,150.78660215827338,103.85992893048424,120.7110770662674,294.8310793532525,4.5,26440.746907964985,20.37400059229971
4,295,1045,110.02225537894739,85.74249655502393,134.77808325358853,228.62121120350858,162.58458120235053,260.566722359383,2.0,413220.43100186234,45.45805145600215
4,296,173,145.81372832369942,153.53365953757228,127.19063583815027,289.060444276689,78.12618437479571,298.2816382708545,2.0,14683.230797301396,14.861522232334472
4,297,2548,150.82503021978022,40.045981318681314,89.02627739403454,10.814630450036757,132.4075845188736,0.4530351628482432,2.0,26975.913419445038,16.623323764102782
4,298,299,160.47352173913043,103.41298260869564,128.0111806020067,231.2989178643693,112.79859803666379,45.70497944324556,2.0,24306.6338319805,26.066598072415136
4,299,1307,94.62457464422342,109.17850964039786,74.75046641162969,78.5278226896238,44.633759274312574,254.41408529495519,2.0,281082.27016441815,33.778253549392645
4,300,249,66.49819919678714,88.69036184738955,149.76226907630524,230.6735007032278,38.5502405180588,152.5886990467709,2.0,3762.8480767948627,8.206534237594587
4,301,388,81.71326715463917,56.532099484536076,101.53181752577319,117.07973786535008,91.83595454432046,292.6976639982444,4.5,247696.89899915262,34.93792950942961
4,302,1164,156.12591580756012,56.170534793814426,65.20621383161513,319.47912186654673,105.79475007216739,196.7059124828915,4.5,4667.648481861399,8.41481396489558
4,303,1158,117.13975195164078,106.06551148531952,112.7492554404145,326.8812576341401,49.279591888044834,306.7411225687317,2.0,778055.4318363339,47.08692117513228
4,304,818,156.66853746943767,61.66557469437654,59.08634168704157,146.49010155038047,1.4739145128721676,149.9231967045801,4.017480253431836,122844.26947231272,33.44588216593853
4,305,461,148.73179609544468,52.305723861171366,148.46284772234276,222.7045554728249,66.1072804792585,287.48170760205534,2.4265511266363573,18745.03159126821,17.88275668467306
4,306,916,75.33544737991268,81.45482991266374,34.98637172489083,161.01568307321688,170.09122648737403,172.03143376263273,2.225431233873973,4539.6241936808565,8.719210912016711
4,307,1040,46.08683759615384,74.65513509615386,69.25717374999999,119.27465731767666,117.00080771620165,98.16581828032714,2.0,4695.277360812457,8.416103943488947
4,308,2027,135.88115737543166,39.83811026147015,135.88932067094228,140.53361544351282,93.94314004424119,41.41325234963031,2.0,31682.760790359676,18.226005040850165
4,309,1263,134.48947268408554,77.77949920823437,126.3829509105305,100.43911126082999,171.0926063899259,148.48874479539475,3.176975701484157,6463.060724928676,9.415107561125225
4,310,735,83.18180190476191,47.10727156462585,126.23195102040816,125.30199203216327,100.96977526250777,173.58852561287614,3.9681402121698994,3536.1218915272875,7.831816996483948
4,311,592,166.28421096114863,95.73926875000001,81.4015650337838,115.65574252296516,11.09437782885458,288.4196876691152,2.0,26305.623294895693,24.449985914437743
4,312,315,149.1026356,47.9047453968254,141.8488942857143,196.2965461426373,170.68141798857374,53.03146226337048,2.0,197686.47757819036,43.28870494126369
4,313,187,178.08278609625668,96.95344331550801,32.10272459893048,291.05446046719277,85.2070938516704,268.86077183079595,2.224078076126543,1767.9949751728277,6.067696869706892
4,314,530,48.26117735849056,42.56297,42.09560132075472,111.0116419351842,41.90815167149101,138.82934723571694,2.0,11295.935691690935,16.65322828985672
4,315,189,183.29244925925923,146.67890476190476,36.140990476190474,96.20391964486285,137.36869647563398,51.74489673965335,2.0,4016.682379533864,9.1481777190762
4,316,1047,35.39182497612225,152.26431098376312,93.81831556829036,295.0457567969871,171.3126293384896,166.36361815442723,2.5846633542134163,22766.891124020676,15.204354001339633
4,317,270,133.47048148148147,81.11378925925926,41.54153518518518,34.67537618332056,153.33857280642135,84.31273437352343,4.5,4429.469329973743,8.410836487881888
4,318,183,104.14658142076502,107.97812896174865,61.05510218579234,302.85503585411635,116.69223166860442,189.32772487760315,4.176974257846736,18143.77691014834,25.11952646750331
4,319,1284,164.64018847352028,73.23172336448599,124.12794548286605,63.7543600928471,149.62199593606036,7.7378136389905094,2.0,5667.576966200212,9.037652836444215
4,320,253,184.45147122529644,92.55730434782609,46.51520869565217,91.14008895893093,111.47982715702597,81.92683800621693,2.0,6820.7521348578775,11.455371548672568
4,321,347,146.5133064870317,119.57771181556195,81.47769654178674,109.82597292978532,81.85452889345103,251.49307826855645,2.0,22623.036577834613,30.063298821414136
4,322,335,128.18169522388058,84.70603492537313,74.97735791044776,72.83132822092,65.9431986182969,23.42555207337284,2.0,3039.286032642729,7.2487803172202305
4,323,628,40.911807568789804,58.51333582802547,77.39335907643313,168.91398044382464,165.866925344686,241.4327378116565,2.5632334674013695,208593.32248174486,41.770429019704665
4,324,1175,108.19963123404256,88.9359885106383,131.1795225531915,218.55256608483296,114.38642823601691,36.06275556775192,2.0,5834.388873766745,9.185478681537552
4,325,997,21.426373850150448,41.27459568706118,125.84137522567703,168.41047131876323,4.925945978945128,241.8674922112406,2.0,89814.68327498712,25.54531146552465
4,326,1289,94.47382552366176,104.14298789759503,120.87835608999224,290.873744071191,2.296511331448856,85.59058676367522,2.0,5811.955809227741,9.16807685883873
4,327,1269,86.60275563435776,58.03350346729708,156.3059962174941,150.25152421871852,11.990543525383933,314.6219991592279,2.6054135529931743,5294.091456445747,8.775238915912697
4,328,580,34.96791867413793,100.68930344827587,125.02838120689655,70.1886108026173,32.29666030816505,243.0563738009664,2.0,220852.51041074033,34.12260128367422
4,329,510,17.53795548156863,84.84174117647059,89.47041470588236,11.264472296955915,167.99745679063437,135.17861955768785,2.0,5181.321111172294,10.601927906538883
4,330,291,175.97475601374572,42.654326804123706,32.44340103092783,131.5677225762846,138.29416423522403,57.79761816028462,2.0,72500.59455266857,26.367638947834948
4,331,387,101.39606149870802,140.2807906976744,106.17151757105943,127.5331430162475,110.18281026451935,257.62027332476356,2.0,2906.774781408812,7.1485076225617865
4,332,356,83.67514747191011,35.031349999999996,129.13565730337078,134.01829556047915,13.072568712389447,26.22129820034733,2.0,11912.707996201121,15.421682928708364
4,333,1088,28.5584383804228,74.57926020220589,127.32283088235293,283.5151074840339,160.13703869467483,80.61586267010298,2.0,39966.699279959816,27.203553507936764
4,334,1380,162.81879855072464,150.9911304347826,133.88045507246377,254.5288416180912,37.03984457176375,14.920204311083275,2.0,5436.92453957095,8.827208391974644
4,335,1474,104.4983656716418,63.124686770691994,101.09227428765264,327.66428881023063,1.3556965543643118,97.8934222678078,2.0,6854.6569655123985,9.769675418952636
4,336,839,89.58279904648391,141.98444994040526,42.34833230035757,274.29636188179296,63.97009081875284,249.86494703356817,4.5,81579.88655680136,26.204013989725183
4,337,342,53.369640350877184,47.63383245614035,144.38961111111112,88.7690702112069,168.0775382053168,112.51651741684724,3.1409893875277146,5536.359253322883,9.10621257041018
4,338,797,169.3386449184442,69.70485533249686,151.62357415307403,298.200354599108,49.443272932987284,327.2162347537433,2.0,18691.017426952647,17.349581995887576
4,339,684,102.05104239766082,86.54489795321638,159.55541242690057,356.97890497418945,1.457492914992935,15.101275533116091,2.0,12195.096784509056,12.21911915862598
4,340,831,21.850665773285197,73.09416257521059,68.49057966305655,0.5148141900155379,107.36225772559827,40.892188138817914,2.7396219189911593,4104.820776343961,8.086458912716239
4,341,1585,82.82138782334385,85.12373678233439,139.8294429022082,353.2185017786496,87.6911177570411,289.90937531253087,2.0,5396.827241751794,8.880281816126299
4,342,663,171.57903535444947,110.77134932126698,152.6980366515837,169.12533624824837,106.28522564377549,296.65343424806025,2.0,46290.00482981385,22.35947816341448
4,343,1141,134.58235845749343,98.77080893952673,45.222354951796675,12.289638959830217,21.88598404604,8.29972373370406,2.0,5737.461911853133,9.197577729523706
4,344,1073,32.492450780055925,86.59148555452003,118.16432506989747,115.73271090375829,57.94555574322239,207.3684309792501,2.0,9432.114032479312,10.656899697567317
4,345,534,177.8852049812734,78.83227059925093,63.74439325842697,304.88269460393803,165.6475900946918,88.1925025126582,2.0,6103.269209161903,10.962224562332755
4,346,215,168.8092465116279,140.57342790697678,49.387999534883726,285.3107799244431,167.88757648496718,11.770889359041622,2.3798442071818493,24960.956300758065,22.810080204836492
4,347,736,97.10486997282608,42.30975149456522,148.81222432065218,310.6435001776721,118.01581842199835,50.270160367272375,2.748987044757467,35269.94652251935,21.023280386375873
4,348,434,166.6849476198157,135.860633640553,149.51629400921658,109.10922872948728,174.6067719612152,35.95504197793518,2.0,42255.06735426025,24.709176277979452
4,349,2838,44.06020167159972,143.6636851656096,49.22417061310782,109.85132552210838,66.14294470035009,64.50690237547067,2.0,475941.1617764455,39.51188302707771
4,350,432,177.74556916666666,119.74766666666666,46.56595439814815,248.996675233563,85.18244827350883,20.41867141739399,2.0,5629.509819727775,9.353743801965747
5,1,680,19.24759975485294,76.63990044117647,161.50726176470587,0.883233841346196,156.10041703772674,271.17991507220916,2.0064999454943067,20160.614743880487,21.69643734355545
5,2,1898,22.00567988408851,108.98120089567966,37.065070126448894,11.363910565493667,65.39982800583857,277.4463913510643,2.0,26502.654656964176,16.905142267290355
5,3,19,62.939857894736846,39.176336842105265,90.37985789473683,332.34987196057915,118.87819686281914,56.10266476833905,4.5,15146.939258164148,20.706939513070335
5,4,1128,180.64744237588653,108.38038280141845,58.757881117021284,1.0478501848803612,168.44436607905035,193.65284538976115,2.310072283094905,5045.688492290874,8.576242404726038
5,5,577,71.00038873483535,37.05376325823224,110.31181975736568,39.833134990845785,51.914043056362665,216.27907230919033,2.0,7148.2241571259765,10.195710187408482
5,6,662,111.35721525679759,152.7280528700906,132.7924773413897,284.92221172306364,1.7146853935006923,164.99472285094544,2.408923202601126,4295.490368446027,8.939306151117606
5,7,895,127.4895374301676,75.78572916201117,106.3950792178771,341.0084499966945,104.7401149221042,23.59030609412883,3.4558556269994667,3788.2402832024372,7.800201585165392
5,8,223,30.337108206278025,48.846778026905824,33.69100313901345,36.21014945728256,175.15570914954208,352.8367438508635,2.0,2111.4602244796083,7.261284862334178
5,9,1348,64.3005658753709,156.02752017804156,107.12108115727004,145.26004931488342,172.54108253438682,122.43984133159091,2.0,23149.308801271458,18.387917590026596
5,10,844,38.301156635071095,65.18633981042653,111.7333143364929,15.734453291461126,69.60280132321245,36.46399365888109,2.0,4931.232096209826,8.678006462056969
5,11,591,170.5704923857868,95.70177106598986,111.07520203045686,281.5572357305148,38.74524157115519,14.863066166568872,3.2503484768357382,3184.9915889001672,7.494638971464191
5,12,737,123.65673134328358,153.30326729986433,147.63761736770692,36.276493726398606,164.91418447382793,1.3650082638276118,2.0,3804.39221504136,7.908133466765143
5,13,769,136.03912483745125,101.8982188556567,108.39098920676203,26.74071149595715,18.541732616143292,42.062472195606794,2.0,4494.118862782878,8.452265559035935
5,14,1032,33.602646124031004,129.37757751937986,160.28041986434107,241.12765684060963,30.698381310197167,37.44821269858759,2.1051180928653093,14963.159396582501,13.301139437434975
5,15,725,112.67822675862068,54.08437875862069,32.62578413793103,283.39442787483955,176.0103975374676,58.034892893971936,2.0,15379.046198565109,13.688522773710455
5,16,1125,110.67741422222223,148.29572444444446,38.06769546666666,112.93920233338736,58.88223764838399,316.7966281322011,2.0033323653982884,4158.530415288497,8.197310393143153
5,17,585,136.88406324786325,40.31790683760684,145.70904324786326,304.92433522476654,107.4998732963131,84.11309736844123,2.452287240637321,43890.63751568342,27.02204479668323
5,18,946,20.296009447241012,88.78635105708247,119.04944397463002,117.15395337920609,62.698178310964906,315.478371648412,2.287111477542987,3868.4283904056856,8.127892838239685
5,19,567,153.6924373897707,94.96639082892416,65.35909082892417,218.09836358513115,13.551516339731737,359.51035367539646,2.0,4178.238079935151,8.132872228331829
5,20,468,42.506547649572646,40.81719594017093,140.015275,240.2241176132991,142.73765747705474,57.7284157811279,2.0,63331.70320335221,22.670711537460424
5,21,1082,105.14474140480591,155.39847689463957,64.0207061922366,250.07863437779332,25.44437438717816,12.038872907087379,2.0,4180.570136889527,8.14244837630026
5,22,202,124.43685643564358,150.00773514851488,148.5125099009901,168.42982733022495,155.908981483127,113.668391028603,2.0,32992.62529082511,25.47687915112347
5,23,495,106.0320797979798,84.30569757575756,26.70405898989899,133.49421798315734,163.93289279523628,180.24372671027842,2.5221290231082483,13963.33058658187,12.697869821289936
5,24,917,161.19139258451474,43.456365539803706,37.22609967284624,253.22505415267784,118.13606236273439,134.9837373292708,2.0,27091.690182438004,15.4663012392945
5,25,1427,53.14254954449894,83.76888227049756,39.39635522074281,329.23142980260144,94.46898808234332,296.12680768497023,2.0,17572.92537374026,15.192489163377251
5,26,343,133.2938192419825,69.18163819241983,128.9440521865889,119.49032576848913,68.03313897190148,196.65352167308473,2.0,21155.74600634274,28.037834326886962
5,27,428,87.92349789719627,85.883526635514,63.42174789719626,255.65517182082607,25.849652268067455,190.13206899637098,2.0,2633.9187101301077,6.932820114242527
5,28,764,94.25221020942408,116.196295026178,95.49017068062827,294.8227421844692,162.6478671662038,192.26893976884725,2.6031174033782967,3405.4651969035976,7.707141839020541
5,29,706,179.49601718631726,95.3423719546742,62.45281175637393,347.54068405107574,1.961534717897997,52.837392285804626,2.0,29684.95557973653,22.138457693002476
5,30,238,129.47453361344537,97.10346176470588,70.69115672268907,121.5855830736797,43.39633333415712,352.73509725434457,3.8140353676327954,1771.319238943154,6.171616706048437
5,31,859,114.66184726426077,92.40951594877765,49.96507369033761,214.51512866286748,27.925524610697433,313.5376489336755,2.194506306873193,4255.560190600538,8.266352082588183
5,32,381,175.99101784776903,104.0594556430446,128.23324146981628,204.18490227058146,157.51541184038726,178.2658985656189,2.0,62767.68441585738,25.61440289855027
5,33,696,92.50867284482759,51.83839468390805,35.5643198275862,298.52039529715336,102.76626969217081,150.5417078984416,2.0,13478.151469752795,14.195208260013793
5,34,803,155.66187920298879,115.41751867995018,114.4786485678705,133.34176894082074,64.93703082941354,162.26254581833848,4.5,2972.0049508069387,7.201611236761217
5,35,604,120.18930943708608,133.42609271523176,51.94477384105961,90.68587914157227,179.30319370491853,200.19532926261985,2.0,2538.737132297451,7.178389329622604
5,36,672,27.003883943452376,163.67780848214286,162.76667202380955,224.74208141750415,41.217497208863676,318.35161822702037,2.02243029570557,27510.12998617157,18.595334416312664
5,37,401,110.6407403990025,33.05339476309227,82.97024713216956,110.24308031875513,82.63215497085717,252.53764226790383,2.0,2040.12204132675,6.403045450528475
5,38,3226,70.55416655300682,147.3928574085555,54.649871605703666,43.61633226722474,76.80181365785847,314.3205449799914,2.0,11794.458876694702,11.411274568341065
5,39,1892,53.678606606765335,161.9958530655391,75.54302182875264,39.457447584807475,121.3902194992532,279.2451940858109,4.5,26923.284427409453,17.484964759709193
5,40,674,31.628238249258157,58.995876706231456,54.19348709198813,148.5997460108245,156.78368337607185,241.87567651788308,2.0,6154.23823505848,9.241097245618656
5,41,704,145.02753409090909,79.71102088068182,159.72555511363635,73.1999715722792,160.778649325641,221.06508507699354,2.0,5145.023445651182,9.469429826250382
5,42,109,138.03994495412843,97.88408073394496,65.51321559633028,79.19233731759108,129.71456905139604,213.29556806709513,2.0,975.7738797499429,5.194616701438115
5,43,384,42.036766927083335,74.05144921875001,52.584213281249994,245.68411251549074,88.18893885226373,33.237055122462074,2.0,2312.4779639701806,6.700722325055728
5,44,294,37.240320408163264,166.06174829931973,113.93971088435374,80.7337537887011,30.84357976394795,101.29527013017528,2.0,2716.9045730808443,7.3893732845844875
5,45,547,164.92677148080438,76.59499012797075,100.2198058500914,253.62712038729487,162.17889841576334,100.60218171383589,2.0,2760.501225098906,7.1008322816144895
5,46,157,193.23627375796178,115.06725987261149,139.30066242038214,26.56562444929992,143.1078597063585,74.32258970923996,4.5,16397.9384375382,16.14305216186155
5,47,1969,65.52111284916201,150.4631025901473,130.35095733875062,86.00045617341318,57.27141600942962,70.31280275932497,2.0,7841.721662667177,9.966454189238354
5,48,631,115.67321141045957,42.103626624405706,47.92773153724247,359.3902987500337,56.15534301654333,308.62408609956543,2.0,2785.0303293958227,7.31671110567904
5,49,980,106.91796765306123,67.30472897959183,92.08294673469386,95.64981876215603,17.905334263569635,272.1277623297231,2.0,4247.651961948105,8.139280777979815
5,50,1911,159.5614290947148,60.682354160125584,53.8067810570382,295.8643661934359,99.17244388983764,305.8094814343954,2.0,6759.235209154614,9.491376076533065
5,51,601,132.47531613976707,97.40532196339434,162.96880033277873,351.3593266085065,61.44207097595909,297.4143586250504,2.0,3154.237709128185,7.355301463956569
5,52,216,144.67689814814815,102.1131074074074,76.60435231481482,332.84791444265835,143.34241443635642,245.28377196413675,2.1553264039024524,1936.8061287069308,6.678851261355238
5,53,171,163.1871052631579,38.20364035087719,128.65766081871345,213.74924440937852,154.9190276712517,305.1472054952767,2.0,33251.64952100275,21.59880659910797
5,54,966,180.22510766045545,137.16997204968945,110.33409824016563,157.8779294195724,10.196925431181556,141.0463090983952,4.416235411262327,81692.4850697602,32.5513947647374
5,55,325,149.96839999999997,102.33603323076923,43.79136861538462,188.39997737623568,145.46466313378272,186.4512929413701,2.0942159423707563,1871.9283785677433,6.251132227993125
5,56,158,95.98133037974685,83.39112278481012,146.88996202531646,84.42471466940385,159.71317332558277,226.797766175996,2.0,2772.485215505673,7.302373009859688
5,57,314,168.43064012738853,122.70620382165603,137.6733312101911,56.00670948364835,78.38007744766176,255.5208029489394,2.0,1511.7534870451796,5.749455974695248
5,58,1387,19.685585839077145,94.69802790194666,54.1574343186734,359.75875670793897,32.71169959055484,284.5255813005674,2.0,8104.798562211363,10.15699319764586
5,59,995,143.09330653266332,69.10232422110553,68.74109105527637,263.91676049456385,16.523994708372165,85.22054727114926,2.2968421308108624,4798.278218565487,8.527825948531083
5,60,582,157.06317010309277,83.98335515463918,83.0009764604811,248.0775016033241,119.01403799125443,186.37694073366472,2.0,3143.202115740674,7.4095419991887725
5,61,1050,185.3722419047619,81.43217304761906,124.36823266666667,13.693556765458833,153.53040514904544,141.63907349832536,2.0,4004.5991767697383,8.26362961285839
5,62,1052,161.78752376425854,75.10042452471482,144.73310456273768,4.83578042214289,84.09207296422557,341.00027105638327,2.0,35753.23919900255,25.465303455810503
5,63,257,65.49849233774319,152.66266887159534,118.48903112840466,107.76256780540955,69.07693609057554,10.446208579089728,3.1129123895396678,224220.6542477096,51.05142546617972
5,64,151,157.39726490066226,170.29992052980134,151.1538105960265,152.3223826381607,133.46544017723875,278.915910777893,2.0,12379.563028572655,21.776864687328047
5,65,1056,96.16169952651515,137.9231221590909,101.34020653409091,104.83989951359258,0.09768757604839307,352.00852706596936,2.5206500751793266,40277.498841152395,30.510546387005842
5,66,242,149.73279338842974,114.08122685950413,37.2491673553719,79.98255041691624,58.295735375961215,211.67697473593842,2.0,1519.3807169652505,5.778805149309697
5,67,627,131.03588484848487,129.00444019138757,38.16686363636364,151.4576711200512,16.755258164505445,7.51994773063239,2.0,7156.496690579251,10.020959460252138
5,68,260,147.81129754807694,163.48408846153845,149.56115,80.71032790592051,136.36753071953018,254.44482499978437,2.0,154884.94514939326,42.55469649088902
5,69,580,145.6483620689655,127.4765224137931,64.18015017241379,164.49894667993433,167.48976258090548,341.21847873183407,2.3040443421237997,2655.7381900596997,7.091089573467606
5,70,66,167.99259090909092,150.1417121212121,140.73414393939396,70.0367593331746,64.24389751411923,34.70137496028314,2.0,12353.901337735699,26.276950193788764
5,71,367,23.760161553133514,56.42158419618529,55.35291444141689,58.983950821906845,144.3181712791374,64.34679256070842,2.0982338440886257,2245.068977480296,6.816296948633777
5,72,747,91.98184190093708,163.33519330655957,131.31332931726908,158.92668398530753,98.36623311819835,357.85279325483043,2.1809775019692554,35119.00976620899,20.372606954975126
5,73,615,189.53641154813008,81.30884390243904,160.75391544715447,125.46576867260578,119.94978382736545,276.702496985267,2.0,20057.568004538512,17.058860348486835
5,74,1514,84.39617694848084,88.28674887714665,105.70289986789962,84.16744084575286,60.81401747719482,96.10312572097581,2.0,6900.692360166431,9.593047994900386
5,75,609,145.0623185550082,97.06166765188834,145.29012972085386,349.51060959123635,130.60312586518012,270.70917942443356,2.0873024613166073,3321.5871798342077,7.5026283823083375
5,76,293,164.42891808873722,132.1708156996587,127.6230409556314,292.1868369978787,88.33661009930462,314.0252662059015,2.0,1708.20171824348,6.176394939960349
5,77,91,13.834914609890113,173.95314285714286,153.8051318681319,247.12330619581618,178.54778624796458,23.29454405319606,2.0,10819.930878632691,20.726634267494788
5,78,1602,77.9139293383271,148.38878401997502,151.73131460674156,261.3902849363975,121.9579489580368,90.71917563089598,2.0,7388.024625302271,9.765161291361526
5,79,92,197.9482213043478,72.76542391304349,70.42715,160.80234407814947,70.0077087594353,288.41627914572393,4.5,4476.040383322638,10.867373058951214
5,80,2155,55.53689665893272,116.85816171693736,128.55508737819025,40.585753360266985,165.1526058011442,35.41876175575457,2.191762149835321,9926.398667080855,10.765922097652535
5,81,1095,69.36279780821917,78.4815507762557,121.44270237442925,122.35226822534273,90.94613806021303,198.45811838420727,2.0,5050.402267411207,8.687913118642001
5,82,308,148.7467987012987,156.50288636363635,107.3525090909091,28.966888832452355,98.2441277975956,252.44238566754413,2.0,3030.677289423515,7.325596028932927
5,83,238,82.8523306722689,49.619015126050414,42.61424285714285,273.0662460103955,36.27910366867367,75.2707270705201,2.6789411289566605,14921.37481956264,12.434103881171675
5,84,280,148.28430387785716,56.945477499999996,36.43574928571429,199.45634136457562,114.23970404335851,15.552860824823629,2.0,18902.699148840067,32.23141055274168
5,85,427,130.0869718969555,46.90576229508197,62.78078477751757,113.42681168575683,2.0007017855999654,198.86981189376712,2.514847565117248,3240.93830512557,7.4040432500210684
5,86,663,45.22590286576169,74.21394268476621,129.22721116138763,215.88897143152644,15.410995014429364,355.3672420489038,2.0,3238.2146967917506,7.614250706096027
5,87,291,158.92094158075602,162.1391615120275,96.08668006872853,109.80807223946644,14.792387683598808,1.7362954235407324,3.368115933162288,1867.5152984577728,6.3355960537057685
5,88,839,119.47532550655542,43.04265721096544,164.44587723480336,102.5988600757282,63.38244713259883,261.7203842744936,2.0,4744.380371995261,8.565698955744454
5,89,1030,65.23463150485438,58.31030291262136,168.2368508737864,55.666483735375564,6.7811540618055925,324.11664683714696,2.0,134240.87619130875,33.18620145239698
5,90,1010,70.98749356435643,48.16099287128713,140.77841108910891,345.0836849133946,157.7110132938438,279.2058235127159,2.0,42853.04074556604,27.12949135552388
5,91,162,44.994591358024685,76.49070740740741,145.25081481481482,50.881292232332534,174.16648791830852,184.9606733347796,2.0,1511.850925387625,5.875078712347977
5,92,2002,140.87723776223774,148.8761046953047,64.04258341658341,121.21220079266874,139.14533897293938,194.6944927633167,2.967424240011442,40047.599748289336,23.44748076316407
5,93,975,155.84572923076925,114.62266994871796,40.39884492307692,53.871002982844416,43.42214560310375,314.28939436382933,2.0,94764.6095998249,23.044234146940468
5,94,323,24.59967221981424,58.52257647058825,142.74489164086688,2.197240072202602,91.12079292061587,37.88960509731795,2.19090287334039,2619.8427303841295,7.15545428806091
5,95,736,170.94943070652175,41.05061317934783,128.24149048913043,43.93577672382819,171.58311157129268,301.17342576910113,2.482428142565974,3101.2891553751206,7.402475249585781
5,96,1385,29.372111083032493,140.6101945126354,157.27295249097472,240.74488993691384,114.55129878305705,123.16440402054906,2.0,38755.3604316288,19.524349447499596
5,97,309,44.18853365695793,138.09164530744337,162.85634627831712,53.21152911133346,26.990472106494636,136.17578420165407,2.0,22794.537116072177,26.510041066345767
5,98,1045,127.76070813397129,45.98958488038278,83.11396200956938,305.90048989228495,144.1663275329132,158.5772279720009,2.0,4546.984896632867,8.30919277142097
5,99,609,102.4546275862069,136.7437077175698,82.2426024630542,208.70585765470346,154.95400174105984,328.3266328827784,2.0,2627.1695550965733,6.8993865005368145
5,100,1322,145.7613354462935,141.83321104387292,141.49520446293494,316.5030321922723,84.55545785830525,296.1851326116802,2.0,576917.5666140588,42.89046500960507
5,101,598,170.49176923076925,120.42436471571905,73.75677842809364,259.8241153400555,98.7270218566321,224.80709638772447,2.0,4057.165533088708,8.335289105471452
5,102,710,29.009756070422533,47.274677323943656,70.8466714084507,17.38707635373501,152.0606450724745,21.153897642354217,2.163141607669132,23580.41668917645,20.102328892126767
5,103,905,170.25973922651934,91.24022883977901,157.128017679558,203.98040374043546,52.915418936190754,237.74767485072425,2.0,3497.00988681928,7.739751664754451
5,104,973,167.60009146968136,58.73114450154163,135.05565159301128,93.57668516821042,126.8376776871265,158.547447454566,2.5843791252737347,6168.638842163048,9.402705305268567
5,105,384,172.6443544236979,85.99695260416667,70.89973723958333,79.78225334133016,62.77850993487005,70.17996441676034,2.0,25513.981283515033,27.03523208507946
5,106,422,184.95048661848338,35.46435521327014,49.71271184834123,172.83383602691967,31.24967456335228,54.540903657514285,2.0,101172.32301404636,30.939186953565656
5,107,892,163.1474831838565,87.8156610986547,37.91201760089687,177.96218254572864,64.9579431576092,329.61743688016946,2.5789239636845536,8885.68492630775,11.835096272696155
5,108,559,29.88957745974955,72.7170694096601,33.1922114490161,132.6499623524524,25.444765304876455,125.9771671787914,2.0,2592.288712938701,7.043953487788625
5,109,550,180.22127272727275,56.95770818181819,72.22012654545455,328.49437307335694,176.35730735387338,199.45370896318394,2.9033798371921042,3773.6213108156658,7.827174316954081
5,110,857,121.80507934655778,91.26267199533257,145.36327607934658,88.66742308012036,94.35695887958789,136.74576023401116,2.4372266623874563,29559.399379728176,25.158937193473804
5,111,516,65.51213081395349,67.94443081395349,133.30615523255813,243.58500506172038,76.07315373649186,184.80489517528835,2.0,41443.691622345395,28.53740321268775
5,112,271,158.39096678966789,100.72843948339484,100.15338634686347,142.45739118005744,77.30033250719806,57.85259729737854,2.0,1406.175751189761,5.679266578990915
5,113,411,182.48720437956206,165.85438637469585,53.28997518248175,43.05083146801166,86.77652820440488,156.1029152870499,2.0,4697.137363743495,9.563089923717714
5,114,1113,15.396078786073673,162.64232416891284,151.72695669362088,157.72367580659514,148.16120383023195,82.84063867382037,2.0,13598.074944194652,12.115378783435807
5,115,950,41.81970073684211,100.28946873684211,70.00600063157894,31.143400746695736,80.92802390946565,0.042062640097584314,2.0,6919.091654586237,9.566368606735475
5,116,535,122.69860373831777,152.9930093457944,91.53111084112149,103.93859509580602,111.49331694713224,198.57350596239883,2.0,2749.201520218751,7.196604972638107
5,117,374,39.860422459893044,117.13982326203208,39.31179893048128,272.1791978236181,76.1576551850762,258.73233969926395,3.173334768206408,31015.030569571074,21.540587858675035
5,118,362,90.4257682320442,110.86727127071823,69.69802983425414,198.86904019664246,53.705633168090095,19.765644564181578,2.0,1640.6237241227223,6.001018057812909
5,119,804,109.87715858208956,166.35235335820894,84.07219838308458,280.4205621876446,145.4599018640284,151.8773764302591,2.0,9796.285230199803,11.404607342860672
5,120,428,148.06332476635512,158.5021518691589,123.14219626168224,8.9178269233979,112.92499731379363,271.3666401017445,4.5,2307.5649486546636,6.71105055245576
5,121,794,119.89765365239296,56.256201889168764,108.29267569269521,146.78880125993933,137.19471586363252,177.30669365902352,2.220365352004474,4145.68386350385,8.06096099758859
5,122,329,85.83278085106383,145.51959969604863,110.30040395136778,41.00706302291495,66.12256753859637,160.61092989309856,2.0,31730.724171333157,25.68775200650103
5,123,255,109.60704078431374,90.58218235294117,62.28014392156862,122.77496609613681,138.15487097973892,294.56316644115117,2.1794161137549746,1683.810731082927,5.989890522313929
5,124,1389,187.01238243340532,149.11610583153347,131.37466378689703,37.56073258923078,3.5779508958853246,24.998746564892606,2.0,12940.869137218255,12.426676743120742
5,125,37,198.6749189189189,166.6967027027027,127.35510810810808,195.18958995144456,105.2503464449722,108.60855207891355,2.0,5590.933002770725,12.094116578315214
5,126,197,136.42859898477158,125.80913705583755,116.94687817258885,217.37907863283428,131.48183751971166,152.68514212617094,2.0,2268.8561525194195,6.632337670735393
5,127,743,78.88386541049798,124.66170390309557,33.688877658142665,339.51634345704565,122.34915168566508,341.9681366589724,2.0,11124.247750788363,12.39801935290816
5,128,149,194.05474496644297,71.46229597315435,94.72333892617449,12.5896161861303,178.18624100117538,92.8475898557456,2.5315011934050737,20573.677484004238,28.39535548057296
5,129,401,157.98559351620946,124.15142643391519,167.35359850374067,277.85676255316656,78.89592671281653,268.7190180777394,2.1087915817305194,3372.9000885096343,8.00691349531123
5,130,746,176.38752412868632,155.60445670241288,85.8895563002681,315.57581966048184,125.38531225725103,243.93217217435725,2.2976834400233814,47707.05052548042,24.546921352372408
5,131,601,173.89586688851912,112.66507138103162,133.75141114808653,54.840215880782246,101.88077998530908,41.026242188482136,2.0,171383.22707864345,29.224918112834303
5,132,803,100.84645591531756,106.90559800747198,68.74194645080946,245.06763275297556,67.5794169237653,3.8081320452532985,2.0,4818.724821571234,8.492117513475238
5,133,823,56.625342648845695,127.81321506682869,157.71749987849333,340.04168285681004,143.2542093762244,350.96112428690776,2.0,18554.81301412409,19.270955454543643
5,134,245,153.5717232653061,41.93406326530613,121.27553469387755,169.56426564367388,142.11342196234702,5.428737403969355,2.0,141582.85548583962,27.793338897006652
5,135,374,45.382139304812846,156.1042486631016,162.78149438502675,133.85019687250127,98.64402672206899,120.46640254154124,4.163799741025955,18547.811269675236,14.892858660149892
5,136,745,20.726009281785235,63.01009395973154,58.72647825503356,240.279155972407,177.37579995555598,86.20106930372417,2.0,30290.00580814677,24.741665506916135
5,137,323,158.89232021671825,33.36370340557275,148.58550990712072,3.111051587017175,16.232265394531495,264.8874487981227,2.0,67781.42688122149,24.945391042779914
5,138,1584,24.623911799242425,142.88083459595958,130.34268244949496,101.05415124790288,52.15702237845068,45.38620233115752,2.0,6293.677168706158,9.325829719993143
5,139,1022,166.05942563600783,37.857445596868885,38.86385636007828,121.138368058032,172.56191752752946,35.84293475181231,2.0,25043.48103747961,17.845768339508037
5,140,1039,50.42467651588065,36.35053965351299,162.6496055822907,98.9592214317952,89.54032927913605,244.9945280646627,2.0,14919.845748683245,13.016906644559784
5,141,1686,119.37460444839857,121.26784045077106,110.82987645314354,136.20880288992225,165.51213352046685,44.935260233000804,2.0,6702.795101026953,9.495582601395768
5,142,1666,72.08198595438175,113.6391268907563,53.92560132052821,2.473101681756309,12.130601549336513,64.27106064428307,2.0,7751.238622942302,9.932063120693696
5,143,985,133.2147035532995,37.73415431472081,30.679207411167514,107.38873924610654,152.31943267387584,78.80067516963936,2.0,45057.70338625456,19.317403074895985
5,144,1287,66.53375462315462,102.20401507381507,147.68758663558663,358.6777703985747,29.949550103092037,165.26479941337644,2.0,5100.273172692295,8.801154408464141
5,145,726,153.38372865013773,106.75391859504131,146.97247217630854,299.60104110308174,17.362998786962407,211.89082909587194,2.941537921129693,96509.12022735864,29.05065366561244
5,146,850,14.66448715175294,43.131194117647055,138.06320117647059,98.31135323119315,129.31192254885292,32.547299286140785,2.0,48165.91145695115,22.76586877751215
5,147,2525,35.80015535841584,121.44466796039603,54.21744645544554,290.5950157022047,66.67869405412698,25.493998437104576,4.5,10395.319575288806,10.934904671074316
5,148,558,42.093177419354845,43.2208476702509,142.47339784946234,340.2164843898562,172.33401461419848,217.19830359642907,4.04422122711302,2577.002666201456,6.908332952830861
5,149,466,82.0804221030043,37.039509012875534,78.68586802575106,151.47076498446367,5.531650481323968,71.72386078140208,2.0,14014.401399056327,15.003556200754446
5,150,592,73.60486655405407,140.38802195945945,84.84666858108108,66.25337141174414,127.23652801748916,164.18119158590048,2.0,7607.094986395926,10.020443440197141
5,151,1415,17.363033523604244,51.56448537102473,130.898051590106,343.85772439011396,7.717146356321997,66.96453847324288,2.0,24862.92321281136,14.884788905975961
5,152,2043,154.95541067058247,36.262056975036714,75.07953411649537,51.237594265158776,18.014521888147964,285.20763152174953,2.0,18895.402529717696,14.11506373206799
5,153,1107,37.54289820234869,153.71720081300813,126.54175871725384,345.2617484802488,27.289148146739294,20.167390978573142,2.161366150184115,68001.76039346003,22.665374466800458
5,154,1053,42.39416923076923,62.22479810066476,166.63801614434948,81.67466813557412,79.7532796616182,96.4945553378199,2.0,7313.594048823469,10.1366512138642
5,155,1461,87.28732655715262,95.04523347022588,157.97957145790554,102.52622576128455,166.6584498230047,231.64843431143953,2.0,29516.699217068497,20.23975214267594
5,156,564,141.19976418439714,38.100238475177306,156.9918120567376,67.2357108831873,91.09444215632872,161.1641438651189,2.0,3026.9076326995755,7.238172066385911
5,157,122,168.3378606557377,127.04866393442623,170.2199426229508,229.9275477640794,121.85952916512065,103.63493271491397,2.0,2098.973455399461,6.428393869135241
5,158,151,16.237684371523176,158.66041721854305,147.64609933774835,324.4023257743516,148.34415784833482,145.5842335414922,2.0,4592.782183140232,9.158278877197635
5,159,794,51.672054408060454,49.625354911838784,131.05527959697733,21.846128690876228,23.401931403860743,246.07463928971362,2.0,4159.085246529891,8.105468634130109
5,160,1359,91.469063870493,51.24183760117734,70.44310699043415,118.78892848492893,158.27366897584452,188.77293066056387,3.4190492132787615,4768.162287791767,8.486635773323338
5,161,462,20.547935694372296,62.50675216450217,158.1791038961039,10.70701530508488,49.48500577779593,26.958602832141235,2.0,27368.820519176912,21.021521659771157
5,162,361,81.3512781163435,61.92874182825484,58.114408033241,140.10784844116344,10.667476907734901,110.38420053627516,2.0,16152.861680280044,25.121083950581077
5,163,394,182.5015659898477,53.72621345177665,45.728815736040616,40.780698564890905,99.76394154267064,23.362034141838368,2.0,24894.75973040497,22.972081751366115
5,164,450,92.10246177775555,68.88673755555556,131.804404,250.2551939598419,95.68886812461218,150.34252208663884,2.0,823979.6183857007,53.5591461694865
5,165,789,113.93811216730037,77.87192332065906,148.33042294043094,18.06111203914318,70.95913906819993,340.7095724705675,2.0,558375.5938469962,44.170422422751926
5,166,563,141.43463055062168,147.85358419182947,35.83060035523979,165.65272238252018,103.14166974957276,199.05278348398215,2.0,42180.83571098985,26.36657624692595
5,167,214,123.2130186915888,124.46667757009345,101.94546728971963,53.438346311210275,175.3560413707187,326.07017945009954,2.1491075234360077,37762.06623262429,31.736058373817695
5,168,198,9.41670813671717,86.54793131313133,130.57729292929292,92.07829520240995,93.61441587377963,301.76538934050336,3.7536550848954295,5708.955500836014,12.871434612790273
5,169,663,75.87367722473604,154.8114515837104,35.96026696832579,50.47245552113165,69.46345589311039,196.90485126998712,2.0,50045.859508588466,24.500138540925814
5,170,507,55.16827250493097,122.1729211045365,165.34648244575936,220.9052691174565,151.90001790867962,236.78328945460441,2.0,197502.84970198,34.46824343866486
5,171,132,86.1417265151515,34.41597803030303,137.01429621212122,306.4694698454934,18.186727936624855,285.4658375576573,2.0,352428.0175454433,38.46916753668059
5,172,2028,141.279791321499,95.52255567061144,129.24273767258381,132.1926719069842,37.51664422702076,246.70333362216076,2.0,537532.7742324072,44.22100831846475
5,173,796,64.63643894472362,36.98117211055276,69.53744572864322,275.18431667074236,168.94582051970622,310.74533844538485,2.0,15480.082898613971,16.315019739057224
5,174,1277,134.40853876272513,43.919945027407984,120.05045418950665,17.70877449048041,147.29759562706874,86.85019662263124,3.1565040717785617,7139.134180624434,9.801512481506338
5,175,715,160.36610769230768,106.74568419580419,139.8844027972028,90.98253241234453,34.53332399221457,97.74476333677197,2.0,2835.9972962778293,7.166193722726987
5,176,266,79.33558082706767,160.2437218045113,84.62116203007517,202.5396079233651,79.9266151094705,294.0629293466968,2.0052030825934057,1431.6941075818067,5.74638401799636
5,177,768,137.33618098958334,166.12882486979166,143.45196875000002,190.9653428807558,86.96373226351797,35.975249701726646,2.0,5923.435240621888,9.199129348709565
5,178,824,109.10077378640779,57.4109036407767,145.65487220873786,137.72539235724832,96.07797991541813,220.0821753581753,2.0,33101.764596258115,25.632668658554383
5,179,779,108.4911971758665,68.95422849807446,156.40748010269576,248.1836234575206,68.62606450343237,70.76768448373738,4.5,3764.711210666505,7.8520590798131735
5,180,107,53.4232691588785,48.86339626168225,58.791127102803735,130.73408535270877,140.14648939394854,206.4710994421203,2.392333786349197,789.6993750175876,4.633840153141616
5,181,259,106.91407413127412,86.3008637065637,146.76689961389962,209.34744690872472,62.304599632705504,223.19320098956985,2.0,1506.9212471683268,5.745435002737511
5,182,540,184.65640330185184,90.38717703703703,44.744708518518514,260.76768131648515,35.51292806399407,296.29439344861674,2.0,117730.27658035023,27.475960466478814
5,183,580,157.30057586206897,81.76133344827586,123.0458896551724,246.69910083086268,172.42017916744328,179.59726831087931,2.0,3768.9658878143937,7.824068856922945
5,184,256,62.1137875,45.823875390625005,146.0341484375,230.17627430583542,132.6139467830791,184.42279035796358,2.0,20461.472706947712,22.544370474589428
5,185,853,53.271533177022285,80.2885634232122,81.01315791324737,187.79314653878444,141.74250505951892,263.5822387081429,2.0,4041.356666711482,7.964435509548441
5,186,1666,176.0137274909964,134.29262665066025,47.18585234093638,151.42914561367442,28.25816413307822,171.1279980864892,2.5399510013307784,7195.823733057453,9.709868085691602
5,187,403,110.30132977667493,75.03091290322581,151.41153995037223,246.6837518260126,96.5386824474144,200.7841805050965,2.0,20428.66387577592,22.385438208175753
5,188,355,172.01376028732392,44.48706478873239,34.535077464788735,160.72790992286554,13.801651135650083,33.763492187593805,2.0,103444.7277227978,32.92395180667382
5,189,442,29.109347055723987,159.77002601809951,133.12623076923074,76.70031702493398,30.776532193900728,160.98275478981824,2.0,125160.7674518421,37.46464344189386
5,190,240,141.38864999999998,30.20471083333333,168.09579583333334,30.77519236840502,160.70350447832624,290.2599132759644,2.2307347023447965,9540.895042534328,13.313949924530524
5,191,542,137.64581180811808,71.4577356088561,86.74669354243542,43.533126727114585,116.25384822801341,19.086761275374876,2.0,2896.0240715190007,7.279692727638108
5,192,436,170.63648623853211,168.97664357798163,126.7066743119266,78.53618996593381,65.81693068805093,115.85524825430068,2.0,6167.0632339326085,9.483309621350976
5,193,1277,188.48350755677367,69.51314408770557,91.05911519185592,65.012888340311,47.157406859068956,289.7051745637891,2.0,150021.00760299884,34.055177334910766
5,194,1104,178.06427554474635,41.41514202898551,47.13160824275362,103.3480574027551,40.5102229137453,270.5703157291456,2.0,28502.48818535221,22.973627825502152
5,195,820,174.96225609756095,152.54013658536587,156.61430268292682,343.9687955882944,9.21066233136402,133.36901435684717,2.9067333923638796,25493.878508546688,17.992320540959252
5,196,8,51.217225,119.1232625,90.023425,195.19167011217704,82.22998756143254,349.3590821502837,2.0498153771605385,8186.565370617782,30.615272520442645
5,197,1732,175.89521939953812,58.66012488452655,159.22635075057735,14.937235659085779,37.72201323288909,296.79789223592445,2.0,8785.469084863631,10.397367158576424
5,198,454,179.7338787400881,54.74802885462555,167.67909471365638,225.09573728153265,79.3994017087662,90.74657832172169,2.83603316110559,58556.520736684695,26.625802422621728
5,199,1033,119.21787144240078,127.52218296224586,69.06524598257504,127.0801440633388,96.49562055544855,191.2141782509357,2.0430937878929285,4406.354192023963,8.386743813070533
5,200,1311,181.1716432951945,43.50671929824561,102.84136826849733,97.92755941443998,42.23661847926688,205.5932561618124,2.1183409479395205,10402.337938669663,11.601297952410418
5,201,590,34.91114852542373,102.88252101694914,136.67232033898304,162.7878740456012,119.39270418300447,301.2912599729213,2.0,3848.1181528493994,8.062026168591137
5,202,1047,43.40166685768863,139.59991308500477,80.96668681948422,214.30571031267607,177.3761340084672,109.90852460690137,2.9019802416589746,4851.669147188322,8.56658732380101
5,203,558,142.61838351254482,156.56959677419357,132.07512007168458,227.60216533556957,35.30610813020651,141.0639540968587,2.0853021964615923,6009.749697239423,9.445006599241696
5,204,779,110.29262848523749,118.51298600770218,117.97968562259308,255.58578112863086,3.837130864352891,71.10553185375915,2.4107230243610105,298064.9408916881,47.94211624424605
5,205,170,90.94199529411766,103.39749882352942,75.36103235294118,330.9652146935893,34.520412460214175,91.93778146998518,2.0,33765.489465915845,30.672460085543804
5,206,688,141.70539389534886,91.75963851744187,90.62338590116279,134.55273524456896,150.88794931561753,311.17925547091664,2.0350617174342824,3046.0548023592396,7.335539313700522
5,207,535,139.44539626168228,148.91928037383178,43.044222056074766,282.5142021681608,49.980050757059765,228.56062067516294,4.5,3155.719818874417,7.55703851959061
5,208,1336,118.93389221556886,161.1790114520958,40.06186826347305,338.1617473153911,42.9905559837036,334.33112448607994,2.0,34575.240229212366,18.28323477048693
5,209,404,7.420937773267328,96.51329084158417,42.63285297029702,344.077300450635,106.92834538462003,51.71546122831537,4.5,63197.626354414366,26.76687138578644
5,210,927,182.21054908306365,36.446060302049624,140.27841531823086,23.063345703077857,83.93541109886982,198.747479370919,2.066628302040764,13877.315503543252,13.268301703915071
5,211,676,176.92142685650887,75.53845650887574,152.70228417159765,29.769208031926105,90.40333900131658,101.10015768102137,2.050448255567006,320213.1508194081,41.09557759326887
5,212,518,167.8627413127413,70.49062528957528,125.67622393822394,75.09851596552356,23.889434509756942,166.25814161785453,2.0,3752.3415822287716,7.994067919379222
5,213,242,93.0609834710744,83.14328884297521,152.29922727272728,191.00727746228267,76.79686266427902,247.61603564362696,2.0819439921831995,1933.743839324456,6.358382063377273
5,214,43,137.86544186046513,36.00084651162791,146.48981395348838,73.1075330362997,13.965887886748504,46.220508671208755,2.5215441990847456,1173.7173425343071,5.483918302312589
5,215,791,135.53244627054363,35.63700872313527,129.86616561314793,110.7376258887063,94.61004590868592,297.7289963046507,4.5,3679.428349796214,7.802733961541641
5,216,314,64.97092006369427,73.63639681528663,158.26082165605095,121.3835260754654,100.41178288147123,120.09529906325972,4.5,2719.3248492523367,7.023504317218617
5,217,792,50.70680041931818,42.267772474747474,75.45628762626264,234.3340587466824,14.780618094280642,268.38555268777765,4.333209041615031,509525.91167690995,46.939998073235934
5,218,959,181.3791678832117,105.92120198123045,88.50073159541189,126.79559946784256,132.95754954816928,281.4095177547955,2.0,3611.0287298229546,7.708742908142873
5,219,399,44.904414536340845,163.05263533834585,99.50956240601504,50.999042868096524,64.35929572029109,136.67314906220736,2.0,23784.693845885744,18.2720094147477
5,220,315,116.9938142857143,73.47488603174602,58.32464222222223,71.3099252490571,163.89237828687635,49.80367339018174,2.0,2052.6079338735312,6.630538446303724
5,221,309,121.2306569579288,129.79690291262136,30.959483171521033,231.34836227972437,99.09812063042546,193.41612435647403,2.0,4701.8026444101815,9.3992125880549
5,222,863,161.51829397450751,113.64204808806488,133.63919930475086,80.36524949083082,132.70507884164743,23.710208878444593,2.0,473393.8015986229,39.47937001893604
5,223,211,174.13944450236966,163.48009004739336,45.70257677725118,139.17417328283193,44.16423424825847,144.92369135380423,3.0846708353747423,61686.85390454656,27.049816136744795
5,224,52,150.21396153846155,104.58784615384616,75.79378076923078,181.58008776910015,133.00378013726254,291.60455242769456,2.0,951.7446177204192,5.110316730537788
5,225,317,180.47368444794952,47.09453186119873,101.07024195583597,212.8373509911251,168.40761992849679,94.57099211421071,2.420771605364458,158761.28385021584,37.52403156078599
5,226,468,107.14974209401709,120.70118376068376,33.565620512820516,345.1576448102827,136.04351493287996,63.41105562535915,3.2122304304828533,7326.8155596397655,10.814855002752198
5,227,1192,95.03539882550336,157.6277575503356,119.09109362416109,103.11082518114222,46.314646999181385,154.0517490800072,2.0,5397.2609393321,8.83298008354391
5,228,530,63.316652264150946,87.39480999999999,62.64795905660377,42.99570817759598,97.75080821165311,298.05707074375687,2.363886230980966,3722.720881341125,7.837107289202386
5,229,155,88.60192709677419,50.87165354838711,104.98436516129033,142.1369853854114,38.53145978713209,135.32547938590236,2.471060315843588,21717.67797752992,24.20047036957798
5,230,540,89.80376296296298,116.02728703703704,128.99069722222222,22.727693059201158,128.57163386843078,182.27466399104293,2.0,45853.78174877676,30.532894692913516
5,231,1026,11.405250352046782,39.31073635477583,49.91374152046784,235.06708384617022,63.48831624488132,349.0634801855956,2.0,6153.50079193251,9.515913477334806
5,232,471,160.37676645435243,136.48877919320597,123.72466836518045,268.8326311025184,4.709187903440622,241.08220520474356,2.399020916447233,23161.07840118905,28.08584991380104
5,233,397,119.37087229219145,134.17325188916877,89.5103307304786,229.18025872765799,59.007353928937974,128.29542716164386,2.0,2204.4949361316344,6.729806891951227
5,234,425,158.42282117647056,161.0339576470588,155.64066352941174,146.69939745566188,26.81322423722163,108.56012930662054,2.0,3491.9247271691156,7.865372248710254
5,235,583,171.34646773584907,109.40858644939966,103.69369794168097,300.6759559481081,63.00022744490784,93.96977061237853,2.0,37397.98318221258,28.598516430936346
5,236,289,35.087294117647055,70.49641626297577,143.79782352941177,153.20499716927065,148.17075316313498,195.64262124300936,2.0,32225.27707188763,29.160768196120106
5,237,1386,169.9108740400433,124.88211616161617,113.88144999999999,71.198254802578,42.02097937221243,275.1202832948411,2.0,125078.56511055258,28.14043681097021
5,238,1045,24.196259715138755,124.50584019138755,139.6172679425837,340.3513746299627,78.97253312526016,191.412345342437,2.6795915281245293,5797.38191419554,9.226971499196633
5,239,2483,20.300113075247687,119.94958872331857,95.47903101087395,282.8058191461467,103.17668677768337,168.79965488327568,2.4638211048890724,9286.902842240119,10.564838033216494
5,240,250,193.47037600000002,158.17541720000003,131.650236,223.8188500590008,92.8391020425024,235.02488444695672,2.0,12909.211946384048,18.288149551012378
5,241,346,146.57551445086705,163.393387283237,151.1247832369942,47.69833983902537,4.008330815628849,301.4785960149736,2.0,4357.78224984045,8.428520393882794
5,242,1018,106.44236178781927,45.5413656188605,129.81895186640472,109.59781571869796,143.84845641829702,166.48848858299883,4.5,28570.15908968939,21.530797106102003
5,243,145,161.89780689655174,149.58382068965517,158.13867034482757,255.98216797268043,157.66550392034085,127.30716644521377,2.0,5026.764536107526,12.974199081546638
5,244,89,160.4894831460674,159.63770786516852,150.69418988764045,339.38013804323003,132.42370136864022,220.73734252241337,4.5,10373.236865236286,23.02641795333774
5,245,671,171.90198807749627,40.9783692995529,112.94977749627421,22.949389094600722,52.378181431117845,351.00502964090833,2.0,27354.095487138988,21.042016083834095
5,246,992,189.35595684475805,148.0981179435484,57.13330231854839,4.766985294260748,62.79272478109869,201.15757222432305,2.1272777917776904,28374.6325792984,18.594870761607112
5,247,2219,69.25247503379902,125.27934700315457,106.46335881027488,29.50594826121344,45.089509027388424,359.0509084467417,2.0,8946.03981990887,10.450756651773757
5,248,921,25.26340593485342,86.78288436482083,101.29586916395223,84.09986820034564,128.79519207063277,342.740377892501,2.1571920275329397,7824.543242997508,10.688170111440884
5,249,141,178.1317819858156,92.58195177304964,73.54397304964539,41.32543363901832,157.93946992643512,349.8051959209104,2.0,24588.15040218518,25.70079173816394
5,250,940,143.9124744680851,125.66754680851065,150.07542872340426,267.49575419773424,166.85819170365048,319.4120508230716,2.1354637356591555,3747.1625237899248,7.931174737742402
5,251,811,157.17080183723797,140.0020443896424,38.91044907521578,299.7866119688996,35.517637918664775,61.5952751997432,2.1460735880448483,130607.1041835158,29.9127619439758
5,252,1172,47.34355938566553,34.8332779010239,86.6781850682594,52.68548277161807,130.87968605990008,85.81323845537759,4.5,11051.972548738928,11.764074349402316
5,253,1007,176.14033273286992,150.07198291956306,94.40119463753723,342.3069248187626,165.65780087776983,326.2876586321858,2.0,17700.048343129136,15.706459553663953
5,254,284,85.33194507042253,37.28547042253522,153.6484894366197,234.97608493115627,49.33010418540815,170.66400498963142,2.0,3433.523968718314,7.848149442880154
5,255,953,19.077380025194124,70.00574575026232,42.98852581322141,2.922434644951868,144.227712814896,110.45612086227831,2.0,170461.16419701691,35.60924388194297
5,256,2031,51.70460221565732,72.53132259970458,100.87581777449532,256.3892323527799,165.1888335950192,148.0450813418667,2.896782497451557,9530.888494651866,10.727116763291377
5,257,1669,90.0143295386459,100.7955512282804,35.370512402636315,245.85103563413674,73.99057665614623,225.1401394988026,2.0,7479.522543710019,9.778683275796753
5,258,419,131.58321479713604,113.70226443914082,83.39496825775656,162.9792029354704,16.24709713743548,225.59018039745158,2.0,2530.1869329595233,7.036189839090125
5,259,715,80.32131972027972,155.49711650349653,163.71911748251748,205.0928409292769,112.87970330454387,165.22005470281235,2.0,26269.962936042448,21.944047421118167
5,260,298,166.98491946308727,172.33458389261745,168.87697852348995,198.0780806138395,32.0152408412805,46.433245947750244,2.0,3124.673577878273,8.092323100435753
5,261,957,90.04693155694879,108.2687854754441,139.1346907001045,279.5187863516112,103.5845910183255,355.9036606351268,2.6839479924846077,3998.401895765732,7.944315432021955
5,262,807,157.96513011152416,108.83960991325898,131.97532317224287,117.2543608589686,32.17444332361163,245.44500849867345,2.0,123937.96856097905,35.21605685023463
5,263,648,109.02028348765434,60.844781481481476,135.46600308641976,28.63607957526301,73.68476519233911,262.83768428604867,2.0,4003.6966640762275,7.975154125537351
5,264,1137,108.52378645558488,50.49766525945471,55.91179472295515,142.86181842059858,89.45130326982613,294.0548044079115,3.7878994089232627,43344.484138536485,24.982909288724787
5,265,10,69.81736000000001,177.1789,68.85279,21.038301353326627,167.50020889988508,349.7132550122189,2.0,404.6354238842957,4.282545483870908
5,266,1948,140.5580272073922,61.02814979466119,146.7664378850103,326.1716250899637,168.99085576036924,5.413694746194664,2.328951702253715,6765.254899370228,9.511878725836965
5,267,1822,83.527251701427,56.98845598243688,142.70999835345776,240.15426382264724,23.448463668333325,338.4568124723998,2.0,6341.829049579405,9.298910307208311
5,268,454,182.99560352422907,72.60296343612335,70.75615837004405,335.7979565282787,149.51718658470688,109.33195192420341,2.0,3640.3600167394898,7.813583645852738
5,269,2424,32.45743066006601,148.01952863036303,52.6269375,160.08737105457138,79.7380067773825,168.64670409251073,3.0678785039656935,300629.5056680233,38.8292866452073
5,270,1015,87.1113712315271,35.55943950738916,40.095164039408864,291.46205064163547,157.57842757003093,247.76581990549894,2.0,18137.245614649575,14.056010900706776
5,271,403,154.5004565756824,141.37586600496277,127.06169478908188,293.7155436128414,29.493276470181957,13.703410435769573,4.1683557611392725,1842.811542232977,6.279965248622275
5,272,235,191.37697923404252,112.84656723404257,132.9129659574468,351.36468138949755,129.94472882854083,269.0907643100326,2.2990882333709193,4309.822780281211,8.987968621554334
5,273,1646,24.29295380315918,155.05896840826244,101.08098687727824,23.558048553853716,10.053936702476356,33.86424590291646,2.0,6297.702640705288,9.294302924179677
5,274,528,71.99656174242425,148.61478030303033,85.33323958333334,181.3026578885079,152.99252311513558,245.4675661460365,2.0,3068.6310977057465,7.302485142077733
5,275,949,134.67776712328768,126.2404741833509,133.09973551106427,52.798199037958085,0.1606572499250536,21.638036772868258,2.0,3664.001594692086,7.9149222076944605
5,276,567,56.233357848324516,99.57686490299824,79.93943315696649,257.03985875447546,142.2520055906085,253.11469491358724,2.0,2702.1686739472566,7.071136002552763
5,277,29,141.04393103448274,25.86073103448276,152.93124137931036,98.79035829457308,138.9530239247419,226.2843591005162,2.0,1079.4261989664726,5.375156372874721
5,278,519,189.77871724470134,63.65747707129095,126.26658420038537,351.4551324488039,35.30356956983834,105.77199115629892,2.0,25989.358110319925,19.402192008340283
5,279,812,172.16100000000003,140.88897167487684,114.19755295566503,359.864512272962,78.80775699203684,228.75517642209476,2.0,4380.382752439896,8.276259147098623
5,280,515,53.85839941747573,125.77373398058252,87.56715145631068,236.17270763976654,173.06281990091205,341.6016752619694,2.0,2975.2896669948173,7.4187883672792525
5,281,251,113.56460836653385,45.684464940239046,71.49940557768925,1.6610064322055385,79.9827028657032,19.263762979403594,2.0182911686621683,1432.6752994167573,5.692980529809659
5,282,394,178.24879152284265,94.65513934010153,91.55122639593908,24.058003474459333,148.14970794008238,249.26191135757966,4.5,24270.435887252155,25.23817638247353
5,283,291,92.30348969072165,50.80912817869415,145.6804948453608,131.1190459567871,163.0692181893766,149.98658130992396,2.7838990480528256,14675.095898757714,22.150441419123766
5,284,310,121.43373225806452,106.45862741935481,73.14518903225807,292.91634383859963,67.39114994722952,145.3490570921271,2.0,2115.281808555087,6.487648607613788
5,285,349,65.63641690544414,77.94594469914041,53.59212922636104,207.92966805294304,49.66493724635063,77.6623072797988,2.9406011970331316,4374.6944561181535,8.281706397368515
5,286,910,76.30263450549451,123.90301318681318,161.98768351648351,91.45707032858678,62.97377327917485,104.09565828974401,2.0,4812.796577053672,8.503959342990235
5,287,542,129.70332656826568,33.229379520295204,47.09668837638377,167.7816614697828,179.6303046202063,33.62145088690681,2.4675491957364692,6925.855818243857,9.921202634840789
5,288,918,20.530399700653597,95.80058867102396,94.43758071895425,85.3797609262024,70.22365366119942,162.1817425253514,2.0,9163.902683124232,12.490816685315304
5,289,380,106.27858552631578,66.0997094736842,98.62379736842107,349.0770146498515,77.61615995170072,169.3077729661808,2.0,28823.56963598651,27.861886386005192
5,290,342,103.10866549707602,79.771933625731,69.98955877192982,171.6278555328368,177.8024533930086,144.18114008410967,2.0,2598.37392983827,7.036204179852596
5,291,581,182.74730191049915,164.31921652323578,43.85101876075731,10.157889967119832,97.37692562216945,314.32097581919396,2.0,10747.148724266246,11.046071463681747
5,292,472,194.99789891949152,74.29338135593221,154.81580508474576,92.51539025701416,94.4139706037644,270.77351278787495,2.33219435311117,44291.49066413484,29.780434103102735
5,293,728,80.11117815934067,31.978345329670333,125.483803021978,247.47116852304242,32.129921548693886,266.54352411054185,3.8833221767637345,13138.843023304571,13.250653518537701
5,294,63,136.71503174603174,115.16985873015875,172.33346984126982,107.87763497211078,65.04475261016722,72.86080909983679,2.0,9243.61544136526,11.865995692529415
5,295,1321,103.63318137774414,147.05811052233156,151.00176305828916,187.54930792028136,76.766599035715,308.56244170829825,2.8154217996980195,5851.647763471314,9.092961735185462
5,296,417,162.60295652517985,165.50544964028774,41.14384148681055,233.8592645400605,105.08078135912132,342.39735286634317,2.0,127742.86237776054,27.26558194113203
5,297,269,128.4909591078067,41.18095055762081,145.19665055762084,133.18618458931323,112.876082487164,4.784541955635655,2.245157603435482,25043.100340332832,21.98909911514649
5,298,427,49.843986182669795,129.65699765807963,49.368843091334895,87.7884700550005,155.77136606257233,149.1904712153246,3.6402769794107734,36627.37385881584,24.710976034545496
5,299,491,85.544816700611,70.56513971486763,84.55025784114052,183.37022211633902,46.23970073218994,238.22009252996128,2.0,2667.756093704959,7.098065581928796
5,300,760,22.02140452907895,41.82539407894736,159.63091842105263,309.97083077957285,72.81469457117815,211.66521890849123,4.5,138563.2683193746,35.417281982354105
5,301,1106,178.61208679927665,75.37435379746836,48.3388178119349,284.0084076010024,64.83291607971572,228.47417168636082,4.5,5263.878638962013,8.91077409996845
5,302,1037,11.331396000147542,91.8936006750241,76.3096618129219,124.86258266427112,34.84755920849766,101.71316342379944,2.0,11970.570943459225,13.637946386940131
5,303,771,167.08753566796366,128.7148534370947,156.79850583657588,197.53265020646813,24.508237054720258,284.8512645204294,4.5,4496.1274162302125,8.406940826315664
5,304,122,16.228344016393443,70.86501147540984,150.9640491803279,165.09665673448396,40.34736471629252,223.69653840514894,2.0,19262.562714512755,27.388597681140478
5,305,1132,31.716865371024735,46.497692756183746,57.018987102473496,90.84343077131534,41.48320805117133,56.58636498916873,2.0,21203.402430020218,18.66547275530051
5,306,1124,114.59896886120995,144.15405693950177,116.84021619217081,13.43998917775414,3.908884651723319,342.2529784199069,2.203506916816,5758.20046172734,9.068355463104831
5,307,210,162.55743333333334,93.72547904761903,60.262126190476195,289.2084627515001,121.04058328565948,24.48387919194097,2.1293880292117264,1581.578810556694,6.135446336643639
5,308,280,181.4002607142857,144.25719892857143,147.75289999999998,80.67497434832563,80.21373733995293,292.4561213775152,2.7987478185206194,20305.682554392446,22.150276101550897
5,309,330,126.22461212121213,155.28707121212122,73.30365242424243,311.61687635609417,53.132187176506335,335.387529535954,2.0460637046115844,2955.1631972747564,7.57377439401364
5,310,1135,181.75901233480175,144.467540969163,78.04575286343612,220.36038819868713,54.206437772934684,31.908644446805802,2.0,5909.256402589512,9.284808704310352
5,311,786,100.16296539440204,148.4783296437659,51.24660139949109,71.39776156825864,36.140316639455484,311.94688288628026,2.0,433941.55332829227,38.503462456556065
5,312,576,60.01595277777777,50.254977951388895,155.00763020833332,80.44674610831936,39.73750934382657,233.43315975668003,2.0,3328.193865472003,7.536893733395324
5,313,395,130.08686835443038,130.76532151898732,51.29041139240507,45.99501473268476,73.15340185978457,104.09930842544226,2.0,4102.687214048898,8.072080955528847
5,314,522,113.93503295019156,47.63359195402299,148.6786896551724,169.55707377334784,150.1719398766137,103.78277181859704,2.0,15079.695141422826,18.15734077305251
5,315,630,174.98922063492063,129.13221587301587,96.68961777777777,115.8088304370154,134.8900314273511,134.17656828057292,4.1556780552356365,3783.163303657662,7.977122466072078
5,316,917,145.3461384950927,148.70265976008724,159.1374237731734,231.79439031753216,71.39127716828457,288.8739866949948,2.0,17709.832082839937,18.001911153578046
5,317,158,9.710177371075948,38.85617911392405,36.337762658227845,93.2251169525231,166.7211190737217,21.754271729117875,2.0,3431.608054469236,9.497892030762705
5,318,746,62.109059785522795,84.29464383378017,142.28407372654155,212.5611993465358,4.883860723204525,159.95005897132572,2.0,3584.524685129436,7.7706139679807675
5,319,515,23.749198184466017,64.98239825242719,153.6713223300971,344.5702480508696,36.907163577035234,190.75382656512252,2.3169754947983514,2982.0406640569,7.299877526139679
5,320,1463,65.80303007518796,150.1518954203691,47.13078133971292,130.80778314480392,155.74470706990357,324.6196947787574,2.572040228364005,49867.64600437827,24.87427990802719
5,321,287,94.90883449477352,90.99854111498259,84.92059024390244,221.3193814950001,48.03305297206963,30.580196055749653,2.0,1576.4301399573985,6.079984295860275
5,322,519,111.27202082173409,128.18445472061654,99.56111290944122,256.6358514762009,163.07454321519927,286.52674132754544,2.0,614438.4497196507,48.49607726841839
5,323,559,135.43996958855098,105.38771610017889,56.98698694096601,111.16772148087922,168.4713932806179,122.3326788894952,2.39933868584691,2886.5519338945564,7.255817894150712
5,324,1209,124.06694292803971,85.38745922249792,36.76907196029777,357.27886294864356,2.5927792934069394,245.64215693421914,2.0,6439.446881320644,9.63169525294663
5,325,335,155.54068358208954,104.58939940298507,167.21115552238805,213.98113478526486,56.35861227220103,343.5220006547951,2.0,12566.512641245246,12.661251760032696
5,326,975,114.9369874871795,93.40747569230768,100.90593846153847,105.5176720561593,111.78921393400971,314.585216523454,4.5,3886.291558670008,7.952471124652029
5,327,247,59.93276558704453,135.3667894736842,75.99127732793521,94.28114015329172,119.33328388104873,173.16550644292954,2.3489509007955283,5608.247056932632,8.896844749170421
5,328,372,120.92255913978495,140.88943440860214,151.23699704301075,318.9259068463713,132.49128007923028,279.2562183552138,2.0,254252.06094356105,43.054611788613705
5,329,581,139.54113941480207,139.8977366609294,104.50124853700515,73.90948471553777,32.49497760632274,103.56075176547897,2.0,2787.710105596203,7.047014890649982
5,330,786,137.04013994910943,108.29393804071245,35.167203562340966,345.46364358303754,96.86316485867962,103.01314253492498,2.0,20565.270140566765,17.283276503544304
5,331,320,141.3935800625,160.5526434375,76.5616403125,183.06850247060544,105.98689572655786,110.62643575755004,2.0,1316136.738950208,56.21101809319841
5,332,649,77.1955682588598,83.7079844375963,79.03628628659476,324.24249966920127,21.806159971422577,171.5569354896924,2.1484526130355803,3392.692202501114,7.525911211935402
5,333,913,97.80340109529027,85.34408488499453,124.72953888280395,225.53176341609168,0.24050458128324959,23.063643061781477,2.0,4662.104786164264,8.601161419250479
5,334,1224,175.5534509664216,164.69179975490195,77.43780784313725,224.57870612415553,118.83348930658939,353.470646458754,2.0,48830.62897261466,24.47804850449131
5,335,664,68.58285858433734,82.82126671686747,164.57766762048195,244.38001334116757,18.61126186158312,242.5198543356126,4.5,7589.545080108732,10.597627498664513
5,336,762,20.17790233553806,68.43040551181102,132.09734645669292,65.71892622638687,38.44980375713024,168.42958874953325,2.0,35356.472234573725,24.906853076671364
5,337,503,29.970322385685883,137.75930417495027,113.88837793240556,124.76127856257416,63.64188378902774,190.70651404747426,2.0,5851.650747571388,9.398067393292767
5,338,375,31.294647464799997,115.16690906666666,130.66382133333332,280.26900936851814,14.35110015551883,201.00662892928483,4.5,31773.32570067131,29.822272128113514
5,339,261,60.113613793103454,33.211342911877395,102.4952398467433,147.89907216258675,38.394221960978264,29.94407237470883,2.0,6720.7864911355,12.285813573907992
5,340,288,176.30473263888888,99.10597604166666,38.96414826388889,292.1931967622333,54.52976398820054,164.62094959749336,2.2209762258175214,1680.6274569285238,6.057094280838913
5,341,1174,126.2659192504259,64.18615264054515,41.74723032367972,2.8250594366763027,17.649092640512997,347.0192593127865,2.0,5260.6260948432755,8.87502069294583
5,342,425,150.6124611764706,158.6532494117647,26.57828823529412,338.82813099955024,53.809766905068344,37.4823324377781,2.0326795525677688,6708.560451722435,9.779062831075528
5,343,949,42.68160832455216,66.4043612223393,57.82746438356164,139.55806268932278,105.05716179696364,26.54480243086035,2.0,6220.400396348601,9.454153454758798
5,344,374,18.612121112299462,92.10679171122995,138.28544385026737,245.04717495616896,58.75723463636371,174.62372541677664,2.0,1852.52973075216,6.438349637305042
5,345,629,161.31948648648648,49.97952114467409,96.52308759936408,153.90109260436833,21.224653116312687,239.77565412853232,2.0,4804.019930278391,8.532386565698268
5,346,31,52.29230322580644,67.01059354838709,150.89361290322577,229.69909809579474,143.32804208872128,85.9943629244103,2.0,860.3731927136553,5.504528332539947
5,347,265,102.65473849056603,56.899853207547174,85.93568943396227,309.9732321065473,159.87938919149877,57.613637791732565,2.0,35717.29219274326,26.983110020704896
5,348,887,90.19990338218714,144.77050394588503,99.08424859075535,306.5611495648977,106.83200533015088,301.4356696856757,2.0,4345.750187686541,8.175831811730303
5,349,2495,32.42565958717435,92.20801735470941,158.4771077755511,230.4752575040927,14.771140788960356,291.545160842223,2.639633141562302,27912.367260628143,16.905524985752237
5,350,442,86.70494977375566,71.32864524886877,147.7545273755656,308.07079797894244,127.01850020230451,278.16335840666824,2.0,21564.53652109661,24.346872565505667
5,351,1405,14.613760509423487,38.953617580071175,108.79319565836299,77.85362208240295,110.00402817649075,102.6773342721392,4.249408990949041,90564.85683876555,26.214973304716214
5,352,339,115.48828053097346,64.52818436578171,67.51476017699116,272.10860093015737,25.147076215478222,89.46361451402238,2.0193849117053806,1974.6258427701475,6.327224509691017
5,353,533,99.42831444652907,112.4863425891182,95.63783433395872,211.42865729226136,107.19344218321515,300.22876193323117,2.0,6599.922182429835,9.772854590971207
5,354,355,37.79977859154929,43.17600591549296,171.38783802816903,27.294046995389813,16.55015319384548,111.45063334483638,2.0,76506.341457183,25.01633415879242
5,355,2742,11.623025138993436,153.0412937272064,73.78812549234136,81.41948825796736,82.56468235402217,266.59991671975405,2.0,14396.94693258365,12.48039029293919
5,356,210,72.87734523809524,47.0783838095238,150.8545380952381,301.9156190088124,164.96056363097819,203.34465937005865,2.3960582125292316,25064.198498581613,22.694551868297015
5,357,1117,121.72793733213966,85.82721906893465,135.84466338406446,272.8325351434671,69.48081934440128,238.149528181206,4.5,4354.05344214452,8.20112585203195
5,358,904,174.03185730088495,165.43456084070795,140.80841482300886,103.28446516567983,138.29706149721167,68.89911960437114,2.0,3418.5243107065044,7.591634654422265
5,359,739,148.062899864682,54.967357780784845,95.59443355886334,40.73299751524238,65.11322245552248,221.1986252094914,2.0,3009.467159658169,7.266340961382642
5,360,1115,177.1350022869955,61.69317686098655,114.14106618834082,24.663639831058756,120.41710828496753,10.097282337317086,2.0,27294.6957447602,18.827800257686192
5,361,515,32.53109029126214,124.45413669902912,104.12371300970874,252.36691068254217,101.85920970481637,335.27745126905234,2.0,37727.46859122283,29.814850551850228
5,362,1513,83.78886530072704,43.74828433575678,94.07190951751487,33.14039212465575,175.43916917452827,145.97742756912032,2.0,6590.0680497934645,9.537280759476777
5,363,414,86.13158140096618,169.40486956521738,79.62316811594204,140.94537746195704,166.85414089968134,103.4445747183481,2.0,2519.350564695282,6.88082300562895
5,364,188,111.94097340425532,94.95491276595745,151.8618829787234,53.705188007330534,176.63675781127233,26.54006903109653,2.0,1878.8518901045757,6.274538610425573
5,365,1052,89.65281150190113,65.40570684410646,51.13533365019011,41.415999309847926,137.97364590670708,92.1821980766481,4.5,4568.956706952481,8.352144146300372
5,366,158,31.153801898734176,51.70055253164557,35.204060759493665,84.83268902193359,118.66238792508811,289.53084949226286,4.5,1479.8067598234743,5.91985485480948
5,367,292,155.2427737839041,56.65491541095889,49.493844520547945,69.40545232031494,164.2443579970827,74.05084373122891,2.1187888567332194,96330.69446226778,35.890338353421
5,368,626,139.9764089456869,82.65889408945687,121.26376038338658,190.70551217111438,134.87437407880773,195.77136014990052,2.0,3843.7043632628993,7.890868741468147
5,369,1250,62.22814144,53.01844512,45.06913232,105.38790997700887,4.917237053314536,284.9936445284152,2.0,5230.620141574306,8.86059234074804
5,370,858,16.549408330139862,32.735690442890444,52.43044965034966,357.21775560904825,104.1584104345348,5.0432477760050975,2.3070339315036157,25734.074208997186,24.097305814239775
5,371,403,73.22361290322581,37.24452729528536,34.965340694789084,146.19887580118404,108.38605364162973,201.86923045843113,2.0,10096.693597884087,12.826794960933874
5,372,650,97.22586661538462,113.40988692307693,152.01756923076925,9.255071312354062,73.80327545231093,73.13856407659576,2.0,6499.238543501205,9.591351998702612
5,373,556,24.16686390791367,78.36090287769784,142.32141726618704,232.30542382717346,16.241903740239948,104.33967629966449,3.1080680679936545,2924.7804072877866,7.28799171957381
5,374,823,145.05787484811663,148.4587781287971,101.68839210206562,152.258715600073,53.87648774918216,349.81767420084725,2.9289378066479883,33576.601429511924,23.463122699348805
5,375,1087,20.25062697902484,111.2184958601656,122.95654112235509,338.6982399029185,104.18095085751487,263.7459620883755,3.7652371462256697,5586.031931132023,9.009809705846136
5,376,364,75.88904258241757,128.0266758241758,153.13035164835165,141.2218080011937,40.48582345149813,3.672483524738084,2.0050569551403785,7431.653835765154,10.315104217914838
5,377,880,123.07439772727272,108.71762011363636,139.43697954545456,112.03897176513921,48.04351895405076,222.24247409429327,2.0,5069.343493887098,8.725132290319543
5,378,941,161.24533368756641,161.12240435706696,49.59431360255048,312.99450874251914,115.36039866362555,264.47629278685065,2.6768909739644036,6605.319845719338,9.391024356225868
5,379,1624,116.51054254926109,126.52180357142858,163.8150197044335,76.26188645054648,55.061123505204165,217.9615334949343,2.0,6996.660188073216,9.573683910042663
5,380,1248,53.01936586538462,48.17174134615385,36.92732403846154,310.88927277987284,174.56386768363288,239.44757576353632,2.0,36618.00249638744,22.98906788662379
5,381,409,143.24422249388752,91.55171784841076,37.721467237163814,193.21220709823803,52.17403753546969,16.2065735845874,2.0,17704.137904017472,16.902999183685733
5,382,992,153.04776008064516,129.3426622983871,87.46305141129034,153.20412994637465,174.10285832114587,331.05344912919503,2.340805604685856,3898.5468087525805,7.965414990717972
5,383,12,122.76716666666665,155.39850000000004,143.17324166666668,63.77100342046746,150.4054265521402,136.78794056244297,2.3685366826707535,11413.090893721894,22.64944912525031
5,384,554,187.86739902527077,78.33255776173284,32.5235619133574,45.74518532725067,57.57266195094345,10.577024016980072,2.0,48240.63801768648,21.12878383631657
5,385,300,97.935405,46.98916933333333,37.029533666666666,251.69129444429393,63.69905220443957,37.85934044270097,2.128333111265577,151246.23905244662,32.98436664046948
5,386,105,157.88435238095235,116.57544761904762,86.38601714285716,139.5763175586316,53.5548505971261,141.65261989855873,3.4516176345651224,3663.0676086525436,7.75745248977364
5,387,142,116.2472605633803,150.8275563380282,83.9316161971831,177.79290052526,121.92230449619883,349.4218347166224,2.1646703331583192,1350.1006084496596,5.636560341632333
5,388,1072,183.9301922761194,39.0822239738806,68.28870447761194,17.47432369655405,77.87444061995755,231.98317468228805,2.0,39679.630559008176,18.49715947240431
5,389,523,158.46002676864242,120.0098087954111,60.32464741873805,150.66941247638553,147.81146567653835,123.17537172498602,2.0,3135.6382403974508,7.432139447506832
5,390,772,145.20627202072538,156.82933989637306,84.2137853626943,40.235583766900895,37.6864862147076,355.5997407554628,2.0,5253.527390264335,8.827588313916026
5,391,634,19.992058397176656,85.97897492113565,45.194181388012616,38.5705891385017,8.254118953115634,115.88122246922657,2.0,23024.359715873696,22.750645615746652
5,392,1637,91.72919144777032,52.41075448992059,116.22892816127062,344.8423111680864,121.55862712037833,134.94863312949346,2.0,5956.702745388217,9.193837291986684
5,393,173,101.53089817919076,70.05870115606936,166.37472196531792,212.75022775061336,91.91628088117388,143.5299600858802,2.0,811514.6974983383,49.329995331602696
5,394,269,102.3611687732342,97.83210446096655,86.64639814126393,32.36546256994986,45.28132677587196,195.14650817053416,2.0,3145.4534684297264,7.749444927663596
5,395,223,146.71599999999998,42.382581614349775,136.65864125560537,315.1537961016271,22.802519699748355,146.36935189448144,2.2546495254135928,15636.776211437133,20.660321438807163
5,396,374,165.19046256684493,52.85349144385026,144.28225989304812,24.225393810815067,6.974374766489526,105.79271045869977,2.134144588093513,231436.01673705576,42.803643870085665
5,397,630,65.77083587301587,97.46983063492064,47.87383603174602,341.04024129742265,149.15404194986394,10.65710860662081,2.4976111963456398,7212.838440824145,9.716059011998233
5,398,486,179.6504074074074,103.04651008230454,134.02014814814814,51.32327512610008,143.79250650739974,252.06582708187617,2.7834493360003156,2393.7313996968687,6.707750964571885
5,399,1024,53.82908125,161.18100800781252,153.6099140625,108.00443683644926,109.2761963266975,281.81547613457406,2.462724069159973,18684.605281379525,16.598084128925624
5,400,1946,37.202152312435764,38.746681654676266,110.72392620760534,182.79412915957855,51.2726079340813,167.9559141354851,2.2139241843412254,7338.682142174888,9.807901269263231
6,1,442,36.007151416289595,132.50393484162896,78.46776176470587,67.6405964737173,179.27903814513013,55.45073932485173,2.0,130456.97519966944,35.16956450736398
6,2,571,104.22028791593695,128.58730665499124,116.7134570928196,251.8985067020938,23.078574327911237,267.4472209374801,2.916410565177023,24800.92440211596,18.934168117359047
6,3,461,120.53735748373101,134.9163173535792,112.6037147505423,72.14976830834998,146.5576153138879,53.4617436670919,2.0,425632.543459646,40.75550603632579
6,4,654,150.96539908256878,62.38480336391437,46.7934498470948,53.47737275101244,141.92472195574788,33.99316103289245,2.0483499491366604,3433.568981840381,7.680177483945326
6,5,699,134.73450500715307,127.75268226037197,35.582817882689554,254.55681886515399,23.64703571370885,358.78726335621934,2.0,63989.90429989596,24.26481674516622
6,6,523,21.442151185850857,39.79176462715106,33.03941854684513,24.002605639353035,153.74570883707864,110.75168679435819,2.045350166916032,19883.55702062564,16.337942240940777
6,7,685,87.50109459854015,125.96390656934307,84.14057678832117,329.31562281483866,60.734413734279016,331.0958989630259,2.0,5121.739679567563,9.137892615936043
6,8,629,32.566688235294116,71.02849109697932,98.94720461049285,346.7615098778109,0.9128270143201056,72.22299177587774,2.0,4780.541805998972,8.709991450930273
6,9,527,70.72914971537001,90.22475123339657,111.08498880455409,319.16423201582035,65.75504650483488,21.404508904491962,4.5,2360.3719348455,6.724045122131332
6,10,266,142.91298576691727,94.8770909774436,134.75886090225566,344.47990154452583,19.798492182581136,183.0252706675401,2.1733359328262627,14803.513907062514,23.701563728485414
6,11,452,27.28725681415929,56.027198230088494,76.33568362831858,91.33784990500358,22.342152626082456,236.1451890880618,2.0,4045.080212239059,8.286530940466374
6,12,857,69.13053838973163,34.892638739789966,57.667458926487754,260.0223072399776,105.02638006986918,109.06856715616892,2.0,13491.64180412475,14.133309517651604
6,13,835,43.31742395209581,127.47228023952097,136.66548766467065,202.0041535706674,129.1646471745043,330.54579478583787,2.0,20526.844636692593,15.128336303169926
6,14,145,85.52277655172414,46.805915862068964,103.5528475862069,21.394401041515465,152.69441928366015,74.6543106924318,4.5,14147.647127790668,21.485654084864375
6,15,661,149.15557034795762,57.05445763993948,88.93982768532527,181.0253358610134,1.321987431499707,57.34024107124699,2.0,3489.726336852637,7.7758484705779205
6,16,501,29.297685708582836,62.73013233532934,90.28192854291417,239.05299018441,122.81567973972564,44.94596416771179,2.0,2339.7096088030144,6.904454222352612
6,17,591,104.05846852791878,133.175179357022,56.92143536379019,152.7827574951817,4.619655249697685,231.56220673401432,2.0,87271.72832335431,28.121167582046514
6,18,668,108.33655763473054,136.1994254491018,135.16292574850297,317.2789666426452,6.072805056924215,48.681139835314625,2.213330594534705,51245.03056129859,21.120066063486934
6,19,479,94.82132693110646,118.96383924843423,138.67270772442592,206.00656683069434,16.6556098812486,34.28979108679353,2.0,2965.0921914952237,7.362160238997535
6,20,1108,17.472185152418774,78.48080397111913,87.73777238267148,83.51728098955739,1.0129589950519247,222.24943078479333,2.918341757995184,31611.431005238654,21.263430570791723
6,21,1902,35.602145646687696,97.96752570977918,45.24884106203996,148.07611946732308,155.75163428778072,117.91969505382686,2.0,7160.427161525301,9.654932645904134
6,22,1397,117.83464273443093,48.70953106657123,71.0012763063708,13.915628093099762,69.6836909680648,313.44735087731254,2.0,4967.484349766447,8.637808455134719
6,23,1238,95.89476865912762,70.49906663974153,95.63125848142164,215.36644973867834,73.19547062529503,335.12276882061144,2.0,4907.324150685371,8.526623764209818
6,24,578,43.868244290657444,37.88605934256055,65.43418079584775,324.635180000252,83.05346397474591,196.25184338664226,4.43467082219404,5149.84035035386,8.85653103255767
6,25,1415,25.805155818727915,119.44792932862191,62.844127067137805,218.922604059044,102.35322941330381,203.31016339527258,2.0,32434.342598947744,22.92750227206521
6,26,1092,24.585496850732603,113.3866510989011,109.71587234432234,137.60371875283786,35.19783456671357,223.79944709261827,2.0,5693.488858272598,9.05177737261798
6,27,683,46.00069516837482,42.69158931185944,42.74139033674964,125.06005848672429,15.213816806310351,171.2747415148201,3.9842819572632844,9499.66420864423,12.238475509175139
6,28,1254,65.79307261562998,129.99441555023924,113.96379162679428,15.759264484465131,154.57456946790424,253.0744145318891,4.5,241585.75099957094,32.819963459534854
6,29,503,95.55939109900595,117.34504930417495,54.03194333996024,249.78746339993407,42.1820211063431,178.28346672893568,2.0,327851.21754848695,43.41343958554497
6,30,491,140.35445621181262,50.839646639511194,79.54244928716905,195.0716060338169,163.04347018270673,171.020444159506,2.0,3210.075102722449,7.70627247908002
6,31,960,95.63110822916666,130.54410489583333,41.88827760416667,280.58200745206744,75.31306420396966,231.45057996715283,4.5,6044.019090370901,9.822596693008295
6,32,553,133.3889909584087,75.96826130198914,115.28439783001808,209.09452281529354,18.12461419946138,217.927784709997,2.0,3388.9953276654537,7.673097111128395
6,33,1214,137.60947858319605,133.1380478583196,76.0734244645799,343.64474228185566,61.355658800451224,134.2104523515737,2.0,22590.80709468694,17.273106192243308
6,34,122,156.56393147540982,138.01548524590166,122.46280983606559,296.54073209515747,55.48047003193547,238.23686128904842,3.6768356621717193,236759.2637932867,34.76275163723304
6,35,407,72.66147027027027,71.64711867321867,117.3981039312039,196.7754187260936,10.177871786496478,128.61138161075826,2.904634481708708,3167.887408984287,7.57025610628573
6,36,531,133.5750583804143,63.70040037664783,30.1146220338983,25.103982971774045,22.69892383798501,108.80705482146979,2.0,13909.150515305311,13.71643295062613
6,37,1024,51.01536201171875,69.667767578125,56.215779199218744,249.98471921866562,4.463455138956725,150.10488710077036,2.0,4047.6655426861844,8.03835602524266
6,38,1152,17.936003431857635,51.243784201388884,127.58869539930558,127.05278639612459,51.24267453867097,215.26340687333433,2.0,27964.37989524646,20.001328525929633
6,39,492,50.657601219512195,114.71453333333334,109.19976504065042,338.25175628029285,147.9775621899781,212.1061617326862,4.5,3398.2775665624977,7.667894456013653
6,40,976,128.84843442622952,121.863875,67.45833012295081,288.13609512901957,66.09737366666316,81.45971889543398,2.098855402246666,3970.377688086275,8.19091964246006
6,41,259,128.7450651158301,53.488481081081076,32.6715444015444,106.83704075444788,9.884996372353708,25.67142935391537,2.220372494020652,37822.225349779976,28.40180779910885
6,42,1167,40.802239339751495,40.701475578406175,55.433492802056556,251.1743063163605,40.62469473582957,41.19768637325434,2.4848767004112426,195018.8409469595,34.91683118748104
6,43,416,156.97581490384616,46.88018725961538,109.16554567307692,138.39616934509658,0.201034526297299,100.93538450635297,2.0,2370.9572826612607,7.151696066154727
6,44,1303,114.36761780506522,108.37894604758249,57.50014996162701,326.8780952144514,11.448606279113251,21.236491541099536,2.434187942285714,5348.5860669201065,8.80845864801979
6,45,153,118.63809803921569,38.18304379084967,131.48135294117648,165.21042172923603,54.62792908105245,275.504048928183,2.6606822588055365,1274.3698913265112,5.863713101224022
6,46,1049,68.96280467111534,56.38399122974261,77.74690896091516,146.17448356699808,106.88351987453201,119.23635929390079,2.397740053523859,6167.822077251183,9.218320274058732
6,47,1437,15.313897581489213,50.149209672929715,118.59284996520529,148.42641848732072,21.123073483866545,167.400589305447,2.8482413696748483,12839.332440289223,12.658089138664495
6,48,1068,147.15347927059926,46.75412602996255,137.3917869850187,38.29099951789829,47.65768976930212,303.2572526593554,2.0,74992.30061676608,24.2279318505403
6,49,856,119.96170759345794,66.93056939252337,49.3005148364486,341.6109206551923,170.68895834732453,249.95993715607798,2.18717580500154,4194.162903349878,8.160203831954284
6,50,271,126.99323247232472,124.999926199262,127.57135977859778,34.51061055118419,145.39709749205585,36.5921502351876,2.0152404732577165,34892.62555375907,22.106730170743788
6,51,174,67.05052701149427,43.74322183908046,94.9238235632184,172.07705577979232,144.52177618469918,340.78956810643587,2.151596289332454,52578.06849067034,23.85748859427717
6,52,184,107.53363260869564,90.56595760869565,112.50453967391304,61.28089003722158,86.26130598491439,132.58192341729082,2.0,15281.960263138575,23.14179763710275
6,53,991,123.233897679112,53.10622704339052,99.0669599394551,102.61177927078035,69.91376159013096,328.61763443893165,2.073609950630678,3565.3900451995864,7.74067619890421
6,54,17,66.96012941176471,75.23273529411765,35.995958823529406,198.249438204618,94.81812154410095,327.3442155109734,2.0,20422.929931601,20.59342677003303
6,55,1543,118.02813214517174,90.56272987686324,128.35386325340247,317.0817846279347,102.91027628324782,12.774573408275053,4.5,5913.8754834908195,9.070819968597243
6,56,592,60.215754307432434,60.16279814189189,112.1882410472973,52.15920538904427,147.29309041036154,170.9858355700484,2.0,532023.184630337,44.17810924475723
6,57,262,33.4665393129771,117.27865267175572,53.61010419847328,83.72596899547676,65.55835048863341,238.9275072447502,2.0,20149.52766450839,22.64224055432076
6,58,157,117.80435859872611,118.60856114649681,132.40098598726115,113.96421819164955,163.5595874103066,243.0367448569995,2.0,77095.65167567837,28.93604688109485
6,59,482,159.23972197095435,102.40011307053942,101.1201572614108,153.33342322567242,101.97121523662167,138.28533320208896,2.974787478472212,10593.107077414053,14.216400054200799
6,60,954,120.3375390985325,129.12689056603773,38.363876415094346,28.043938654608624,5.694645953581077,60.74902688361647,2.0465037767355656,21014.444088184413,18.988280855059358
6,61,221,115.69016561085972,31.75886334841629,65.72468552036199,137.69425369097024,88.87815741216345,124.20951708686282,4.5,17246.28615981994,16.853279326865277
6,62,1728,131.79199074074074,106.72409820601852,101.1852117476852,176.85326206099768,172.25056579885626,260.8416017180423,2.1608000739293187,6207.1077477566,9.316568795659434
6,63,1259,107.23066092136617,95.45395925337569,77.74476989674343,81.20544339110413,62.48783349054376,290.79112225041564,2.0,4598.726029373806,8.419055907271892
6,64,788,104.79679961040608,45.016247842639594,133.24092017766498,275.1243600470525,35.4783262639571,297.7738107796101,2.0,24433.587013061002,17.960595638244957
6,65,763,66.29160353866317,49.39291939711664,45.72393656618611,82.12191275639624,2.3825377331235464,242.30849423097285,2.015014146776266,526152.3360330187,40.646209577570524
6,66,338,110.89033609467457,135.574074556213,122.45180769230768,65.88527910606044,115.12111697686375,138.2239585462159,2.0100565364261325,12266.494343232196,15.354303158441938
6,67,393,26.537392595419846,133.78948091603053,105.06840152671755,321.4275099708442,70.77245881725688,325.61759727512515,2.0,3288.0771215905297,7.534929128022211
6,68,1244,52.4654753215434,106.4399578778135,130.23224035369776,226.8872672285555,112.35977015769711,61.00253601538811,2.0,4416.323132293717,8.462536207245718
6,69,918,48.246424727668845,64.59592875816993,100.65445588235295,226.48753565243,115.27875604857864,66.74871784597701,2.0,161139.01633676855,32.99651777877867
6,70,308,65.12532207792206,128.09486688311688,132.07485487012988,75.37956358844073,170.22123702857044,320.4352593805926,3.495773781578072,11178.445241255173,17.029813134900547
6,71,475,160.4181323578947,61.265353473684215,107.06790757894737,30.015446064695293,110.78594288229148,133.1197694299458,2.0,3994.0924777124137,8.459753593818865
6,72,480,85.01629895833334,118.64706041666666,108.35050229166667,283.79506079504824,102.4655595409583,14.146163364505831,2.3042372218109253,3719.1718972778117,7.7523220803064214
6,73,857,135.89006651108517,37.33538401400233,107.09275752625437,42.80471190570355,78.33717807221635,266.6251809974502,2.0,11952.273508256529,14.737205962729362
6,74,1028,157.91899524319064,78.83179075875486,97.16127529182879,92.19536021576353,92.42155238994556,264.62166009868366,2.0,12388.932123817262,13.270914244172552
6,75,485,14.753437504123712,51.006242061855666,70.66666783505154,33.24411561158858,98.65948593577343,245.88305171553387,2.0,290985.7049291575,35.7108960388857
6,76,807,87.46307286245353,104.22755526641883,36.40567484510533,357.48023719320935,76.5051872699667,235.49723022366575,2.0,6189.177870368843,9.655085800684192
6,77,923,142.98309100758397,130.0033653304442,132.8348374864572,142.00902243225184,159.21222629164154,7.29799150545726,2.229258222530146,20559.541325423226,18.51109258970284
6,78,80,61.254538749999995,118.85939375000001,90.36664125,197.8053544398871,92.70736240136179,323.8600896987048,2.0,190363.95906291422,42.280890449680015
6,79,326,114.16730061349692,92.87644570552148,32.82697699386503,155.69582715024245,132.868454659175,18.170696769104225,2.0,1553.7475456776517,5.801216874149692
6,80,1217,126.3336474938373,74.19148627773214,70.51273730484799,281.70583353265204,45.25047785566795,232.79325572988344,4.5,5378.177336992388,8.977667757775428
6,81,385,15.007409446233767,48.614320000000006,45.243815324675325,212.25797582553494,143.27741329557756,264.34859568181867,2.0,15539.10248093008,18.131202358460055
6,82,606,62.644498679867986,75.45383993399341,102.94346435643564,201.5926578103328,75.66967729259301,161.57777857362026,2.1929309805791335,4034.0677680540657,8.046489538475315
6,83,810,82.66582432098765,63.591717283950615,53.978213333333336,278.8187863674029,147.72810951395758,178.83117803081535,2.625430276826516,3711.726391992801,7.971502696932009
6,84,519,80.9494493256262,113.13461021194604,133.35728188824663,188.0063658511464,75.86062649392082,51.498897210508815,2.0,16793.060665328067,17.22203982338998
6,85,1060,68.37608933962264,44.54025349056604,113.2732909433962,64.86372210603233,101.58067944511602,215.5562135145974,2.0,4088.7802099958185,8.00509943898434
6,86,100,59.545769,94.529136,124.87516399999998,84.26809382681125,2.7405177229147037,141.86847823207984,2.0,3593.6408205951084,8.09687963876315
6,87,816,65.09339117647059,97.67598872549019,39.2187205882353,150.7638785168469,140.40600852593695,291.5270364643447,2.0,4032.3148186281473,7.97629806009472
6,88,515,129.64483495145632,129.95285242718447,134.86525436893203,334.3638999930113,46.9473213213903,334.2898470213942,2.0,15735.269448360303,15.790993261418649
6,89,364,106.07007115384616,82.68639313186813,28.948545054945054,180.46434657218143,17.03978387909373,92.04233799936664,2.080257120400921,4530.817724535815,8.278576388698465
6,90,613,160.115069771615,129.2694681892333,69.28070799347472,243.9673380865216,122.12318669108285,113.86775061522341,2.0,5502.932867012776,9.039431494736403
6,91,548,55.35379689781021,111.10916040145986,77.52540766423357,131.61412163154208,137.1185794760959,309.8294022324295,2.2431338410584747,132018.36159273607,29.50281632162654
6,92,134,66.06626791044776,37.70131417910448,48.00277910447761,61.16102629839266,20.011370170609066,146.5916091636868,2.0,151831.3790376573,30.75650347396523
6,93,1336,68.21846631736527,44.57669236526946,36.021761976047905,206.39455193302445,82.17797462006456,317.1855558077729,2.0,13232.03049426934,12.129188900810727
6,94,1289,75.6098542901474,86.73646633048877,70.40671737781226,102.7929265723412,157.83187807397658,251.78069095643005,2.0,156452.06935026764,35.43427331735586
6,95,185,14.164606918918919,140.15598216216216,77.78034864864864,208.57630069890038,164.78482403137167,172.34266494325624,2.0,7051.649088389295,10.023631662979788
6,96,182,43.69332582417582,126.74749450549452,28.76841758241758,222.61779440105266,83.38606577158112,327.19353552920074,2.0,7683.387433950772,12.59171184296941
6,97,1309,21.345553212681438,71.68480061115356,38.88186447669977,354.8463448488318,140.44332398231307,240.44687943295017,4.5,5922.023940609257,9.123032823760873
6,98,503,111.60056500994035,108.99611689860835,38.0777536779324,223.85448441449225,72.80031311853931,336.71918224915555,2.0,11851.534534558159,15.911712378566213
6,99,333,61.14664204204204,31.013492792792793,101.4734144144144,356.6494573091877,14.467247174720343,307.81286703739187,2.0478525176957265,5178.161826373646,9.03233968335916
6,100,1587,71.65141172022685,103.6038377441714,62.310022369250156,266.7767957308271,5.19894668270325,322.8216087198126,2.0,7726.350615340227,10.029813124032747
6,101,70,161.255636,137.68438571428575,124.9518128571429,140.3169389417073,74.33783412827995,330.64655126111325,4.5,63419.66711442636,26.48598612862538
6,102,286,22.44023093153846,42.798382167832166,34.054819230769226,142.15631637412145,35.6033994776311,142.63385444900064,2.8507713347336137,23606.17480445884,23.943858343678897
6,103,898,82.1638671492205,97.95661536748331,131.9705289532294,17.911883893249026,81.25717270553093,209.84263614993395,2.0,4244.543069143929,8.106667089851536
6,104,989,149.6666454196158,39.36672537917088,94.46668179979777,317.21957305165455,156.82942931686722,178.04682329234353,2.2390711411270647,64463.542340623826,22.71965125653669
6,105,989,87.58603902932255,98.83286107178968,105.24125621840243,142.9907254957001,108.35320158194209,252.75676030780065,2.0,4121.409541263804,8.184136255781295
6,106,497,141.89005328772637,50.15761609657948,55.769605432595576,103.856567933851,40.880434203538634,32.365415391346,2.0,33976.660185131586,26.402936788934813
6,107,1122,90.26051515151516,138.78357272727274,90.86383377896613,194.5734607136714,149.21427357070968,273.79539279003154,2.0,12469.536321356185,11.859130652221765
6,108,741,27.853700454624835,139.73308987854253,52.71186383265858,162.12919924174938,102.24884794374984,345.0208414593566,2.4700767317842156,61820.136377200346,26.845659380990472
6,109,837,147.3609127837515,100.7774303464755,63.469456869773005,67.7108211674238,178.10566094134518,318.7955437532333,3.0491672521778876,3990.7162931139983,8.035645679423197
6,110,472,106.40117139830508,134.09875847457627,125.9835593220339,327.31394124126183,161.0616441171592,65.53576007723315,2.0,3422.640630196817,7.587719332246702
6,111,632,112.09355601265823,27.700256012658226,43.86241107594937,62.50042915778149,83.16605103920472,93.07640804156718,2.0,7856.452896702761,10.306041389019317
6,112,464,121.35200431034482,65.17314762931034,127.90566163793103,58.07733870915718,175.14122774442583,29.021215887985644,2.0,2881.8594277054262,7.275510630801915
6,113,1028,67.11230486381321,124.9506829766537,113.4906763618677,329.79977106883086,110.68146043874087,116.81958854121532,2.0,5431.412826289665,8.825567081687781
6,114,449,92.37087305122493,111.25393118040088,85.2346832962138,297.20182727781327,102.56223580843344,31.91867716571125,2.9172475348573896,3766.7780693037,7.906378840277777
6,115,319,129.80466771159874,38.67440282131661,35.7654304075235,118.66126668881579,69.93365672067779,58.90243330500142,2.0,1907.895974149473,6.351315705090287
6,116,1073,28.48823062907735,136.50353662628146,94.71058033550791,161.09164850931526,36.03592041997446,310.89435963019037,4.005659121669707,6857.232641413609,9.895523371660497
6,117,704,26.061678423295458,69.62801860795456,35.110536079545454,224.16177958353362,107.97886718106665,3.472976735921507,2.0,18679.825566295865,13.960519980376928
6,118,363,107.59053608815427,57.18114407713498,79.10787438016528,100.62987241483171,30.82772276830938,246.51653068251343,2.0,4378.995768766856,8.278025943555381
6,119,519,56.359673217726396,105.35485337186897,26.884382851637763,170.52854725126284,172.55470205934319,321.04000942987824,2.0,2881.527426653114,7.486267392603199
6,120,794,27.443963790931992,31.26988438287154,42.25450957178842,111.28079640264735,25.94413263390624,314.89946792481555,2.0,52862.63956109126,22.193523175520756
6,121,981,137.15716717635067,89.61330682976555,34.475072579001015,125.2633315554766,6.094320343362112,171.03849783905673,3.994250425985387,9948.026090842592,11.889760689768531
6,122,1027,118.1672799415774,37.38258072054527,89.11539844206426,161.13204325094915,164.27185911272684,83.69347546874866,2.0,24869.659177535887,17.84373704317919
6,123,331,20.778372694561934,41.97495075528701,65.3064836858006,285.6292058893367,172.80579431633498,50.48492010576605,2.0,3424.2601105071058,7.935676856857768
6,124,1216,34.43461748355263,39.8025052631579,102.49515986842104,127.07793917183396,140.05191284551816,281.6279266879295,2.0,5492.860341351563,8.91672474970443
6,125,1209,98.60567460711331,83.13846674937966,45.637325227460714,81.20759284316978,55.86671790294899,246.91140449399938,2.0,5052.938787029482,8.581115549204325
6,126,401,28.717011823441393,122.5434506234414,88.03258653366585,16.3984578520822,131.1804036979096,149.12915398176003,2.0,37640.522333703695,27.14689662902845
6,127,809,24.910919559456122,60.417725957972806,73.28867453646477,27.253632594561658,115.03045460171678,6.414945969295709,2.0,41527.70846960708,24.376189384088963
6,128,530,152.25853962264154,31.645320754716977,55.221465660377355,65.04291759166533,178.97078425917528,54.41212068664703,2.0,12909.90925989674,14.721221021682517
6,129,1386,64.90630050505051,139.43891507936507,42.71896262626262,273.36192989397017,30.524905890547405,319.1081320380595,2.0,9229.451108213256,10.85196554173949
6,130,354,97.63522118644069,88.41975988700565,134.35781440677965,133.41843517803727,76.08688555420396,195.3255383652029,2.0,12909.458921733925,14.192822523889035
6,131,152,158.2013947368421,135.8033157894737,129.16572171052633,337.5447628679392,171.98676803760128,77.61998448780486,2.0,15804.795251304333,18.74159437300126
6,132,171,42.5003783625731,69.75762573099415,84.42202748538013,21.464091764973308,31.390692636418787,202.59705202886218,2.0,2274.3954643626353,6.591791368069729
6,133,593,102.647047386172,49.864000843170324,75.82844603709951,269.5669692128023,164.52958086725906,312.23437031607557,2.0,35490.523945635796,23.583391774031725
6,134,657,83.29484916286148,111.18877047184172,36.508616133942155,279.4044026330312,84.84541718461152,346.4960958821274,2.0,120184.12800383432,33.12288022817339
6,135,125,123.289464,87.90974959999998,44.81072000000001,45.22648524624862,88.5765344445547,164.10465670216846,2.0,153375.4661545234,40.35059602702736
6,136,1480,90.49937277027027,40.36725831081081,93.41969817567568,29.15649746205351,143.9896586134419,197.31566425927534,2.0,6135.030271116052,9.246945195791092
6,137,118,35.90097457627118,58.35859745762712,115.04352542372884,246.92754407704655,47.64380281107119,215.75693104824194,2.0766012039729542,24349.19582806483,25.24185494424049
6,138,989,89.09855712841254,110.48667087967644,61.06109868554095,208.20509470270568,27.984489597508432,350.7223377709753,2.0,135607.31710256275,31.0200994317465
6,139,411,96.56886666666666,77.07408296836984,134.66096618004866,316.06403781229466,134.55152924204134,80.92446418446625,2.0,6083.979996623626,10.366600539306924
6,140,1682,83.0026597510107,34.92277841854934,131.70602009512484,356.52671779275005,125.87066039909192,353.38314225668256,2.079328679840651,361423.9585531978,42.72478987398899
6,141,799,154.88639924906133,118.02620475594493,118.99043304130163,1.1953132654320298,131.37756572935132,136.00184130955054,2.0,3920.371133031545,8.084058560455967
6,142,108,147.35328703703706,97.3419185185185,101.25870277777778,310.98748339147477,131.62768850600852,241.90721920894453,2.0,168614.05417639835,44.147538898049504
6,143,588,156.2705629761905,111.05372653061225,80.58017534013605,313.69520607200536,110.20631622551386,315.4941890070351,2.0,6905.161976040133,10.032485436777828
6,144,696,88.44623132183908,67.62392528735633,113.5022849137931,62.30102342465161,72.37751761471682,114.95574870349382,2.0,3896.00805655698,7.882822715221084
6,145,469,92.04745309168443,34.79722281449893,49.64225437100213,307.40232495397527,121.13627353458455,171.26414171212954,2.019236268926238,11522.091670783238,14.32952234504122
6,146,1510,155.35061219205298,79.66026324503311,57.54005728476821,49.60980208213113,132.81619402600543,324.92238151696745,2.0,22640.10542562778,15.855106127061974
6,147,860,21.179719939697677,52.33490872093024,112.49162674418605,67.75770366478748,104.7603740400275,263.2785142268918,2.0118778059983833,442567.0181899113,40.446685100292974
6,148,645,133.66378449612404,90.39418651162791,82.29831116279071,124.39657539449496,174.81020174306795,208.3210032752964,2.5452654970376574,3801.7179178684387,7.847172199203764
6,149,431,150.0799976798144,137.2300719257541,53.973095591647336,65.56508632638236,89.15402647457152,180.9848976726517,2.0,2648.2073586827864,7.110261915441643
6,150,1779,144.7218476672288,111.07111613265879,133.8014862282181,47.19004445087941,142.17477563831332,220.93008688723484,2.0468827711458037,6369.35592757622,9.537435141454713
6,151,1522,8.845760859921157,98.280961760841,39.93813304862024,201.62862354855412,61.12181747161018,163.40426102776436,2.171554127769882,19717.494857490507,14.115471045819339
6,152,1234,107.8151628038898,27.59947455429497,127.38824311183144,275.01203114383003,131.86284932497105,99.14482223642766,2.0,13592.798418128554,12.224690351526311
6,153,1050,31.52865883809524,109.52224457142857,80.00631800000001,95.92351052247717,12.871892285415763,163.71142813455222,2.0,100468.18353312,30.280643562716705
6,154,279,60.91437991856631,127.18517455197134,101.4050641577061,81.69695156973796,165.8213404023276,168.81956892791783,2.3573238961755503,211147.16235459558,45.27513363325821
6,155,114,145.3503333333333,131.00598245614034,140.63083245614035,16.689584341953847,50.40482548615204,341.78498087686876,2.0,3694.764944863265,9.232400014005151
6,156,1960,61.52151265306123,118.86457658163266,73.59157688775511,340.3347955465015,141.25753342709118,14.101071223535321,2.9237328734332797,9960.016090522886,10.799613078387138
6,157,581,103.03943080895009,135.66289363166953,60.938781239242694,255.90674035263726,33.01060459100349,356.8186517840518,2.0,24067.10943751799,18.63249402197125
6,158,859,89.56271746216531,71.03600186263097,73.55878207217695,350.15446744565764,139.84624814478224,224.26098396094267,4.5,7203.884658607389,9.671429449137037
6,159,895,19.473766228715082,37.99011094972067,85.13816748603352,264.9192435537121,68.54628950804704,8.041511389040355,2.0590761443168146,31202.702755096136,20.11435610545693
6,160,1396,41.94748660458453,84.13894319484241,110.8220405444126,101.20748331696525,94.70460718149619,34.972507903022255,2.0,4721.530233052257,8.458270339259798
6,161,970,70.02032680412371,76.14170731958764,43.04911175257732,257.41810602878115,7.982651519080939,262.67004322658914,2.729371818643534,36230.339500657574,21.503016796549087
6,162,294,144.90799659863947,78.5959156462585,29.3693537414966,159.406819302447,109.53465483878823,275.68748695602613,2.0,11805.367039629231,13.347199012813542
6,163,436,12.46650337869266,38.286529357798166,70.7357495412844,117.33471253797347,65.98724193670743,113.61632278242126,2.4034258520357072,8709.056739266636,11.79873353964866
6,164,324,150.718975308642,50.26223549382716,45.06214197530865,104.51162117733463,102.24294488739609,93.29536677666461,2.11117260102834,1829.099458202913,6.326180049625794
6,165,405,154.24808958024693,78.61275259259259,117.65029259259258,57.20719548469039,39.92751718177283,309.1240989122704,2.0,265071.4956187107,36.5941151783322
6,166,1017,27.48243867256637,96.38343274336283,88.81467089478859,53.515251090403375,9.378056227434755,262.7625646836887,2.0,8314.718417997465,11.039543986446882
6,167,148,114.48823918918919,83.00615675675677,54.018303378378384,273.7329009830563,175.73847764313277,290.60781812671195,2.0,23808.72742721871,23.97409250716294
6,168,699,132.53611353361944,89.7412765379113,98.97264778254649,87.32345471139215,26.65072342720697,320.3514111187387,2.0,299464.61972180795,35.081747919840936
6,169,240,124.301225,47.53171541666667,132.46512083333334,249.46734347690142,175.7048956331688,334.2761615771641,2.5385949940194883,1494.4144555765815,5.734287077350436
6,170,530,111.1505875471698,126.87145377358492,107.17488811320756,310.8272445932986,61.05909661140734,220.42350744687056,4.01850886345155,3144.1191483122902,7.551976960798972
6,171,650,112.03059707692307,118.29806461538462,95.62553984615386,102.19854390204078,134.2062792990838,30.87653777897335,2.0,3930.7966599773576,8.040192525472438
6,172,120,150.42106666666666,33.3625375,41.776600833333326,107.13978359191081,68.47276563162607,52.651853087018154,2.0,1063.8100895677946,5.139014935290405
6,173,980,18.61411953489796,97.74286520408162,136.75674234693878,241.72148309313596,84.42875842886893,186.84741660049727,2.0,54272.28201819198,21.68476059904199
6,174,643,39.97630451010887,131.083833592535,39.06995349922239,213.73473548078059,85.7043185916135,270.8368162421317,2.6065299548706125,4524.430648498912,8.27768114711378
6,175,213,136.11537089201877,127.16412676056338,48.69521126760562,200.29831677859312,136.76589678311254,217.75107396702535,2.0,3468.3419527195556,7.740048882221028
6,176,1018,67.30027455795678,69.26384214145384,41.64239597249509,284.19485057056954,3.041331960111957,30.257807804779166,2.624712695189733,4731.626103093879,8.60371190192439
6,177,38,76.71247894736842,47.027115789473676,102.41949210526316,168.5848244156656,161.37081212288953,167.45813478007048,2.3003537123579094,20062.941836790687,23.08301481588508
6,178,423,146.4217754137116,38.164398345153664,115.14350921985815,306.8281618068103,57.52653376186685,249.19885103959592,2.142383772115405,2746.340761504249,7.074493604919637
6,179,880,13.828766752954545,129.99294090909092,47.72503465909091,272.27319085779084,87.45630766077926,344.01861514026274,2.0,311728.85995205963,35.930416714809205
6,180,263,101.59888098859317,45.77820608365019,131.5303954372623,230.36436445370703,49.1923906388901,60.29434264207563,2.5842486843749817,2002.4847721348751,6.5121228171516075
6,181,1026,108.59916064249512,79.14742426900584,125.57594220272905,308.4634710396094,70.12281392824711,71.37679479525438,2.25203272242101,333735.9031763876,39.895569469342334
6,182,577,17.319335363951474,90.2237821490468,90.75244904679376,231.61297051073618,133.10803827544464,150.15308269690303,2.0,5715.3461622312625,9.15721747924202
6,183,1249,41.44342986389111,78.31878134507606,138.927740592474,155.29893729106428,172.17852074355918,231.57579163444439,2.750521339198121,4770.8247520425175,8.601522954499659
6,184,544,112.65333327205883,54.63184099264706,120.09044301470588,246.0951400977702,18.61923763157533,40.19574957126459,2.508606981101393,2627.986728566455,6.920300616833149
6,185,842,49.21678147268408,59.50091520190024,52.11724465558195,78.85028206009765,102.49041441326801,339.76496608909054,2.0,35997.26135101433,24.28828048968528
6,186,537,57.24212383612663,52.32197951582867,70.19335270018622,327.52089586766476,60.216496239879454,141.6873080647797,2.0,4069.4508699306552,7.999037206136013
6,187,320,41.822387500000005,33.052605312500006,114.37876375,80.80747155324278,145.60466028517,164.0327130814793,2.210572331838185,3830.1457680920885,7.914544613843421
6,188,154,151.71453246753248,77.65354740259741,33.32664090909091,349.1902076880942,91.50929071924686,179.83052402494843,2.1201009758338296,10825.91976754713,11.925841068206969
6,189,226,160.4871923893805,44.32479513274336,90.43463584070798,280.66164625710786,31.302336154176263,203.5375289538492,4.5,7019.991593930996,14.179493507452625
6,190,924,28.081112532467532,138.84450162337663,76.96588051948052,94.6701121151903,143.7903457798175,69.17929585519315,2.0,8455.306748912504,10.556219089031849
6,191,708,137.66944915254237,76.60000437853108,136.41953474576272,275.07029709529206,74.18901724789552,188.4016223606842,2.293303136368661,11471.06178488823,12.618980752193911
6,192,783,28.166574687100894,80.40323971902937,73.87030127713922,57.111453440831326,117.58564943412271,10.931358491571457,2.0,3452.6738521898574,7.832600516248623
6,193,235,153.46566382978722,43.0544629787234,54.719345106382974,172.30340806531396,29.895693279201392,90.08149208225495,2.0,1591.1846498460066,5.861591188098642
6,194,929,21.52488955543595,129.38723896663078,37.01706135629709,285.02462054082974,167.12372495620406,269.69430970660574,2.0,12144.716863793927,13.578760434954853
6,195,459,148.76345786492374,45.344028540305004,71.63364705882353,247.37145394110985,73.19793202177831,333.102095030641,2.0,28539.04434985552,23.27291127547981
6,196,728,133.2970576923077,33.401392170329665,51.148492857142855,43.12272734095539,99.55501474649307,109.43471597698068,3.173993070690327,7387.010664015679,10.828412625710733
6,197,432,124.2902962962963,85.90155231481482,122.39404236111113,118.88494793369412,144.49176293565034,115.22979683159224,2.109667429166368,42274.169005665884,23.80927663358167
6,198,129,143.4146511627907,118.77551550387597,133.4988457364341,181.16616527712918,77.59157560989429,211.50826209891048,2.0,150963.98494384956,34.44734939777476
6,199,232,53.00521422413793,41.50999913793104,93.84917284482758,331.2906573559427,79.92590371920004,42.2583213724002,3.335517599460707,14308.733900859383,19.329381155318774
6,200,119,156.24178991596636,130.24017647058824,135.5199075630252,107.52806789109782,168.32346852622237,288.96350189185387,2.142478793820356,704.5745636567957,4.697895941523604
6,201,1872,46.02865379273505,58.79091826923077,124.92708653846154,122.11724695353735,62.2030047823778,81.01408067727186,2.0,6923.66972503148,9.657176256498504
6,202,1753,46.00544786081004,42.817419167142035,136.37530576155163,35.83959863092788,85.61965486906921,342.79834487168114,2.0,85490.13590041966,23.677611848851043
6,203,284,85.57312394366197,84.02225845070423,141.12474647887325,34.67660430833648,116.05693682528208,344.3524393674045,2.0,73531.22588522176,30.57801243833237
6,204,285,88.83973754385964,70.11235368421052,70.62250807017543,166.7226861293265,139.50428134409836,171.5734144560814,2.342867219317588,33263.47552131462,26.62275547182678
6,205,345,138.91159710144927,63.008208985507245,110.76972869565218,141.80166508416949,141.65086082410187,65.72431566960074,2.0,3190.8453204906714,7.426563027533004
6,206,227,142.61925991189426,86.13051497797358,63.58330748898679,345.71703538388215,63.95584472701104,253.40278222008394,2.0,3814.9510475436596,7.918454376485858
6,207,1453,62.97232869924295,134.86847735719203,92.16837515485201,276.4037756536739,123.35078038071171,230.38928913403345,2.0,19828.99442570968,15.527217405348802
6,208,786,52.03764134860051,103.14438320610687,108.20856717557251,141.43735106141108,1.8379104487126452,354.10744621620756,2.4434731055013574,46201.85233219208,26.22534353518706
6,209,415,84.90912192771086,29.99821614457831,92.12624819277109,150.88015484566097,64.21703700925539,2.8719060582017297,2.0,14101.530715430052,13.257797417370151
6,210,1247,80.78188001684042,135.6925021651965,131.07562710505212,30.08816048091079,175.1720385097326,179.88957395758797,2.0,5907.400337595789,9.199522492096383
6,211,350,108.02614514285715,27.950323428571426,125.894774,281.8921801751058,132.61639108101795,316.4388888328873,2.0,73552.98979304261,25.803159488414906
6,212,1032,79.27816937984497,75.10705736434109,40.94854166666667,258.5151960198048,122.82981466914102,43.814116039909386,2.0,301431.8570842767,39.24831532290347
6,213,262,111.96252022900764,105.57724885496184,41.29413549618321,83.37094048430089,43.64363500552473,310.7507029586205,2.0,2704.4788718908653,7.288222237914666
6,214,996,147.80447891566266,104.52254387550202,39.37181596385542,2.340367969180468,170.92982345878292,206.6582423005733,2.338500977250934,4412.573992982654,8.424197481224997
6,215,343,45.72695218658892,128.2707609329446,110.45670116618075,121.12561692151938,171.77112909671686,346.6660413314059,2.667050618561375,1716.7049678122366,5.987056664829711
6,216,992,18.899189581350804,112.02909536290322,85.64676310483871,85.38147339214132,167.40095577675322,127.08722105914387,3.636345540170168,10405.681317867415,12.997509607123966
6,217,450,80.52180355555554,94.10071444444444,109.84711355555555,196.28128406170907,54.1531354908142,72.14201812512596,2.1081112521299783,26018.346088052975,24.70289144686269
6,218,201,16.49675787412935,91.16640497512437,104.606707960199,265.54468633623674,76.15263169834385,8.166459357229634,2.026920904789076,17225.913135726627,21.324395160667844
6,219,555,97.08815603603605,100.5826809009009,106.0464445045045,199.11938930994015,105.48820489663817,33.418842335086985,2.0,7250.103749678212,9.822117151874297
6,220,1095,85.4398498630137,61.77391232876713,133.70538639269407,58.32177743440795,86.0698753922045,261.1615966163469,2.0,10417.714064960246,12.006181156069523
6,221,174,119.5061591954023,63.92698390804598,51.7681724137931,251.90039083096312,177.32292628353147,219.13163369004545,2.0,30179.991043868722,24.31051365988289
6,222,1373,120.51275520757463,50.54465098324836,39.577355207574655,45.68024032106143,39.08774221500085,342.79798510868983,2.0,5289.339683216287,8.855315715423396
6,223,1260,80.57623341484127,80.63010698412698,86.39942571428571,167.15954078589016,18.847813825713448,231.289884524954,2.0,168210.31107967775,37.69201566922845
6,224,1389,153.3112906335493,138.4205025197984,106.09150122390207,37.32308899130959,81.06890345952469,220.8176582211801,2.0,9117.939746598542,10.52264106422628
6,225,606,126.11587953795379,125.71850330033003,42.67148663366337,115.28269701703805,147.05804992168402,49.34146766505814,2.0,3295.890786280449,7.705909703676394
6,226,485,17.27194360206185,46.56101092783505,37.94876391752577,130.52304695121248,58.342832066586126,105.34651163065669,2.108956280387807,3613.316258296358,7.734770089344674
6,227,74,26.0535987527027,44.15676081081081,37.40636081081082,162.50626594555624,48.76425391953612,252.30543065435188,2.0,27177.545971889118,24.049454674046547
6,228,243,151.49915637860082,102.41225267489712,53.31810905349794,348.67380979111493,5.568770429571906,215.5033974194947,2.0,4325.9539756187205,8.46343888001554
6,229,1107,155.55896876061428,133.98304941282746,39.56420930442637,146.52907995521716,5.129107288945076,204.9848354726575,2.0323250256295036,9595.815401088204,11.20112656500664
6,230,981,79.84473047910295,131.08606014271152,55.329861569826704,149.98551530806523,93.9230902978212,257.18597781693967,2.0,7115.682747317017,9.6353581770882
6,231,128,131.58790625,62.6554265625,58.452800781250005,194.4802133753793,146.1979846548208,329.43758080937175,2.0,45338.21411342034,25.152075178925156
6,232,920,27.009674952065215,122.37540434782609,51.3681372826087,228.4079591217557,129.3738796042769,303.18984121363735,2.0,23977.926968679676,18.40012092998208
6,233,503,83.49229025844932,42.05735487077535,51.36450159045726,197.54655658608266,147.40102287172888,194.78657006170198,2.0,16581.95776172547,15.097205501245364
6,234,612,25.10160032679739,129.0320114379085,120.8572630718954,316.00594052701797,22.03115539288922,94.15403280801806,2.0,2668.8542950330034,6.990441790876777
6,235,608,159.93556414473684,82.88177006578948,129.1846710526316,167.82527063974328,84.44230529597776,283.40790175103797,2.8639447729847993,2674.2554240749255,6.944912222962166
6,236,681,153.85730383259911,117.78114243759177,95.87370895741557,63.46779212314296,47.96483036908386,18.48853005347237,2.0,12470.995803727004,11.670564264313475
6,237,651,63.72054325652841,131.38208924731182,65.94406006144392,216.38706078930335,128.2357367570237,142.8914573182391,2.0,799223.7565899843,46.74943252525065
6,238,1441,69.89257251908398,84.26439007633587,74.6200052741152,249.27496657537404,170.8173395671164,43.11718268717604,2.0,5436.144912425565,8.821252131694566
6,239,309,149.40201294498385,110.47933527508091,46.80083851132686,138.78253423562185,9.24906487050287,10.589699726467995,2.0,29467.98470481243,25.412763047987166
6,240,299,114.76441939799334,57.03288795986622,112.04011939799331,316.7671452806527,29.567802726101363,131.82430168563783,2.0,96388.97220760104,28.758100751261594
6,241,845,22.016355996213015,60.09051337278107,57.500901301775144,209.99675616989907,131.97082847528054,296.2664000968118,2.0,4951.559754874833,8.84910023235805
6,242,951,126.41678443743427,138.05595878023132,97.71851282860148,325.6121759880469,151.21724640307824,255.30124321685832,2.0,5440.214573363173,8.798407762124034
6,243,296,65.64192263513513,80.64925743243244,130.95225675675675,131.45242494608956,174.76143527458146,128.77580782453123,2.2998513488761927,2381.873737956862,6.7109038991734655
6,244,339,154.08479018879058,56.311235693215345,31.19361297935103,292.1912832951169,18.76529831477801,354.27279614047603,3.0194387632506006,11748.15687349151,16.58861260698396
6,245,619,146.13500807754443,62.860787883683365,124.60848788368335,336.3447761376635,55.29032180616734,138.0867107874839,2.0,2972.0021687480235,7.379870565107211
6,246,836,92.16897595693779,39.94649509569378,116.5576601674641,183.79416039428028,97.53842301086736,196.82374878121718,2.0,4512.78417922488,8.313378712940056
6,247,643,142.27490151321928,84.45776065318819,42.44844167962675,219.71353094265197,19.16704206312463,282.776910421423,4.5,185911.75500745486,35.892130163801916
6,248,945,149.8794880952381,37.69379312169312,71.70767449735449,153.78614041230992,143.51748093171696,139.91497652373064,2.0074545724540993,10467.847187367588,12.089665976105918
6,249,829,118.88089071170086,80.47567334137514,99.30301314837153,176.928083145105,98.36352547352564,353.7933466599099,2.2513866314559725,3692.134633314081,7.739189280037713
6,250,806,144.36797518610422,33.378030521091816,123.1835223325062,317.8563862209915,134.07090390667545,308.4915393071075,2.0,22565.084656051087,15.578625559066102
7,1,769,35.61003191157347,152.03598049414825,120.23838881664499,82.67370178006155,171.81205372824797,304.67550584039986,3.0842271657563063,4719.21180033068,8.987330860273252
7,2,237,44.75622869198312,77.18470548523206,39.503552320675105,112.9382565729498,99.10719194252512,166.2139632637427,3.4362259848395236,2896.061947627871,7.356906516073361
7,3,1003,71.26078654037886,48.58846001994017,66.6010074775673,352.7196323778768,174.1328528223635,2.882870078687594,2.165079814213257,43032.354351142865,24.75760378645558
7,4,505,132.20681386138614,153.00228910891087,145.31346732673268,215.2366171889273,147.6691613613209,42.54201875463509,2.0,57159.09095645697,31.20898964291037
7,5,419,158.5693031026253,56.45939307875894,113.90880214797136,201.0395333904897,148.60128815431094,179.69837488051908,2.0,2725.860060367874,6.997392986595329
7,6,442,45.112004072398186,161.03206787330316,170.07445022624432,174.05743812214763,97.17150382650621,316.1442487393059,2.368505125507063,4080.3325394971075,8.328076223564139
7,7,657,29.627748417047187,179.22708508371386,39.002516133942166,129.28986419456083,12.45140767179014,314.1356029176444,2.0,124569.67685747385,28.211591391450515
7,8,1249,114.90913042433948,69.31975412329862,109.22189743795035,286.7595689045287,67.50604661665412,100.72648524181173,2.0,258283.35621718556,37.843390266859835
7,9,802,87.39377855361595,105.43400162094764,106.81842817955113,224.24134172736535,125.59101174135628,230.68247121388228,2.0,3337.4338788250766,7.625086919975222
7,10,493,54.70133387423935,156.05907728194728,83.9291326572008,22.670680159290843,100.42508250526545,208.95580733809402,2.1036697996683205,33332.39045111029,28.655153223177503
7,11,791,97.00105044247788,176.8222791403287,186.85453754740834,112.3334326903467,67.43443286780332,68.39317629782508,2.0,34068.06165388946,20.7465318171451
7,12,98,139.00735500816327,110.9392224489796,180.57281632653059,135.04184006258004,149.88728156551505,83.63326702691572,2.0,20487.507248081027,39.72987469519625
7,13,803,126.03472976338729,125.0315193026152,153.38069240348693,208.92366838630792,7.6585739801981,70.75687365975645,2.371739015703438,4140.930230168173,8.162201437788298
7,14,134,174.22085373134328,79.81744701492536,148.42797761194032,341.52447994018536,159.15279896793083,44.65264064397559,4.099227981554204,28879.42314344532,35.13458741891374
7,15,515,203.03456893203884,59.62929436893204,110.18683067961165,146.42998520686515,45.91308425544065,215.83063176570676,2.0,60838.781628947974,29.726499040865928
7,16,1297,161.38908712413263,70.71727933693138,181.60294055512722,42.15936885883769,128.7895640371139,280.82137623610004,4.5,11721.197474113687,12.015034290845357
7,17,1786,79.4308090705487,161.33559585666293,131.75618085106382,304.1022746787326,160.94734888373952,92.56982762122767,2.0,48624.10839445574,27.619890683440886
7,18,1196,154.92360618729094,41.10460593645485,145.52153929765885,182.21085688188637,142.51286993503805,284.40556613268916,2.0,23920.05766224634,16.51965872230159
7,19,1096,74.52249416058395,40.084612591240884,99.71591468978103,73.41238858499055,101.50393188471459,44.347563799452686,2.0,12468.812797653613,12.098761135709978
7,20,490,174.7651693877551,113.53546530612246,64.64546857142858,261.2065926500985,46.60459504345007,195.85497580826254,2.1403713802784345,2397.1222438952486,6.8047425961316454
7,21,1404,83.23387343304843,89.64901509971511,43.407882692307695,279.13358300478,13.626699433277214,155.36947828458915,2.0,6135.732748890448,9.232194196097291
7,22,871,79.48863329506315,50.81452089552239,105.03729357060851,68.71624400839178,76.44358414464888,356.31940874883327,2.0,52394.49764931944,26.834527726361085
7,23,579,141.6892279792746,47.655703281519855,90.56079291882556,311.6972465041604,22.549441928063406,53.5197460373617,2.0272894097734038,2800.183579793081,7.087237517301368
7,24,521,20.329596238502884,115.55660307101728,166.31784740882915,34.36914986454291,18.607319091317425,321.93771985779625,2.0,40859.552388628785,25.359761608360273
7,25,309,53.58267385838188,147.85012847896442,56.73433333333333,269.9678803047052,151.72753894566543,143.80784216082583,2.0,736588.5651236108,52.567616687523945
7,26,942,151.30511995753716,31.97112144373673,81.76944469214438,222.5341513359217,79.8201497054915,91.5096483118242,2.781638656222619,20231.654156820605,15.305233801087027
7,27,532,60.87209661654135,162.04830075187968,152.5261710526316,25.87486539433675,112.78663071233595,76.14410999754594,3.5585627337946883,3011.584826687073,7.399977354569553
7,28,184,203.51055434782606,59.670867934782606,38.936590217391306,167.59741365762994,103.34882721408128,199.50392858297096,2.0,4806.055227514524,9.94911780254721
7,29,858,78.6429972027972,159.8233752913753,89.02470116550117,25.00813101820613,89.00408083931693,319.83047050751355,2.0,4181.656994549008,8.145885121110192
7,30,624,121.60802403846155,166.09958733974358,184.6454983974359,89.86168404612111,88.12549203392344,354.8862045967961,2.243397403215699,29196.255757005903,25.06618101924205
7,31,1066,52.55938724202627,64.95741425891181,44.65725112570357,231.32868046837882,132.20820955892486,0.7566191022022206,2.0,3873.665241220359,7.988035823560214
7,32,704,150.3925909090909,161.72801988636363,120.95673863636362,347.36289497317193,127.1232574159683,1.961231007550146,2.1962936308816547,5980.987568534752,9.241308259748235
7,33,1347,74.43488685968819,85.65428121752042,96.34232427616926,192.96313851802,24.22609639105709,54.941321959719865,2.0,4898.076328163548,8.672348725069261
7,34,982,160.87687576374745,39.49275132382893,106.35264236252546,290.46828025006965,112.83709208130273,54.930175924901754,2.1883352934836773,26709.366272274012,19.681268655295995
7,35,598,18.063501198294315,166.2221120401338,167.61091137123745,209.52862077820208,93.46428555381277,78.25746951072902,2.0,16119.949109291576,21.071005733175138
7,36,494,35.59757570850202,91.39871153846154,42.84987125506073,91.78425495930745,147.97914418868422,141.26330577815347,4.5,4038.472804789772,8.10939632761628
7,37,343,129.20238483965016,111.91695947521865,91.70196297376094,4.361731533025988,53.762013060520374,237.26966228184875,2.0,1545.6224067786163,5.879994954791457
7,38,1229,159.83951912123675,167.02451668022783,181.12398047192843,353.06887877525907,93.50825361624237,156.34893988814153,2.0,5024.662539589509,8.608463455235922
7,39,1359,133.27122958057396,75.11238734363502,80.85804392935984,165.38233679718047,111.75315698845955,317.84048633793213,2.1766640923818836,5522.334066517478,8.979065871799188
7,40,1314,200.45160350076105,168.68339117199392,35.725406316590565,61.70550233317354,103.30377233238771,157.29725646405063,2.0,21142.374758367765,15.741992874786357
7,41,413,158.65331903874093,122.00544600484263,152.39422760290557,346.215428875182,69.947350467767,29.90355226778596,2.0904325794961207,328483.7364039354,45.78105200395198
7,42,352,129.90957102272725,83.24548323863637,147.17286079545454,130.68308815721983,100.11233671045649,19.94632386753137,2.0,2017.0264416089137,6.444102726092882
7,43,422,181.76440758293842,118.76853317535544,135.44677488151657,48.54117285315325,114.535684620539,243.12771144548142,2.0,2119.1305769931705,6.448511167100716
7,44,484,34.821393388429755,161.4868285123967,181.72088429752066,166.62108405525052,87.92283427657358,52.231427595519484,2.0,3895.767454016714,8.020579709029331
7,45,1089,191.3638992929293,54.49230872359963,53.649666850321395,358.91349738038537,39.447418879325575,38.44950086369049,2.0,937692.7987697095,49.352248522189704
7,46,1102,188.98776406533577,185.81272695099818,176.67160381125225,161.52424078980525,68.30665905837226,155.63936362360283,3.924375848937756,10762.581763753235,11.155594701943992
7,47,893,150.80605599104146,96.99195968645017,155.06895744680847,61.681451487359624,107.27792513264731,328.5127183923179,2.0,4340.925498949414,8.273152607817272
7,48,820,22.03897475853659,88.00081256097562,51.03013109756098,19.55144690791474,113.63641693731536,220.4915291531369,2.1685245757007783,4403.38380873772,8.19647400279201
7,49,511,43.8425927592955,57.917712915851276,108.27777181996085,51.946553014483946,10.107153149377586,290.9543737966927,2.0,4648.897430530187,8.527560833509321
7,50,1488,191.51022027096778,59.13596034946236,173.03847815860217,259.51716767875917,135.16279402237865,151.28951011429305,2.0,159034.09028338932,37.40959852728389
7,51,113,82.92337345132742,96.76472389380531,96.92935575221239,188.3089401402789,97.16276762049111,250.8894138316484,2.0,50117.48797528796,35.113044171538085
7,52,601,41.900726313976705,139.45189400998333,113.67893960066554,40.258206188300065,54.29924768190386,38.29208340449589,2.0,1144898.924150459,52.654951160075846
7,53,1365,71.26154274725276,115.21708417582418,124.12787963369964,121.52173266895981,51.63552146596499,276.3952917170312,2.0,989174.7438993871,52.10976303724512
7,54,366,116.84412950819673,112.56728415300547,74.05977704918033,133.53156036998965,158.80478321919713,137.4944594471478,2.1655424134237427,2844.951203463546,7.4813981611646625
7,55,657,163.80505327245055,111.81856484018265,114.98423409436833,196.05418441911715,138.01284635399787,16.523857739053035,2.0,3216.140004131846,7.658892216547909
7,56,1367,86.89153072421361,93.23089041697148,66.22712077542063,353.22840444195623,87.95200854832729,37.82111609455802,2.3266097332059847,6376.093248677116,9.834015827888859
7,57,1718,198.72005311024446,126.25570582072177,162.9772904540163,239.8109787211113,28.631802936751903,251.55726710573168,4.5,25592.347789934218,19.937004352950236
7,58,464,109.64039288793103,124.0201724137931,66.53324202586208,73.96962453586072,25.21394360897189,221.49234910189136,2.4463929068054053,3471.2251153363195,8.381207691084954
7,59,422,136.20405213270143,177.0867483412322,177.58672748815167,284.8948041413049,29.671811667756682,304.56363186963586,2.0,17136.937430406262,19.594350060405382
7,60,1245,98.45101092369478,161.20153654618474,117.19267068273092,116.55099005525453,18.231055972939114,319.2083798416122,2.0,5602.281142847015,9.540347399403892
7,61,678,18.360646036135694,37.80689410029499,83.38945442477876,159.97346208595903,69.99038774346666,79.43834805723067,2.1114944959619373,8640.059677995805,12.555623910122966
7,62,411,131.5490413625304,108.2656102189781,96.76225985401459,64.58812225614335,146.8566666806554,337.5826856416244,2.0,49029.83618222554,34.400546713737405
7,63,925,135.76450054054055,45.02997005405405,62.2074267027027,150.53022771369703,109.80487767392584,8.88973477756763,2.0,4702.921133009023,8.402204166192616
7,64,707,22.03796446435644,112.6667956152758,82.62168048090523,263.55936870262394,72.93701981447761,326.2146167351118,2.0,4374.499316351833,8.491741112532718
7,65,904,102.291455420354,51.94860884955753,95.73158561946902,331.8665469699632,163.5509961275007,16.338987610769085,2.8810793990468198,30628.819765023465,24.414384784214704
7,66,750,196.65645599999996,133.39766799999998,66.39601786666667,9.588040106221406,38.595796883195916,215.1607690240638,2.0,4054.644425412635,8.064212122662335
7,67,1599,80.23117479674796,164.29842395247027,58.94969405878675,44.930320085617595,46.32650672314644,43.31351475578877,2.0,558710.6526350438,41.65214023732153
7,68,451,156.92301108647447,59.13805476718403,79.20810554323724,130.69532270681728,150.09333104061912,262.15647789753746,2.0,2879.085675266682,7.246449329389892
7,69,801,109.12377790262174,169.6081629213483,139.8969650436954,314.95371168218645,48.4121074645603,238.68081658691122,2.223568660386956,29507.08731409134,23.922005060067676
7,70,278,93.25251870503597,185.25055683453238,155.96647482014387,356.8649877823483,155.21971074957557,227.57939699390553,4.5,7528.866957259946,13.607249571895652
7,71,623,87.03338105939004,166.3514526484751,136.33913210272874,354.1639902798252,22.786223998276242,256.7913796164625,2.0,1240405.5614261543,55.465106884737
7,72,262,69.5755213740458,72.35082977099236,170.62735114503818,136.9041858231903,142.42589902264316,131.95779259572757,2.0671141780315208,24727.268636131066,24.282289393504055
7,73,680,90.08140955882354,88.79171573529412,123.18782058823528,301.29006551101253,50.620594266476516,50.8199169669504,3.23508021277885,3133.3109161701914,7.3352152392702585
7,74,220,105.10530136363637,130.86036363636364,166.50343636363638,298.6119372901737,22.65339073133965,0.15029464630058165,3.7614786837915104,1257.2851552575248,5.654849383496514
7,75,460,188.4524695652174,139.25639130434783,102.6025745652174,37.277125180371115,136.73959761098095,77.52547284159392,4.5,3385.7696897995606,7.577698533872166
7,76,1870,183.71740313529412,106.59432331550803,126.56951951871658,195.35867683903479,11.326312415740976,79.60494690050504,2.1820518368256003,152227.88681659763,40.22309864487311
7,77,551,192.8383266787659,183.33657531760437,106.79676007259529,277.00905816874507,87.36093228625109,83.21049562669589,2.960656243957868,4710.652537784289,8.966645679680928
7,78,666,161.59837867867867,114.11892597597598,76.21084414414415,203.4276359938424,45.183709626856434,303.3050096429822,3.5632535219182597,600895.5917997855,46.24579687268863
7,79,315,34.805032698412695,47.67942222222222,170.80218952380955,140.3141949238963,126.65528464962186,64.60822952883986,2.0,33574.84716064963,25.57453833355328
7,80,502,192.1117245318725,182.6669980079681,109.0895498007968,239.95946757895618,153.48610537819175,192.26068677085544,2.0,44350.448377792076,29.71473280196845
7,81,601,65.5559074875208,139.0159334442596,182.4473820299501,121.80784599494324,123.52277792337092,96.64754273983445,2.0,12672.469249983118,13.209871070939187
7,82,119,133.06615126050423,47.22276638655462,34.25174033613445,190.17988736556947,93.20536155910783,309.4710703223116,2.0,4741.936202017246,9.596100388541947
7,83,660,165.16508333333334,160.4105893939394,71.83105272727273,125.76281270538314,93.36102894788077,92.51193953069618,2.3003367473040326,3708.9633639304966,7.998806079356392
7,84,317,202.0592176656151,107.34340662460566,137.74449211356466,18.13152284352723,153.3121636611536,77.07689643122235,4.5,4923.47656393895,8.611533240351411
7,85,447,167.83170917225948,82.73436689038031,164.4302908277405,78.93680332394358,47.749906722510595,184.105844357706,2.0,1794.4554672931995,6.295704123554793
7,86,1052,178.1015655893536,72.02845465779467,84.73191226235741,57.44614146388169,54.276722197320424,217.0615888433217,2.0,4432.477802164016,8.303765611942154
7,87,1146,9.339848507722513,105.73903717277487,87.64177190226876,39.687181250320755,84.95956156611541,205.26981388731937,2.0,10015.588990108134,11.110665719017598
7,88,99,54.55914949494949,53.98310909090908,181.70641616161612,267.8435802605006,118.99561861816373,340.37254083870187,2.0,108912.30893973711,34.454485000688415
7,89,233,40.50042618025751,175.7301244635193,183.09917854077253,76.26184124692465,158.11040754029224,85.02492753510685,2.194176354675548,20075.731539534478,19.36374672126202
7,90,40,207.47396675,117.80974999999998,109.6730575,180.22060666625276,80.96571706889826,40.761301861799886,2.0,190148.78614112013,47.788046055055396
7,91,125,212.03316000000004,54.295674399999996,34.605752,182.9803417451038,154.91585061368392,4.7079131117354045,2.2426960576318296,965.3167776820015,5.144619871258411
7,92,844,178.148586492891,168.32305450236967,49.35217132701421,70.98378619636976,144.35830081081886,318.4153591598469,2.586164901376438,6313.345749088698,9.520025908418155
7,93,272,40.033895588235296,72.90330588235295,165.38877352941176,104.78713161755304,124.98784767012845,247.5003941511393,2.0,13805.345493032595,23.04524518866414
7,94,421,62.775778859857475,105.29380688836105,101.11501258907363,260.6223468740607,156.55291938031635,103.49186513335428,2.0,3212.904453034334,7.598649792062427
7,95,216,68.45853472222223,78.18583194444444,156.3898564814815,319.5831395098852,15.686310879388955,292.5049087360047,2.0,4376.303917907722,8.713435651245225
7,96,1033,164.8123233301065,116.4914968054211,47.63496911907067,3.594890941470643,7.315600830001072,129.09038843243326,2.0960220033537373,4805.281109205221,8.533989449195909
7,97,217,119.2426525345622,105.7545465437788,132.32529493087557,262.7028077923048,106.04602643779596,252.2377992228598,2.1311739911698027,2451.190954731051,6.881117726387104
7,98,1806,145.22942857142857,60.11056168327796,151.6332137320044,256.9926037902976,18.359732223549404,174.66322173681124,2.0,6557.039380914146,9.380913952767257
7,99,742,105.94493962264151,140.5544460916442,64.64710107816711,336.66953874739335,165.6447469378445,71.72858123800177,2.0,3530.368924598318,7.732363015079959
7,100,502,176.42352589641433,143.59993227091633,41.42523087649401,151.0687220968988,165.0008797091243,356.82190719617023,2.0933552914892446,119897.13722658833,36.67246062322278
7,101,258,61.97400699612403,156.35542248062015,139.8249108527132,64.82912119828714,139.97863160961415,347.40544640375526,2.0,28566.02272354419,37.57279509695511
7,102,401,42.95662493765586,76.98395885286783,115.88449127182044,69.01027756807,31.78993511630863,257.0577837556395,2.0,2503.132043050551,6.985479390337876
7,103,738,40.103411111111114,144.3698387533875,169.5921138211382,32.274059874270584,58.13937909385861,108.17933946514394,2.0,3088.1979669646516,7.512669942212125
7,104,1370,189.529500729927,167.8564401459854,107.89152364963505,39.462872313307116,159.13692741195524,356.79775044860077,2.0,4841.272881562987,8.553674350651608
7,105,594,22.618093157727273,114.30102828282827,143.45744444444443,263.4038020982028,83.21103852133068,286.8265612165157,2.0,20821.56786802445,24.8740778414284
7,106,332,198.8488014066265,90.11068012048192,165.9091626506024,82.38162122319265,89.74444502829346,184.2045063550319,2.0,16618.911828263303,24.567722499210063
7,107,1541,50.086738611291366,124.1752314081765,159.08307138221932,36.254632384807735,12.780951286397906,291.2783908263528,2.0,6052.877729659605,9.12701364756142
7,108,878,10.143929471651482,46.60685740318907,46.60391366742597,20.18724863636965,124.86566442514692,263.14527166121684,4.5,48862.331756466905,24.097516587941545
7,109,575,200.6544779826087,53.283561391304346,141.20776869565216,72.70657258383544,111.86633523620915,304.7269683326824,3.1463671175023102,222662.92927914186,35.641433118118044
7,110,432,151.89128935185184,153.81772916666665,92.17966018518518,354.6886950948604,18.407976160916704,344.98665018451334,2.0,2456.2070707955068,7.0081363964898
7,111,1416,108.38176186440678,93.41515247175143,88.16763340395481,38.56165105218798,132.72667683391143,200.49416501377934,2.0,6331.953198351701,9.309078699394862
7,112,553,145.42808860759493,164.74774683544302,62.45898915009041,50.89961212632962,61.79865144566447,65.08998673811045,2.0,3072.497614361036,7.30316961322722
7,113,165,63.937721212121204,75.21791939393938,47.86038848484848,290.15874064577406,170.52890354708902,171.9470135651662,3.6039991913898826,1693.852394876892,6.175786755772184
7,114,1822,189.69813501646541,98.83524610318332,103.34579511525796,139.81717488456187,161.52452672310756,41.02453354829256,2.1018429347131296,8053.879992392875,10.035659433637504
7,115,1348,154.73675185734422,84.39812922848664,98.51568916913945,83.59105977628914,16.55907869635798,276.1220157183875,2.0,359000.0490978621,52.977247822414256
7,116,1021,100.03399618021547,155.899500489716,46.21018922624877,6.918473167687869,163.26504357172777,8.127018092633795,2.3599638537224523,5544.711876111924,9.27360180969327
7,117,57,54.2730701754386,158.0035263157895,43.93633859649123,20.629972702992884,80.10582142171307,178.50219913204998,2.0,10561.715017387578,21.294324918723408
7,118,461,201.61261171366596,125.76888937093275,174.43198177874189,245.2804377287794,146.4148147317267,114.73970679476668,2.0,18481.50172964487,19.200364302643965
7,119,1729,37.651259514170036,142.0738183921342,139.09515673799882,171.61480770871626,109.66760137053309,185.5031634824246,2.0,7775.2970185974655,10.218211897807594
7,120,1487,148.0397646267653,132.5329831876261,72.06918870208473,294.75745461312437,1.0146012402556104,2.189666959402299,4.028089486218229,5167.319359395511,8.657787202839828
7,121,993,36.07141235649547,38.888906747230614,37.016340483383686,122.74584328513309,88.85460453876873,298.9086656457532,4.5,8423.986617157922,10.219891835807474
7,122,164,209.3194573170732,138.4846768292683,105.10149634146342,57.161273945956495,99.93221406988492,336.812414430018,2.0,1398.1415493788616,5.651999372229729
7,123,483,116.53814782608696,164.41567494824014,57.333950310559004,51.075126405380395,38.92214717219442,54.59064653387935,2.0,3743.859633644782,7.801209067359909
7,124,412,93.70377305825241,167.8711286407767,142.14774029126212,87.14667341187939,156.54122581155204,250.16378185331834,2.178331678386495,2720.003967702499,7.0228840530946774
7,125,616,175.93469642857144,64.65037564935065,63.580422727272726,75.52846486449013,45.12020423754584,11.974618340945952,2.0,2751.890933947678,7.265559516255389
7,126,649,204.0668997380586,31.10965177195686,61.60130261941448,141.2881148358225,168.2537696668572,201.2440770702875,2.9392475350623646,18232.491935589445,13.556811930786983
7,127,898,182.26697438752785,143.9443407572383,116.02926614699332,302.2962862396298,128.03616819482104,211.9718391848927,2.3090424686058246,4123.229018881405,8.44947190415561
7,128,153,124.97301960784311,96.76258562091502,75.17333267973856,72.05879699279356,16.762887799796637,63.170349584314984,2.0,1590.691343739741,5.8915316534672
7,129,915,182.85308961748632,43.04485781420765,97.62278896174864,54.09330492303908,105.98505053550433,246.97295221878193,2.0,5359.895770282851,9.0519631210838
7,130,691,206.92347612156297,101.0010516642547,126.34802604920405,18.568692045492973,81.55410396280487,241.84760350919296,2.0,3877.874031411613,7.954919890464627
7,131,716,134.1963748603352,161.93237150837987,55.811418715083796,175.9436244467451,29.96956146250448,260.39475938633655,2.0,151959.32163434077,32.85601411465351
7,132,568,24.619522922535214,92.8545985915493,177.25819718309856,128.91869444385426,90.53214938931092,204.0767999613377,2.0,2530.8146463164467,6.852639162862121
7,133,453,18.930123896026487,110.93263885209713,134.2953289183223,121.03718953736677,90.89106877715251,68.09839507265875,2.0,4020.921100142452,8.27828097042408
7,134,1353,45.690657871396894,124.80430731707317,121.97175535846266,289.56130387481255,61.56169032195944,312.89045271134967,2.0,5803.012354115392,9.173135526244764
7,135,224,156.1296205357143,44.37128928571428,36.57184776785714,29.40869607448922,122.1744571622728,294.40246029678553,2.15999112143712,18678.267744374745,17.670874162683106
7,136,1577,196.28764426125554,136.6049213696893,140.7563094483196,304.16274496766965,179.95999640035984,164.22844611646488,2.2707607831016667,6194.961897841492,9.230578493180746
7,137,170,59.79670529411766,132.9647705882353,180.63027647058823,260.9254824049555,174.5715320383904,95.90051419084446,2.0,1201.9957960104086,5.359527536157522
7,138,190,35.007051443631575,151.90374210526318,158.6951105263158,192.72029652485523,130.2465773581107,220.52245490040366,2.0,21162.359984579627,31.230292312801755
7,139,520,19.239240476730767,118.19717269230769,153.92445961538465,323.37133852994344,20.3057119044463,313.2258751700013,2.0,3578.31755296401,8.211460290737744
7,140,172,207.41812209302327,129.87825,71.0073284883721,35.029689419210264,4.825518467945171,323.1570814656656,2.165442384384628,6446.570270867251,9.490783017567386
7,141,410,11.54080097097561,98.8730807317073,171.89411219512195,160.00944814607183,133.2294997934037,276.9817878985836,2.0,9548.590329223494,13.985896462401357
7,142,1774,163.58521420518602,45.49279177001127,180.22774143179257,165.08819485261682,108.39334322060873,73.67290215758973,2.0,15938.900397274801,13.376053121483407
7,143,178,146.7556741573034,45.48523820224719,112.37994943820226,122.99818026902194,140.9848177687867,247.63040581621053,2.0,1332.0186470054173,5.563504712056279
7,144,1379,45.66127367657723,127.8959717186367,42.91030826686004,205.084494797432,96.74900377371085,82.33391891476086,2.0,6394.6676441636855,9.286545341933396
7,145,609,57.39744712643679,93.52172266009852,171.63418095238094,250.8233846365082,72.8489966481198,283.27384861380756,2.0,19198.48221633534,21.66290849498101
7,146,846,205.23064994089833,164.51528368794325,46.7933585106383,210.39515187026436,46.18131184281,18.034276683897033,2.0,19279.08838272474,18.284182386671137
7,147,386,103.87573989637306,140.64221243523315,151.65801554404146,30.651289585244385,149.92474290057547,254.34864336837936,4.5,2540.859840626312,7.085931476162192
7,148,598,144.61927591973242,148.26652508361204,150.32767675585282,192.60417087332613,66.04457731435373,192.349653259968,2.0,55168.38702576242,30.879845496278023
7,149,604,111.74280364238412,90.38829470198675,129.20999006622517,18.249942035116923,28.090359789261935,335.2566131583841,2.0,3416.6962372062044,7.883643230047004
7,150,264,38.13651969696969,94.51032348484848,163.53714886363636,357.6127216592763,92.93034685762954,11.347256204792098,2.151285676013453,19686.12032121332,25.198722972099393
7,151,602,137.47084053156146,157.85910631229237,133.24998837209301,94.87381737301034,81.47951465846202,9.222148690116402,2.0811565154432627,2903.7948392476346,7.594341012166761
7,152,310,47.97122258064516,120.01360645161289,110.54109451612904,279.66467347508603,70.74321512480768,194.4120072107484,2.4740481576123083,2399.530476343544,6.750755853434882
7,153,955,180.31902303664924,97.18165465968588,171.38753403141362,341.9703632111408,81.14544018941432,117.88274637526996,2.0,3515.8592847794553,7.716869820611154
7,154,328,65.55249512195121,92.4909042682927,62.033978963414626,211.83623350387145,43.86261993038127,221.63799428165305,2.0,2148.5533215200535,6.516866194731461
7,155,52,209.42150519230765,101.07250384615385,122.38188461538465,308.67763698374085,39.72045656876444,329.5278173216363,2.0,26807.257652883975,23.271891610318278
7,156,1633,118.38186699326393,72.31852222902633,105.52516258420086,316.2170044637752,169.2994758669468,175.30062435690843,2.179313836931894,6198.323403718917,9.32444691796639
7,157,2066,16.743198291335915,67.24437865440466,77.92985997095838,241.72304592572638,96.61398107205443,328.43004628115,2.0,6855.2973617850475,9.583743068999915
7,158,1472,33.21652499320653,177.57181283967392,154.57322690217393,274.25800135660097,102.43370555427352,230.68183415104568,2.112862313078394,35377.356905956694,20.59218461917307
7,159,494,156.83558097165994,116.26601396761134,98.85769028340081,355.4039430735817,19.134682857670718,357.8647590068048,2.1738608799422923,3387.7161890348807,7.809313147251316
7,160,1798,103.57876668520578,45.367796440489435,121.873247163515,111.9265862926007,6.246385519564484,36.65728247578186,2.0,7157.017115051155,9.636016235068652
7,161,1213,113.9467254328112,102.18791747732895,136.47756372629843,149.21655081471633,54.81534639248387,182.9468864493313,2.0,647964.8926882008,52.2232196071727
7,162,359,196.61040027855154,36.616117270194984,65.0445729805014,350.84350173760566,123.5644646446354,229.7707089579614,4.5,89980.86653338595,24.243283136403658
7,163,514,7.190955168110896,101.35309260700389,57.639600194552536,186.04444141867657,132.9493900842603,180.07483517736668,2.026485870859762,6819.3848390489,9.598339365625293
7,164,1113,157.2475822102426,53.18498077268644,50.93330161725067,43.71316999982546,155.7754004766749,356.68362175108484,2.0,5299.5836713644785,8.829462638050801
7,165,111,73.6280036036036,171.74999999999997,178.1738198198198,307.07150360320173,105.14601271583872,33.066565549588994,4.032420250023049,108969.64486299262,36.36971684530129
7,166,1023,10.189856088758553,81.71001045943304,168.06965405669598,117.42468480847386,166.54102291083055,98.08844168826396,2.0,75799.61593938479,28.07303787941547
7,167,530,138.88446800377358,47.694925094339624,85.32741207547168,8.649408078667445,25.488307824641666,164.22245473792043,2.0,45825.51549435107,40.87328056621297
7,168,1045,136.04633492822967,109.42992985645932,149.73855119617227,42.486620363705484,15.181320935839217,50.39961176163151,2.0,4635.453650204491,8.475501667675175
7,169,356,143.61569382022472,181.23233146067415,88.7389286516854,78.6420823308348,120.75019463510888,163.80403878029338,2.0,29821.069318559665,32.15083731526407
7,170,996,203.46801844678714,43.4006046184739,162.1179588353414,297.6312067727312,31.977561238877808,274.33376700094715,2.0,23417.583598258225,20.550181398886703
7,171,151,10.198653633774834,98.88081721854304,173.40609271523178,159.44124728505048,64.37131486442885,22.055466268733824,2.0,17050.8453856702,20.515170833138964
7,172,577,6.616755793310225,183.66596533795493,44.86894662045061,130.1768586929358,157.89455753195998,226.5829324031747,2.0,17609.26081287119,14.587847605384296
7,173,513,86.20713606237817,86.10080896686159,183.0496998050682,66.51530740498681,54.55717400853858,33.789378212998656,2.0,4004.1251564590902,8.021838989694215
7,174,801,71.97822347066167,116.77902047440699,129.84982771535581,164.66488557529954,173.54240963974365,283.6179976047445,2.0,6437.106040491109,9.633183077947516
7,175,554,106.97788555956679,119.89656931407941,127.37746570397111,286.4800043556956,70.34272889219673,98.8854879167702,2.0,5295.446499753622,9.04893750464032
7,176,237,97.50000042194095,139.0284907172996,44.81508016877637,280.49955872230936,46.30338809031467,42.94842392596988,4.5,68447.02221018002,25.573716607820312
7,177,671,108.83054992548435,102.35899046199704,172.4900402384501,333.67846330161603,132.1881498349097,244.00112568443907,2.6297893661526945,6043.38075712044,9.540955373189936
7,178,1354,133.4510339734121,50.37137415066469,176.48732001477106,30.780167957863465,63.53072623687467,209.9157330588457,2.0,35141.94217344233,21.40242606711517
7,179,1204,162.07305232558141,63.46809335548172,35.92619252491695,76.18540246356422,69.86302510723662,200.43268566380928,2.0,18413.89383491593,13.763050258318877
7,180,844,79.89569561611376,54.41704277251185,174.50268578199052,40.137003814342556,47.715648836662595,124.76402299810663,2.0,42793.61824580729,22.294798687415135
7,181,473,48.73511712769557,158.17690063424948,110.90684904862579,276.6688680771154,172.0404180635647,343.2965510344417,3.671581316388067,29710.383728917386,34.80045031550403
7,182,748,171.70728877005348,143.19732887700536,91.64988382352942,75.18631516010169,149.20885201190328,45.69710550039347,2.0,3546.8197447669804,7.720524265907485
7,183,538,70.12732118959109,150.2124851301115,148.0395618959108,184.0950391750253,6.812579319094059,64.2288013271296,2.0,62850.72088228723,31.97265195761817
7,184,321,148.7760124610592,34.31337788161994,119.41185046728971,246.2354091532545,178.09265240348228,146.30637341907664,2.6470002742353267,4921.3593731913215,9.691764225606255
7,185,1345,116.25837420074349,147.47020743494423,143.37844609665427,168.00254194076885,127.5819633582945,336.03930406218666,2.0209775487095443,48306.704236041995,30.69372569226542
7,186,671,35.636678539493296,47.47448315946349,139.8190163934426,158.12373403283686,167.9908427213027,192.81504441128263,2.0,3607.3240673915034,7.844024166927679
7,187,930,42.40228,104.7975098924731,177.34909354838712,251.7461735992937,39.91112979023599,40.78946565963492,2.5060446590003864,5941.924639820932,9.105663735062786
7,188,505,149.10864554455443,93.83746950495049,70.13999306930693,266.85236618324916,143.04710092472484,268.14109928654614,2.0,4473.911442428136,8.560453256325154
7,189,879,190.02730944254836,139.39900682593856,156.6491470989761,343.21157280123015,132.95129278340627,208.82658049872,4.5,50348.29423519196,29.695258449798903
7,190,1181,135.70866469093988,85.8284701100762,173.5096079593565,189.82042765245882,5.137553438613738,21.505173696755413,2.0,4189.1060838356725,8.072387498480419
7,191,1867,16.707365938993036,175.66564493840386,78.24165532940545,337.0283478016177,78.75009029038833,277.94260906274985,2.0,25793.12973536727,16.197154282655926
7,192,375,85.46957040000001,161.59949146666665,163.146976,224.7093968071833,25.843958748556226,226.9375792475278,2.0,19930.559536454988,25.020138299242188
7,193,887,178.5710397857948,142.99188027057497,89.26611127395718,20.910661380776002,35.43490531317501,346.9752151922912,2.0,698375.7410835448,46.94705894251556
7,194,951,25.373206590956887,33.953877917981075,53.26109106203996,13.229700647003511,55.584609512462094,52.9443294878859,2.0,9305.797760464427,11.08773221844264
7,195,652,11.040837348450921,45.23151549079755,68.14002070552147,325.94571188427216,116.59368569021026,2.9253765055328884,2.3644286529675824,14474.859709278697,16.34854111158393
7,196,468,112.67417927350427,45.066374786324786,41.76918461538462,90.07342263400108,48.29238811703961,122.17330804272044,2.0,40442.07771400059,22.67495636878932
7,197,963,109.24553229491174,39.15181308411215,39.47957372793354,223.38976497159823,126.85645517601984,263.6186033114502,2.0,14841.970219895291,13.65328492895916
7,198,904,151.80105309734515,178.92389933628317,145.50064159292037,316.960491266038,84.58824367920265,76.0094347232276,2.549415808934301,4523.124716698418,8.333818558701724
7,199,1375,170.9030109090909,181.86142596363635,52.231953963636364,274.31215346462596,72.60881203810233,15.87913922773497,2.2408235905243306,12916.651067966126,12.185439831750882
7,200,397,17.76691843576826,53.75431435768262,41.32210856423173,353.1421923513038,173.63051574952485,295.9587510097222,2.0,26698.271008888307,18.562433859285917
7,201,135,132.57755555555556,52.43520148148147,102.1211362962963,62.76079366893014,32.54250043998925,64.9866481003126,2.0,1887.210450928944,6.240718875687719
7,202,498,58.920041967871484,144.4215200803213,80.51566746987952,134.35150054146405,67.86611920154472,178.82809235500972,2.6038879926770844,2808.9597102066687,7.061612795250244
7,203,438,165.18324429223745,43.13232625570776,78.91008013698631,17.432652006912953,129.94305329462398,4.953942987289608,2.0,3923.1869495373885,8.002883912584052
7,204,1504,78.79699594414893,58.27138916223405,52.674392553191495,56.93125167433196,170.2176833275903,198.14275697401075,2.0,52524.177867785154,26.596343422674966
7,205,341,130.97675366568916,55.23261260997067,111.71868856304984,56.372227518954155,11.900219602624906,202.05616457339605,2.0,2872.2905025626706,7.2839859567531775
7,206,1387,70.86918716654651,127.86499279019466,83.30349826964671,172.37145381160772,65.93173775687904,220.37885144271974,2.0,5218.144244493597,8.734424246506114
7,207,265,189.43895849056602,63.884280000000004,49.49149018867925,297.38104258047986,168.51571618107673,8.334889423058364,3.059728751036155,6975.643063435011,9.587084335688282
7,208,457,122.30272078774618,89.65525492341355,184.76466301969364,5.206896176613451,155.70599087341472,241.16788321071027,4.5,21490.498511950234,15.98839512197911
7,209,34,127.87747058823528,101.3517411764706,84.23132352941175,236.64864239710093,120.30373989987277,272.6103423447232,2.0,581.1676789898723,4.234405143663312
7,210,694,205.41479319884726,124.9979841498559,83.78227694524494,30.98556833913954,116.94788348169932,328.6200215503465,2.0,10864.27087757402,16.317901608936697
7,211,748,11.93761899986631,173.16674612299462,140.9081973262032,197.0423609443441,65.84868037412365,83.16771165786152,4.391462306540906,49372.49618574179,23.883521839051856
7,212,837,106.01505878136201,130.1028661887694,87.26162317801673,10.981900322377367,52.64252898582998,166.05676341050673,2.0,3717.218900018642,7.864231089182631
7,213,1407,37.65476885003554,171.85519829424308,59.70037604832977,208.0652404735898,165.2049809250384,22.851811336607838,2.0,6544.598782641107,9.77100413702424
7,214,659,195.74472382397573,169.7736525037936,168.53103186646433,54.22803987103806,40.2896119059962,248.699040436573,2.0,5419.758517352108,8.98936370384911
7,215,1367,196.94065618141914,34.41928339429407,133.19535479151426,43.12870075652445,174.02957619526143,145.19261760167765,2.0,10674.38748775027,11.040917514645587
7,216,473,130.99831923890065,142.53480972515857,56.86939999999999,350.24726087710815,174.30308741496887,147.44878583008247,2.0,2943.4759369417093,7.271107825011121
7,217,351,177.77094871794873,152.52394017094016,55.3531507122507,228.7951917838398,24.44190679065581,77.07574346842317,4.5,2459.9689839840394,6.975703012002008
7,218,429,89.89090116550116,142.44743123543125,77.1884051282051,59.13120780483958,58.800135280228076,353.15520523469814,2.0,2005.737653619768,6.341970398634189
7,219,1314,207.5062365905632,148.74310578386604,181.1872299847793,207.56802884585784,103.56749845339262,52.25600868905213,2.0,46935.60941340947,20.01620874626829
7,220,535,189.0792859813084,57.640639065420565,117.54474242990655,215.59785400871638,142.78086766088785,35.16662874957841,2.0,3600.6160141974883,7.833481199833588
7,221,1013,27.500280974333663,66.58246169792695,156.87729022704838,261.21756749376715,42.464643328339655,210.10921862026166,2.4356800794927067,5037.363685688958,8.881188404068496
7,222,853,155.448633059789,181.48282942555684,126.1492590855803,285.12004036680713,65.19004238781575,235.3032805936655,4.5,39468.56726180895,22.12586411950261
7,223,7,157.88466571428572,187.84542857142856,62.18978571428572,150.15594012665616,103.22999094467474,324.1854524372733,3.119321869576461,3648.6052084274925,38.65883275442564
7,224,962,17.699751383014554,104.57941101871101,122.32900592515593,76.54405369358132,169.43206160879717,55.573006004680074,2.0,54440.644457738206,24.950955890738257
7,225,1486,96.6216197846568,115.7577596231494,168.53563795423958,62.50625028162081,107.00674740727472,93.29602450594416,3.181430272813827,5676.137300285999,8.94510708718968
7,226,746,22.343285281501338,145.9425361930295,52.33447238605897,209.21667091693345,169.65457654564617,250.7514109950098,2.0,4374.297795710876,8.413471636872709
7,227,1114,110.34818608617594,63.29255888689408,164.45931328545782,101.11825704153031,143.94949795067106,266.60354743943793,2.0,6004.672244182733,9.44780052866765
7,228,960,191.93654895833333,140.43359479166665,37.50129166666667,96.80621725266012,162.78981271396503,280.237458471507,2.101281506176482,6784.031251903244,9.689718508166546
7,229,133,56.269600195488714,149.7173233082707,149.45754887218044,152.71345254529854,179.6367676625553,254.62906545390672,2.0,11616.37126340881,34.781827989108486
7,230,1284,87.29017577881619,143.4575817757009,37.1664718847352,99.37784324017133,37.06135929891249,74.9873947853935,2.0,60112.933568224624,20.816153582369584
7,231,322,209.30171618012423,37.1396599378882,103.67500372670807,213.329346899913,91.66041364143047,84.77373859064457,2.1222354217084543,33184.61394787589,20.311801636614778
7,232,1282,190.60997113884557,43.404751404056164,40.54649563182527,188.7997609230652,54.29071824753426,282.12259528887046,4.5,6647.032197930848,9.718070694370843
7,233,912,18.997941435054823,134.8125657894737,106.93316743421053,51.974936735000654,81.58721434420998,284.93835183609286,2.0,34977.54039466755,25.485238686127342
7,234,810,198.749,79.55181592592592,65.96132345679013,184.15346302118866,7.176415329533494,273.3512355547022,2.3172261961400866,4605.326127952677,8.536621430885434
7,235,242,31.30268925619835,111.63244380165288,166.79369008264464,219.37540495156728,167.00428636459225,242.78490558021986,2.0,2402.6560684380875,6.7865681687789845
7,236,373,183.27398123324394,63.043974798927614,48.28615254691689,212.30669371759674,11.349239076866313,288.2361584813989,3.5629520383182074,3101.9258556396617,7.592485775728591
7,237,864,102.87044004629631,151.92488078703704,94.52104085648149,177.79961457630253,88.99416189291857,86.17719887443613,2.1906968774021465,3899.510289495684,8.069466423102623
7,238,478,160.70130560669455,181.38363242677826,125.2617050209205,118.65231002032874,49.187166595342056,194.45173065822152,2.0,10466.86514216059,11.671769088542769
7,239,731,207.89408352941177,85.50492612859097,54.9510365253078,287.4798890294603,122.83038869178931,136.0217136584953,2.0,45607.97916615192,26.533686642610604
7,240,1357,40.89777651731761,128.93207811348563,75.11133242446573,99.54378909243968,9.170499612661265,294.2735032870768,2.0,111849.65698093972,34.50154409758747
7,241,556,85.91551996402877,140.27341726618704,176.86189118705033,140.39165211258128,94.19541047387565,134.0432400205508,4.5,28277.933345137066,20.39487940810832
7,242,176,19.735904204545456,106.05409829545455,169.7608465909091,157.7893113772052,85.5287811092697,242.20225124786964,2.0,1639.392429934481,6.359794505739207
7,243,273,10.711549856776557,164.72308571428573,53.23683992673993,217.89118822810664,56.762367817715,342.32019780136983,2.0,68065.72230250928,30.73319242121355
7,244,1058,129.39371739130434,129.41075255198487,110.77528960302459,284.26633442812727,102.32215545834526,160.38177280470467,2.1725496040670635,3799.4010888205726,7.8781540955435005
7,245,50,199.48008299999998,99.59702800000001,177.52134,165.6553207756129,138.28015033979693,229.8904330533986,2.0,8530.293980568094,25.67791436202486
7,246,156,188.21269984615384,175.9354153846154,57.915482051282055,66.25413037307325,144.04365703171192,220.25905327692084,2.0,342698.63134291064,44.24566236696308
7,247,1086,189.8937549631676,55.20395036832412,161.52819392265192,292.1982626426229,22.47742624078971,24.91525660947818,3.660378713353953,180165.30842908745,34.0695829748083
7,248,394,180.41091370558374,86.89509467005077,106.24162588832486,246.88483739922992,104.05134292563827,144.36486911968177,2.0,2783.380036644044,7.411310273892997
7,249,716,183.27533659217877,99.39396703910613,147.74838826815642,104.07038977872843,117.66804053580873,91.31986899480916,2.0,5531.231685844902,8.902492956053422
7,250,300,109.973778,106.53939,101.62572166666668,164.80109323003896,120.95268267014694,171.2838447459582,2.405778924401077,3358.7514832875595,7.73700217034835
7,251,1433,76.68219148639218,59.31015631542219,159.98087090020934,275.74279685349745,35.51826526865671,349.01760299977076,2.0,5981.288419535776,9.08031373808596
7,252,607,203.13111812191102,44.42001894563427,103.3660136738056,357.8086344212571,168.78277568189725,259.91233490612586,2.2579404011576245,16129.756761477089,15.14274155366703
7,253,1113,39.95983782569631,74.85538364779873,90.81573252470798,121.11754123231734,120.79983939547532,314.7161420079541,4.5,4895.797402371937,8.533908374138823
7,254,995,162.9715497487437,99.40526472361809,66.20696773869346,237.8654394578926,175.38341057123012,309.5520818844671,3.2150760776623524,5988.97580088636,9.27473102267804
7,255,1508,200.84478879310342,157.02009787798409,61.74430145888595,341.1466833664075,53.95352713356128,98.96304856159739,2.0,62168.70208586068,29.929079967594074
7,256,2663,53.85389369132557,80.75411175366128,139.32665865565153,75.64230445129124,173.51369028111554,320.6834980810591,3.60079132146362,9270.258152915172,10.526507942179926
7,257,835,15.34823615330539,53.50061245508982,183.31591736526948,235.0962848278373,86.78003100747085,102.99225343077875,2.0,4039.754292533654,8.01860425474834
7,258,272,64.3321106617647,115.24824632352941,108.73810551470588,137.3768150223405,133.73186927928802,281.5442515286484,2.0,2040.2717319957792,6.454634962225185
7,259,451,193.55745215077604,116.060766518847,99.19500576496675,198.07466550997148,91.35344661781822,41.29942447942654,2.0,44209.33899499654,29.039031047250855
7,260,502,29.947493426294823,100.79909501992032,147.81518525896414,269.2084174615371,145.50243268097677,98.71874932896479,2.0,2941.8058578467094,7.291435974396279
7,261,385,163.6534244935065,134.21546233766233,114.39756181818183,158.64492516099716,66.6819001662437,116.46186861931074,4.5,666747.7783873216,48.63935729459765
7,262,942,148.32711677282379,76.4153703821656,104.35545392781316,90.95579630859629,9.155218432912143,14.935646448548571,2.9741491352021234,4205.921469884964,8.105469234200555
7,263,1782,70.79908961840628,109.60660852974188,40.75107485970819,221.57182761865832,13.78158865033511,35.665906810037654,2.0,10977.72913097694,11.345862756737025
7,264,856,20.508735292464955,144.59194859813084,187.0643575934579,33.52684560282961,127.95302943000287,37.838159419944645,2.016843055324811,71756.86777572414,27.628143424382177
7,265,316,48.04190094936708,102.40208702531645,103.9141085443038,262.6632773461229,92.48160139685086,50.47304105123817,2.185258228411596,3398.191263744064,7.673964935236296
7,266,117,37.97300341880342,65.46577863247863,156.63124957264958,96.30636285113064,164.79702965436437,19.06666469501164,2.0,22514.74695904555,27.591267042187027
7,267,1276,191.55926253918497,103.52048503134797,61.249259169279,261.8261650302589,107.64658980498149,320.4274028111157,2.0,6297.947779902412,9.326087519008844
7,268,185,11.94954059027027,47.53393243243244,184.72132432432429,340.52340735286356,39.404542123278915,193.38843360797281,2.331479455122585,115246.93229032273,35.65646620644233
7,269,230,17.013810836521742,187.11860217391305,122.39040869565218,64.6990572820949,62.749162403942485,102.22093040197106,2.0,15497.093438313072,15.143967324441524
7,270,232,60.11512586206897,50.77074224137931,103.59995431034483,89.35869518373605,147.70165154808737,317.2786616585413,4.5,2348.348875353917,6.661207389916929
7,271,512,201.523638671875,64.6819041015625,65.31555097656249,84.4531740152476,9.429057423422677,78.00932373710394,2.0,2411.7710292598044,6.7218107185937965
7,272,290,42.91060068965517,46.37276931034483,135.30654827586207,298.6204028114641,13.68021349799118,296.19014605162386,2.0,8862.867762439548,10.897253392502785
7,273,692,42.6734936416185,155.99672398843933,46.43508771676301,0.5129959714549459,136.4427673867259,295.5608286334902,2.0,30421.155433235228,22.63809515864332
7,274,1039,144.93831087584215,98.91028999037538,97.98746342637152,270.9468798073687,150.48258201242487,110.29430736831557,2.0,4500.542070015463,8.312849003186654
7,275,1067,60.35124545454545,167.4780740393627,133.64644329896907,202.08983189342214,95.34208273410249,213.42590555951992,2.0,4909.376617032055,8.72059959295753
7,276,706,32.94580607648725,45.69523781869688,68.08341487252125,81.05634875569372,51.03424194193147,83.89780009738085,2.0,4439.180633074087,8.360298804338198
7,277,894,66.92760078299776,52.711023713646526,41.783858501118566,225.1095884675312,24.9527668543738,248.05788135080712,2.9433246385087326,124371.18696727345,32.980996890486175
7,278,1240,51.524537903225806,173.10726612903227,84.386045,326.59531446463393,34.93400872627682,338.2609878005962,2.0,4949.9250461245665,8.63813790922721
7,279,1340,173.91411417910447,174.60237313432836,83.63999708955224,260.99875834940894,94.29072352114808,223.66662310197012,2.0,5253.610578150319,8.805099578936401
7,280,803,37.74447571606476,171.52189539227894,158.6977596513076,165.91884346346703,136.895852879902,231.35829482333352,2.0,4710.088456889826,8.57164355339564
7,281,737,121.94322469470826,56.50899457259159,78.2397842605156,71.61136976981577,30.284558555899128,332.17302918246975,2.0,4044.5372466280473,8.136186266287599
7,282,48,112.86562500000001,139.6091875,80.19108541666667,333.9052315930316,23.04814385305524,202.9703375164656,2.2249602092468046,1130.385451138842,5.726878293495525
7,283,1027,161.8267789678676,179.8371365141188,173.81237974683546,55.81102340256213,49.72362745427107,36.581000653186024,2.0,26828.137093465757,19.314515209382346
7,284,650,25.90017336923077,158.16823692307693,102.29804476923077,80.33092268424572,166.4913672252787,52.13330610396934,2.0,3829.023580051511,7.862476381991755
7,285,401,121.62434413965087,156.81073566084788,116.18658927680798,18.117556569879326,88.05974723056512,42.46071013443412,2.0,5052.069729856468,8.847919063111464
7,286,772,101.50258069948187,119.09402836787565,139.37451683937826,101.03257040176256,140.61543233061337,28.216101317055102,2.0,4232.4027242450875,8.118910214760717
7,287,991,63.65497928355197,138.89559788092834,105.15367336024217,105.43950454544238,38.77589978536202,328.57128970221464,2.0,918926.4819004007,50.68596382254233
7,288,723,162.1425214384509,68.22044647302906,180.15686611341633,67.73330945062321,65.41058866217841,140.2361120341105,2.0,221719.16443245488,40.46903049034869
7,289,317,157.33474447949527,36.227859936908516,142.37691798107255,169.8426603662704,178.66763807845044,149.05012007251426,2.0,13028.16005083443,12.959226591614902
7,290,166,190.4150421686747,108.21328674698795,80.84022650602408,56.456501243774554,88.60517462294142,220.46901877119842,2.0,2086.7158438894903,6.4310729850069235
7,291,1321,139.13939591218772,40.25775246025738,166.6005639666919,41.45390963240842,175.20695415587136,175.90367424964901,2.0,26002.481078936053,18.51525745417403
7,292,451,198.27663875831485,106.0260758314856,169.7169046563193,40.37727367091354,63.13962452517554,113.40916989284727,2.0,18397.754846752723,20.5038404682962
7,293,378,168.4119100529101,131.24874074074074,105.50890132275134,359.27341677467035,140.36347123768525,22.43483659855452,2.7106416045009762,3713.642066968299,7.778916925214955
7,294,469,29.608310610426436,140.9805586353945,142.42820042643925,199.49935255991787,111.91720877414566,5.949766514410708,2.0,21290.007354816764,27.257707655162424
7,295,1052,84.21907423954372,63.695756083650195,101.46993441064639,342.36671995699425,9.194733357115435,39.970069756589766,2.0,4560.810681636216,8.335708543311418
7,296,1214,22.603390232306428,64.96775658978582,132.99008303130148,331.7476273809193,85.5988467903401,354.14564348948653,2.0,87018.92395762434,28.692004658984285
7,297,1394,57.98869691535152,80.48482159253946,172.55500286944047,352.0779888683849,96.24709229799464,180.28842108872706,2.2121600948936853,5537.430780257917,8.89834620054939
7,298,440,35.407134772727275,187.85766545454544,167.8757543181818,315.12217187765185,78.89224004051316,252.17941464828655,2.4176204028122474,55194.04850744594,26.996848089803873
7,299,824,200.49211997572814,96.59490376213593,144.21119296116504,305.01423173308547,141.38299467487613,39.72911926658385,2.0558269590792815,17107.659958258373,19.91977118505169
7,300,498,168.49614658634536,39.02720963855422,44.518151204819276,151.8784757426271,158.70949589685964,31.702491084138806,2.2343917089446146,80756.08069853607,28.465292802128385
7,301,961,150.59893028095732,99.6332696149844,176.98786191467218,263.8068253413186,171.68654950325737,188.5710173969444,2.0,16982.789488291157,15.787938633839246
7,302,1096,111.91046322992699,96.76630346715329,152.10476368613138,33.25416440093569,74.0605196477124,273.66113599951825,2.0,4326.576656439675,8.2047865063579
7,303,37,211.88286486486487,179.37521621621624,70.32081351351351,266.9712451976644,142.37962291457052,130.3133874542819,2.0,26328.38965466021,30.74656307957952
7,304,832,203.3563169350962,163.63260096153846,130.64208052884618,320.86970402935333,111.78835322076134,350.5778416020199,2.0,13241.561553685831,17.288104273087566
7,305,724,15.52051127486188,168.00531629834254,142.18235220994475,279.39796041774,33.96755120913518,323.0407247293621,2.0,9033.456467880143,12.889261187000743
7,306,1246,64.32577182985554,47.76934101123595,170.67428699839485,182.97999118054406,159.4608156272753,299.37210830045905,2.0,513347.29981649003,42.932850040915106
7,307,1442,108.41630575589458,97.82130339805826,62.527413176144236,148.13366839118578,5.712749547973099,14.800397339086828,2.0,6955.824691569657,9.805774204685031
7,308,404,23.42259150990099,133.14974009900988,184.4593534653465,31.460765078115365,32.817936309248815,142.04787899141436,2.0,6074.017241847707,9.173322191655094
7,309,599,168.08521702838064,107.30563322203675,128.70013021702837,16.103374088413183,46.1271112434203,318.2091864036579,2.0,3188.664511123163,7.942372967784201
7,310,523,115.78966191567879,157.45254971319315,39.96972122370937,83.54883981753757,33.137165682559655,352.6859779914358,2.0,1374772.2608731068,62.300588876565946
7,311,288,208.4173673263889,140.93898958333332,78.35165972222222,55.32298049972265,179.7492221510976,141.46823589046858,2.465535471571022,14006.307661786974,19.76524151238402
7,312,617,23.28238880486224,113.0680337115073,118.70885348460291,213.55746273485684,82.34503105535336,5.455944438506286,2.0,14192.243572981688,16.895685643027075
7,313,122,167.03398360655737,87.04368688524588,185.517868852459,355.80860789225096,165.60501848010463,174.65621662788664,2.316560145547452,1023.778603766589,5.320152084965858
7,314,458,207.1029694323144,145.06172270742357,54.58759017467249,203.4467727410299,92.08198198280056,355.0829708157999,2.0,2247.79199841369,6.580409425816011
7,315,369,31.68313089430894,146.98547425474254,55.404727371273715,197.14369777392287,148.1759896224404,178.8948004383954,2.0,5048.386817331053,8.626666096690775
7,316,720,154.8582763888889,117.64043125000002,39.79061805555556,324.7093237275714,89.42505547986002,49.29804664422726,4.5,12342.097383355573,12.40697204215239
7,317,1143,200.3059587226597,179.98975853018374,127.85763342082242,85.9843203931199,169.48770576496787,70.85488305841174,2.0,48549.82519025339,22.002992495671222
7,318,478,201.99450244769875,111.54428995815898,95.00389079497909,112.17354031884469,12.172930215895057,93.88713448886242,2.0,11148.791311133025,14.546715771321024
7,319,762,110.00731299212597,43.42602309711286,169.2194606299213,179.95261185445563,108.60261460197302,319.62233199543795,2.0,23094.222165290532,17.47274753772758
7,320,966,104.56865559006212,114.60909585921326,147.67364999999998,261.3772204342284,178.50976657366968,104.69018628193763,2.0,51664.98613416043,31.305787406694844
7,321,842,14.459510034738718,117.92102019002373,52.797564726840854,27.372996985555616,74.57590433329045,68.72965129452477,2.0,3905.9085517457297,7.940215422172955
7,322,307,168.75355048859933,132.4721628664495,108.19365798045602,137.93208960365976,166.1439955372975,42.52490654957977,2.0700820454697535,2535.8149613212536,6.9465761280484095
7,323,277,11.86616257039711,164.71620938628158,105.80363249097473,146.10934509541295,121.22278117696338,5.181171578569521,2.0,2531.335487427766,6.847060310905029
7,324,702,194.01117663817666,125.81312250712251,124.36892592592594,210.44066499147576,170.07973263811076,28.423678916722874,2.1104751946919937,4177.443482459147,8.591722315997966
7,325,923,193.41569014084507,153.68710400866738,62.94626381365114,293.4023643005724,75.01976882063376,27.60012187317615,4.5,4464.7047432325935,8.355980275419553
7,326,90,172.0393333333333,118.82605666666664,83.97543,215.06599905195455,148.0823119617388,46.12322813864278,2.0,3763.156991090885,8.210151174442323
7,327,1712,157.22225525700935,147.26911039719627,46.70999614485981,139.2922605178031,154.9507679292632,175.76208938564375,2.330375268557094,6086.34907310312,9.134246555150002
7,328,599,44.33141110183639,179.9788939899833,114.4781816360601,190.58073485066748,134.5245993722927,272.1459196097191,2.0,11915.910180297928,12.692617602792751
7,329,492,29.02460215914634,44.981589024390246,62.37515447154472,36.48273466266278,127.94944532010985,266.58134069674276,4.5,236618.95064756088,44.32601574884982
7,330,294,13.149544019047617,131.69357482993195,54.626209863945576,13.420155724396405,41.98423746504689,141.50670237935114,2.0,14584.093178760102,21.082874406305738
7,331,667,68.53895052473763,102.75647631184407,125.39410644677662,324.94982569937275,149.06914648213916,160.09105025529155,2.0,4371.108796092163,8.220626260018621
7,332,1156,37.624014818339106,101.19665761245673,136.8379394463668,46.647494056787636,78.97989050606317,264.2612233695684,2.0,6698.85362933652,9.643331803012897
7,333,492,19.03690029186992,147.58325,170.67467276422767,175.81210535664255,128.61682749133325,280.78822131466814,2.0,23699.59187206757,23.695094795663437
7,334,3146,88.54516198347108,174.00477749523202,59.53897940241576,103.3795936943295,171.21321315686336,142.26368056153888,2.7637289539985086,12899.774635882908,12.009151244108578
7,335,2010,129.6235472636816,163.7775845771144,159.7519432835821,84.27342541443537,120.7586358956167,220.20747930070442,2.0,7965.682711140555,9.992929467848128
7,336,473,56.05537124735729,125.98697040169134,98.66318541226215,58.373873604152216,28.26537199237932,280.27278076066267,2.0,3495.185247314963,7.737293032542804
7,337,419,22.48418051002387,174.9422601431981,112.39998090692123,326.7615938579669,5.760627156458011,296.44547237863856,2.0,2216.0162103758753,6.712039783317105
7,338,787,25.071705565438375,180.03271880559083,177.96188564167727,169.97841508053776,113.98669634988798,22.10855570793334,2.0,27322.682279399705,20.771558840823122
7,339,111,214.93990090090085,28.539914414414415,101.63354594594595,300.3024355274378,140.14745327602094,353.75379832286234,2.6084637725701847,3306.438954617759,9.134198920587432
7,340,346,29.25334387283237,102.29586734104046,60.648363005780354,47.40526934830391,140.42871577384437,17.587767768008476,2.0,8172.69869226593,10.9511300115351
7,341,82,156.8956219512195,84.10790975609757,189.73618292682926,25.854653029041632,27.479369590350288,146.30823362294524,2.0,2304.494178435457,6.860015343089329
7,342,735,84.44919414965986,173.74713333333335,108.36736244897958,18.320024617974255,153.9319566504621,336.34571238192933,2.0,4873.276380443182,8.489194947452425
7,343,1180,203.08787627118645,170.64899237288134,148.07881694915255,160.93089962507074,128.04501978329705,86.95559952717558,2.0,6357.454785240151,9.504967011222542
7,344,341,107.87652023460411,102.20369794721408,182.8097551319648,155.72466939398407,81.06636191553844,190.28300517581295,2.0,7319.199890432302,10.501060476733818
7,345,816,180.4137242647059,72.78442585784313,109.91272512254902,269.32059285707516,144.54267652658027,233.24173959370583,2.0,3591.162886121321,7.818338599525597
7,346,1546,15.33491568194696,57.41530097024579,108.11216630012937,345.9486958172853,80.49633096340403,72.50193955787705,2.0,30204.988186443858,20.430289372160445
7,347,812,37.73518066502463,91.71802536945812,32.31704384236453,89.35491889066265,80.49534214468089,275.25036266287634,2.01757191431011,4023.676823360676,8.344269299777652
7,348,908,159.83720374449337,170.3125374449339,108.03437191629956,148.23696017910515,81.60319329922949,137.87164331763557,4.5,5283.247034470307,8.799178497197987
7,349,556,10.942265628237411,69.8428188848921,34.285768884892086,320.2614497350652,60.40531906215885,350.700564840105,2.0,21028.987258443613,15.260379917370026
7,350,1564,188.39275127877235,167.32331630434783,153.51186636828646,164.05943638652505,100.26038586753798,307.23730092612465,2.3650941839264186,32986.778933482834,23.011986404918996
7,351,430,204.26941669534887,45.05173418604651,140.54583488372094,106.7244029779176,139.8854781785025,311.03789689314846,4.5,30870.41182211014,20.334366113679547
7,352,1623,118.20159272951325,130.22762908194701,40.302667590881086,164.07294473897278,158.773892341167,318.3530987472098,2.0,6469.836503339156,9.633017819400585
7,353,148,56.820573648648654,89.70232770270272,51.25826283783784,12.09823222607357,147.9270127138678,311.8072150864983,2.0,858.2735761277021,4.804968834817214
7,354,300,33.48444106666667,54.672864,53.25613133333333,30.462511247328994,175.23890352134725,279.54531902555783,3.1086079287398163,23619.150874065606,25.659516756562926
7,355,1303,154.30055794320796,179.01134244052187,41.16558587874137,261.39954482063683,102.49323998479407,254.35275236354354,2.1711590877775446,36980.010415717654,18.56195682540888
7,356,924,129.90229978354978,155.23937987012985,74.51307142857144,120.23105937331223,94.57157672660762,122.04237126501073,4.5,4368.21118024553,8.239329018378589
7,357,1178,40.77523429541596,81.82885908319186,68.60828370118845,67.1802076901134,154.37779516229224,15.48594019094958,2.0,5666.587402911157,9.062602804508225
7,358,608,43.390916940789474,139.11510361842107,189.17585148026313,223.74489031122826,179.42252396966794,336.9973013273316,2.0,8712.741526884744,11.094098239511334
7,359,1195,196.8202460251046,168.49472384937238,152.28004560669456,21.010973490881256,8.705221945014362,105.45925218023065,2.1742103221931557,122976.7183727155,33.3864094409248
7,360,274,62.17092262773723,110.63287810218978,64.23648832116788,226.10426773826504,162.38842310750823,108.09926476674636,2.142245941840482,44457.98713839091,30.452803449187513
7,361,118,118.4749661016949,132.30087288135593,81.15454576271186,245.45103359733992,151.64398707156704,84.27804193689232,2.0,1888.8709111748062,6.235789158234019
7,362,537,38.01064376163873,44.69682327746741,84.32510465549349,19.09472392756684,56.17099102056223,27.09216183499575,2.0,33799.32555536937,23.054357778362796
7,363,593,120.15864080944353,41.48961399662731,47.97694721753795,160.08541644858212,79.55903856957768,114.24601530822446,4.373104354423674,4874.309649005395,8.62605077627961
7,364,823,29.902039222478734,168.13151761846902,129.30061360874848,160.20680288900607,2.213118658944939,33.91692124990389,2.0,3441.554316650553,8.093826512052011
7,365,249,85.51517710843373,122.7923485943775,185.52373975903615,107.03086631859756,142.5653503484318,231.66015812077455,2.0,128057.86692861156,39.396082122897944
7,366,505,136.34132475247526,95.27523227722772,61.27721089108911,345.58155741121817,38.677570346031864,173.5275456549507,2.0,2231.610407050267,6.691933450901151
7,367,569,135.57734094903338,164.73079086115993,148.89676625659052,273.3347327156579,64.71871413401524,265.54636635061405,2.2577036269958657,11491.830006087363,11.31000722961439
7,368,1304,84.75553573619631,133.72230598159507,50.67855889570553,71.54006167013333,143.50321734132015,315.1740239752086,2.8669449645150156,5792.237399416389,9.104023429798596
7,369,1410,199.65404822695035,79.69909723404255,180.73479787234044,189.49753843914243,35.156833370611515,3.295091210129013,2.0,5356.370953723426,8.779224977900963
7,370,1657,191.12176802655404,69.45015528062764,133.24967585998792,32.001161736101245,40.148244066027296,353.7169356157013,2.0,172810.35815547014,32.29874690504335
7,371,2197,184.7594630860264,55.701325261720534,173.16487847064178,88.79002726171167,172.57946403981708,287.48325709117006,2.6412515865117157,119967.86227356618,31.08760653356943
7,372,1459,207.5048902056203,64.84816141192597,112.95492316655243,70.54915473857754,110.74257180185207,241.12052826178544,2.0,17303.011391278596,15.026396079378573
7,373,775,29.70689938064516,63.76007535483871,116.85881987096774,128.70381706431277,21.399539597663072,106.19516532477785,2.0,3598.0001273918856,7.676560919930982
7,374,516,186.58150968992248,174.50789709302327,99.12056356589147,165.13105118125375,88.09902418981491,77.31588042943147,2.0,28829.27633517568,23.457785183879025
7,375,629,68.42800635930048,154.712106518283,134.0106947535771,10.662355387436065,38.77904892101597,21.450321003665763,2.0,5364.462555680038,9.013173929036581
7,376,115,179.1667805652174,141.1751391304348,144.47485217391304,321.27109450913804,85.20694542550122,181.50435858849193,2.3529083295394035,21187.403776066785,32.43326000145883
7,377,23,138.48578260869562,53.17149130434783,128.02300000000002,244.41987896893815,16.093222442813982,93.34878923164823,3.029714024867391,1933.9776849468608,6.29006831451666
7,378,605,34.12719520661157,85.45606314049587,104.27295801652892,137.74357852068135,151.24155238525032,7.122083476182262,2.3131864555985513,3680.8606153832447,7.9614318148834355
7,379,710,205.38865767605637,170.54482070422534,37.690743098591554,270.25630931418533,155.24366810065828,240.606978317714,2.0,60990.56703187538,26.011231034170162
7,380,336,145.13108333333335,132.90721726190475,110.63562410714283,207.02147279432242,129.11537487474627,158.0260450980003,2.0,5173.005154263181,8.779647740888494
7,381,678,198.5650542772861,69.81222876106195,57.06679041297935,316.4361139907174,54.267492989069424,291.2209735641789,2.0,210056.55157104912,34.88617455964178
7,382,660,33.743323924242425,104.27406348484847,100.27748272727274,135.52707796691016,139.15382898937503,54.682998473815026,2.0,3663.8967475900204,7.791314129966665
7,383,239,113.57416764502092,103.1278841004184,158.6384728033473,34.683577603319094,0.05333276205681692,325.5325805406857,2.429870549458891,25160.05841015847,40.57646242010404
7,384,496,168.2343286290323,53.647074193548384,113.07182056451614,98.52979299777293,175.15657336837836,235.8786744253957,2.0,2722.2338553171217,7.129145581407552
7,385,2459,141.6570223668158,140.3565494103294,172.12642403416024,342.2678317240944,63.5786477506613,329.30956337867946,2.0,10014.415163360602,10.834604795018835
7,386,223,195.96402892376682,134.17250224215246,55.152846636771294,145.17325499944542,163.7648679594121,228.52554437276862,2.0,20096.315836538484,27.320088614860527
7,387,461,162.5122331327549,53.299923861171365,41.98385336225597,190.8047799502128,176.31509571698817,310.8641510598874,2.0,33301.68027718316,36.63520788659207
7,388,1574,74.10037744599745,64.24418113087674,124.86252350698857,338.841470505902,68.49373648487348,283.3948402550443,2.0,6681.907227899221,9.448139591380912
7,389,870,73.53201620689654,177.22248701149425,152.96507586206894,351.1364270546355,93.56716233554125,42.081725041517004,2.7635577168084176,7960.377387192443,11.091601043568081
7,390,595,15.46608839630252,133.88416806722688,45.12803680672269,206.66682206345322,44.788263758739596,345.82284835099756,2.0,8198.154487128517,12.46540744127082
7,391,1695,37.051611150442476,54.73912377581121,122.22872743362832,4.890581306505473,45.606630731038074,91.01127379042944,2.0,53619.19986689312,27.366783977055494
7,392,1446,55.75551293222683,55.89253948824343,179.8648236514523,282.7685474019161,58.31596820664581,352.1812312636377,2.3525356490737113,5930.106197914622,9.051074242774463
7,393,179,10.312589983240223,165.04374860335196,111.50369497206704,120.01688221631923,47.078922457772194,122.39729505349337,2.0,8252.595800865272,12.272391338718885
7,394,735,11.97450069950476,80.96345156462586,47.24574027210885,67.45733167892465,74.33716999325249,338.54300641893445,2.0,8950.01714283311,10.527120881039444
7,395,1656,69.6658168478261,62.503381884057966,72.29236213768117,5.970592451194405,175.51521324231211,121.45288843537041,2.0,7201.787343405828,9.816620885406744
7,396,585,29.618147008547012,169.8786188034188,183.54947692307692,265.2819981011122,167.3831442224676,35.661125547722946,2.0,2923.7730552390744,7.192964926071956
7,397,1152,70.69218767361112,110.94356215277779,181.8935642361111,269.8748607398432,113.33657368500776,354.2628744919563,2.1475599581043143,17776.65049416112,15.646374696966525
7,398,335,103.97299820895523,163.34748358208958,144.09592835820894,278.05309195730985,67.52970506970178,137.7285663515098,2.0,3498.985203338965,7.996971147148465
7,399,496,157.24979233870968,42.11493044354839,71.53335987903225,24.98665683321216,162.27213417576093,272.48841117287327,3.05369087190971,19245.604685798702,14.788372856374359
7,400,62,31.44762258064517,86.79238064516129,98.34158064516129,347.8585326973137,40.22347523500091,66.77690422781365,2.0,2268.4603437776677,7.517690468447987
7,401,2548,95.09874658555731,37.143573390894815,155.6778614599686,28.43848407451025,113.42741506242464,188.05904416660053,2.0,13659.952308653646,12.00146315160822
7,402,973,37.76194869475848,167.49685662898256,60.4874744090442,4.898963959674036,71.69058649271257,44.371323996255384,2.0,39951.44335314968,26.5773477631881
7,403,791,170.89098356510746,180.17365006321117,141.0228811630847,110.65383538741045,47.19844426781243,111.01038850107047,2.0,5629.578478204095,9.315011265297422
7,404,181,128.38432872928178,66.83748397790055,142.62485082872928,64.15846055221981,151.3849030169361,163.53353950638308,2.0,2555.544440345588,6.978879778034582
7,405,2014,112.57005213505462,172.26406256206556,89.99423277060576,327.6543014701722,88.60681150371502,165.6594319848491,2.0,8108.249123725313,10.06703284971021
7,406,557,209.5374346929982,100.03391597845601,106.20579174147218,45.103295189416144,79.86677102297892,66.47136110205511,2.0,22099.14315879187,17.58924580594008
7,407,1201,117.1437707743547,78.83657993338885,126.38513730224811,230.90326415093364,111.63245946132113,25.785479501012553,2.0,1140873.1219348342,52.69909784498086
7,408,239,40.80595718602092,167.19208368200836,69.15595606694562,254.74900903673847,15.717413012380764,225.07806006569973,4.134144893314861,25035.73530298293,32.975671287337356
7,409,1100,33.04985439090909,169.10288545454546,42.804666181818185,269.1605582158048,175.53999057941974,142.32692470320427,2.62650410257535,5195.6240983515145,9.000111044617235
7,410,524,25.082687423664122,171.22251335877866,43.2372606870229,28.043305719774597,94.98744739661717,156.46299364081102,2.0,20269.30375025625,20.770372552860433
7,411,748,202.05073788770054,138.30110828877005,94.36623649732621,147.52554554332528,29.947369109213,223.58556130023888,2.0,30474.512279053422,19.265863066781478
7,412,893,94.2738464725644,38.41352194848824,49.926930235162374,178.6448199015307,93.46396727183983,181.57054875607068,2.2680274593496357,4892.504733577583,8.564530143776068
7,413,1151,134.18611728931364,39.09260616854908,129.23135794960905,287.6797358486922,0.9830338061849764,232.19663645453582,2.0855082645947967,6351.746966637381,9.407764689268808
7,414,513,212.62055959064324,144.67441130604288,112.71555204678363,288.3297618677002,76.35032845410711,349.55782745677993,2.5525248786566146,8289.49403466366,12.546168647373134
7,415,581,42.792974354561096,144.9066006884682,93.01490929432013,336.89452702727334,143.53334822953232,10.337905963900873,2.6208135006905406,4625.635973064779,8.482275092365791
7,416,1017,70.43646971484759,145.6939105211406,160.60756538839723,135.29433227361432,17.469964361027166,354.2346033941512,2.916991227294713,4339.756699894862,8.198163872374394
7,417,126,79.99702142857144,140.22702380952387,54.126535714285716,62.175585530761964,142.67851167285022,97.16562962800023,4.5,6028.324228947992,9.699868394599582
7,418,1380,78.25902992753623,123.80242536231884,148.81459782608698,32.926628626343614,55.17724381527124,97.31618686765452,2.0,6829.494342925869,9.571385202598162
7,419,741,24.748070782321182,38.37081039136302,182.82617273954114,242.11783332217,134.69140293526948,152.19268778902153,2.0,62559.91472474068,26.786494027378698
7,420,669,48.126156307922265,87.06547952167415,136.41533243647237,18.24648152471273,36.89938729666041,310.16527682525077,2.0,858779.7378809435,50.257805015250995
7,421,75,200.6580104,160.82708,138.333,177.62298116265669,124.36319197367554,323.3796660574014,2.0,37025.407667800224,27.821460796245617
7,422,604,110.1804236754967,91.04620579470199,166.9125630794702,196.304986259098,124.61502213903012,322.3658281170148,2.0,28576.9640532451,25.13672338794089
7,423,1511,39.231701237591,120.45587028457976,63.8990793514229,350.1507795344704,33.76389914113101,30.429963203316532,2.201845221986323,6614.985729344408,9.603177081139995
7,424,331,59.557362537764355,92.01754864048337,64.57881842900302,116.82705496839513,31.574224706847463,328.4891918886907,2.0143672834158903,4555.720831408676,8.307783771578654
7,425,209,121.72144545454545,84.4988985645933,128.67891866028708,52.8998691446452,51.56002040241475,189.83148181168184,2.0,3144.894440658744,7.964241495814261
7,426,1045,168.48262775119616,71.74748392344497,150.9098775119617,133.73855307943714,76.38182690158605,254.68429109112674,2.0,5774.016655553332,8.9813286084442
7,427,1195,59.74207631799163,156.17323849372386,101.8905850209205,224.84232296465146,85.74747255588844,98.6673592013395,2.0,4698.252344243575,8.434642014404938
7,428,749,136.60614552736982,158.56142056074768,105.72059385847797,184.5754103453435,148.7372236392463,167.51232168401526,2.0,4014.1540633601303,7.98677750207304
7,429,802,124.03533541147134,179.7590704488778,152.87201246882793,193.40951720659834,145.68845250178418,247.53891119761968,2.0,24021.357013595534,17.471797977766787
7,430,1201,111.82757851790176,71.68010099916735,139.55395587010824,279.7100461782535,37.86828032343772,342.6114559466705,2.0,6060.461498539719,9.545025253483109
7,431,369,41.89643739837398,61.971143902439024,42.42770514905149,227.31569467057975,37.21797250854215,99.71561399094475,4.5,40530.62492725129,29.520258230897692
7,432,802,140.74631047381547,175.32581172069823,85.44832780548629,238.1871809516722,46.38427797550189,158.2356255961505,2.0,4424.752401880897,8.234727957209364
7,433,205,55.229596585365854,62.99249024390244,88.4657687804878,247.22535076973026,131.96738783081722,231.03096608648306,2.0,3113.607417225789,7.528955386944927
7,434,839,179.18327294398094,43.04845005959475,127.85663766388558,259.261593401342,70.57723939390311,276.87638933716755,2.0,3625.9904598794005,7.682118950517325
7,435,434,115.38573502304148,108.13088824884794,116.71918202764977,351.96084047351223,82.66354364072514,238.27611750340301,2.0,1863.9284534154217,6.1685070999742235
7,436,884,108.75680135746606,35.40342432126697,187.50094819004525,189.50443891435276,94.76768304449067,239.19887285273202,2.0,34981.59636568192,17.136211548007275
7,437,1580,156.9516759493671,122.98735588607596,143.72298037974684,246.80303355790033,94.76810329818996,222.88617016676355,2.0,7557.870321699358,9.912644180073785
7,438,298,204.20042617449664,115.91316107382552,136.56668456375837,269.3910192448626,64.86724507916885,132.9505413721604,2.0,5045.61009110985,8.962278665907732
7,439,786,23.82127671755725,126.64655089058525,175.83136641221373,277.1156595486568,22.498509450277552,280.8094320283081,2.182279423532898,3423.875413747768,7.654263635043107
7,440,680,77.39163602941177,145.36801897058822,177.61329999999998,204.6616057007339,78.75072864303385,235.70226364542353,2.0,29480.013296260982,29.679627212671704
7,441,258,150.3585620155039,183.86544186046513,163.51295,59.346421983656114,165.35451042511718,72.86454208548855,2.3956926497638795,228680.41530053105,38.23454404736154
7,442,477,12.406198683020964,119.60530607966457,188.97851257861635,209.03968817267636,95.43632660630774,130.11456008070223,2.0,24547.06625413058,19.63749629594567
7,443,2120,108.11985976415093,41.183483962264155,75.96497415094339,173.9603207720928,74.71373814232463,312.7345208346003,3.8556050554032946,8346.504570987561,10.217415480735538
7,444,1533,145.13360926288323,74.82733385518591,50.41508649706458,20.1302382411374,48.30888563718266,136.3542041189307,2.0,6621.852353485296,9.451461073248238
7,445,680,191.98050264117649,42.857715441176474,59.06747014705882,230.5851408989847,152.6521511195737,12.278695474434663,2.0,28857.262422018524,27.261724727945076
7,446,1696,93.68917169811319,128.3155554245283,106.41866721698112,33.295152736948346,177.65801743675814,26.292656837336782,2.004380108918971,6457.434885046304,9.446120248257488
7,447,709,139.12670803949226,107.30332256699576,124.91517912552891,111.54409069123938,50.38668241210696,15.424041683532312,2.203890957350194,2974.0507120269313,7.417975783042692
7,448,948,89.31596824894514,50.3002279535865,128.37051170886076,152.4130345083453,8.761537931864034,159.45413813584003,2.931261055615872,253305.73297896906,42.49241427984544
7,449,459,141.81301525054465,111.94937472766885,74.63256013071897,342.2149118618048,114.14846391858445,19.244402342613757,3.5255173695149393,2431.767188282305,6.764875858534356
7,450,305,19.08862167213115,63.90066295081967,126.60534098360657,148.69142999464984,100.98406746043653,287.11568249418025,2.0230259083954314,2153.181783435008,6.506582812705598
7,451,153,108.782594124183,68.60919281045751,39.62349803921568,182.34605534005956,49.23703551823395,110.39833108678809,4.5,17286.627114410636,40.60637260763237
7,452,388,104.80151675257731,89.27637989690723,107.14019304123711,327.3905122119734,153.6829007645606,49.64734135201644,2.2777937918575017,2270.1174738226805,6.6049611429816535
7,453,1119,159.58321358355676,74.7544234137623,128.0520384271671,234.32701306717237,49.02846913425915,336.96491938676417,2.0,4347.091467547282,8.392394844187322
7,454,557,18.555432768940754,44.43171813285458,86.5207197486535,175.8175510938852,82.35120451187416,287.53102666406176,2.8273274073307078,30905.47317988747,22.568838899031018
7,455,1202,195.97734109816972,121.04818968386026,40.649794342762064,339.1870041228594,174.52217661750956,279.31978474930776,2.0,4691.708594588935,8.406894530289032
7,456,493,66.52265618661258,157.15882758620688,180.90669553752537,112.55454852200558,91.79793286345429,78.86985580554757,2.0,8075.523841564303,10.658822700948614
7,457,461,137.00621475054228,51.5919284164859,30.095268980477222,126.17389750862215,45.62789828789002,107.8977455330111,2.0,7217.8855542556485,9.90113918410436
7,458,367,83.80287411444141,80.90537547683924,174.20734604904632,357.3832349561394,155.06811769880923,274.02287006248224,2.0,2806.7889117880254,7.080843411508982
7,459,1751,50.68243980582524,48.31904980011422,140.53210508280984,141.00270690046227,179.7239739748765,3.5243222736023894,2.350826825311712,38202.17489479512,21.469586533079337
7,460,303,47.99992244224423,100.75788712871288,49.605561056105614,274.0414892645251,142.78733931782563,185.49192353801894,2.2967523121561513,1826.3821840292305,6.157432676708616
7,461,502,26.7260748438247,165.99321314741036,65.72530099601593,142.6018669332768,35.921901111174435,37.589626746215096,2.0,41022.44629121013,29.811280500999903
7,462,1236,51.75188422330097,150.76455906148868,65.23017459546925,117.319096788974,36.42763232063332,327.68683480740464,2.044045514458953,6352.243223815048,9.406891770698328
7,463,174,37.09147643678161,52.18570459770115,131.3447436781609,329.26979101318017,120.10225795917758,2.8266835090787445,2.2845176819798545,448732.59855106805,52.305596100612625
7,464,536,50.464290111940294,171.17917761194028,115.26529402985075,214.11248540644274,149.6167703514094,75.01162707814797,2.0,108249.4706248816,27.55810618091372
7,465,337,163.15394065281902,36.23457507418397,132.96751335311575,312.33291187286386,156.20171270542068,329.89998620252186,2.0,30540.297851100764,21.145155292528333
7,466,139,155.0345323741007,84.79444964028777,61.22352949640288,72.19342944798362,22.864336351067543,203.6862685551567,2.0083037901313863,4301.2137603432475,8.210575442557753
7,467,1242,67.58917528180353,176.49946537842192,176.39687198067634,63.64461685896147,122.71490270485825,172.3025068290093,2.0,5505.720724113914,8.843791712619604
7,468,613,176.66104241435562,79.93563295269169,52.90861468189234,109.41330393547115,139.1713319350701,41.754459922094526,2.0,4083.1791978706906,8.314872043486858
7,469,645,24.32847355612403,54.32072992248062,152.2799488372093,59.081652910839196,75.8466705232307,105.76266848603055,2.0,5041.468605534953,8.73581021411909
7,470,707,14.850042886704385,38.502263932107496,167.54241867043845,91.09188434200982,111.98080640540347,286.4309139899389,4.0834434624639835,64937.87115521961,26.488219211337938
7,471,720,103.11439430555555,77.94068125,166.71669305555557,213.8714315221705,170.23472537638182,307.8659056035407,2.0,3446.9599111914413,7.641283362775133
7,472,822,193.7104476885645,42.71970304136253,82.97830644768857,37.90829610287856,146.23028368948874,184.0646680930239,2.0,23586.111124544608,19.896977724716898
7,473,836,212.15562316985648,159.32943660287083,165.97567464114832,242.96074688449428,114.79913752380568,152.10563539458337,2.0,6562.475009642671,9.64703317682639
7,474,263,56.46923840304183,45.7144711026616,170.96661216730038,67.1786247130716,22.99990065910581,90.50178724452394,2.0,12929.147105639897,21.07695071503922
7,475,1605,66.30099925233645,42.20672735202492,53.619987289719624,3.2390821998192276,64.54098789629994,150.22580238961294,2.0,10644.181718153277,11.305995257003971
7,476,736,166.51690896739132,92.64422486413044,118.75660326086957,7.888228493726777,132.4146980599151,149.8605645669767,2.0,3301.422160636554,7.533037758438097
7,477,401,19.125558785536157,152.09156109725686,155.0983266832918,101.26570925855054,177.4591810943343,157.52068388953833,3.3227731959977236,9737.595590112873,13.24614637978245
7,478,126,59.69158888888889,72.13533968253968,90.08313253968255,160.660202377885,30.54875487404194,314.57341031146944,4.260180721931528,1391.7464689993133,5.703991238391747
7,479,75,166.63564,92.74682399999999,183.66492,90.60675696017415,166.06634572843404,109.11879019240166,2.7729250363675066,1087.9193480010792,5.152194598395625
7,480,1283,74.86873164458301,181.71174598597037,102.94399851909587,1.7979404465119275,21.51638508333023,193.84367651307963,2.0,26160.819531065797,17.228552358350438
7,481,970,170.92180412371135,167.63564845360827,175.9584963917526,37.82797544943807,68.74554086655083,101.18274024825524,2.0,37685.16568415569,20.339897223891512
7,482,606,210.33659334653467,170.37497524752476,105.01218366336633,25.998310637051336,114.49148566146074,278.19403412972673,4.5,10812.639995427426,14.814321847286061
7,483,391,96.38980358056267,136.08140920716113,177.58597851662404,224.35459071359952,80.38372141589522,265.32458597201287,3.511619179909456,17956.32657701133,18.562581617106186
7,484,653,12.210585214395099,183.67771041347626,112.52481791730474,72.53328274943439,45.78570921710301,61.46528086343486,2.0,16316.858001531287,15.324936923527046
7,485,294,179.15071864285716,162.8682448979592,48.85831836734694,289.26682063910704,25.511456275888552,347.4301114995231,2.404687214561393,1088859.4790536603,56.896925881398005
7,486,410,133.56365853658536,168.9899,125.27927317073171,86.6531950110403,89.25930731937117,207.27408633708055,2.0,2271.294254127037,6.954276985851525
7,487,739,104.52851691474966,168.38769688768608,134.58767253044655,156.39590457513032,157.11992626277393,119.59110534285034,2.0,6015.806965769943,9.179330831080012
7,488,1230,55.653345447154486,49.140312845528456,88.25316105691059,65.54868498213654,32.30827032561264,146.61687521089596,2.0,5289.80332987206,8.779544347728745
7,489,173,130.89269942196532,121.25256647398845,83.45449942196531,331.5719423223492,87.70226421530556,187.45950360357062,2.7133783351655634,1109.6891218895596,5.210209370045397
7,490,570,107.72436035087719,60.086745438596495,122.56591859649123,320.895924801532,128.44506699765202,103.56370075510023,2.0,7141.848078820321,9.791438796794177
7,491,375,196.60503835200004,124.154736,183.51548239999997,263.89040705169185,6.270131551461693,306.19619194538865,2.0,65247.272730461715,30.303861080119972
7,492,644,148.12312577639753,134.53123447204968,103.68387903726709,173.01944195510308,11.788123315046162,332.19523395940155,2.6153515818500734,4086.7624919368773,8.095492529948151
7,493,952,193.18113760504204,53.47899768907563,82.5845213235294,260.27718000418605,90.1598369663,21.066487837047077,2.0,4994.96711925172,8.719994770962273
7,494,461,145.87025379609545,73.35541236442516,71.90143123644252,102.05262320326733,71.60542887999523,148.91917155491674,2.0817243462858994,4293.177997317351,8.457772281494636
7,495,576,174.51040104166665,115.80827725694445,80.95620364583334,320.11559787577244,14.650756769666824,204.04947170480264,2.5408759921190507,2822.179161921099,7.241812138502264
7,496,767,208.75051178617989,156.1611303780965,69.10815788787484,132.19706344817672,141.67449762354673,331.33274767014615,3.3281809373127493,24605.825757968785,19.342450347310997
7,497,263,13.506849968441067,178.09446768060837,154.53975285171103,166.12461441184075,113.41669281310133,18.18730895833064,2.0,17919.511103790894,21.373913481607676
7,498,1353,29.112561714708058,136.07529194382852,90.10606371027346,271.7617482018069,177.4037258364835,134.2445307686788,2.2044251028396107,5890.56455322703,9.037176897910532
7,499,978,20.60072383568507,55.76790102249488,171.64242740286298,355.10023992750706,173.20284129389552,273.66855984293176,2.0,8882.073420170682,11.18151211185747
7,500,1046,107.28797380497132,139.17404588910136,134.38308030592734,143.40336797372734,64.85216446513348,59.75771946794302,2.0,6639.590625998859,9.934584877685312
8,1,922,45.275552819956616,58.25199327548807,105.97075878524946,72.25841052344971,151.27726768195672,150.8388485923996,2.2314160539876675,43809.890834411955,26.602437355343245
8,2,130,12.58629029923077,115.24600769230769,124.58866153846154,315.8751874734906,26.07808523742434,128.26613128639332,2.0,2549.287692022031,6.959637904891249
8,3,1104,165.18193705434783,34.52682210144928,103.1597517210145,109.76420781207881,74.34580857303513,165.26785471421297,2.5342512797641232,9184.938599109504,11.484113560146538
8,4,1105,16.334499048506785,61.9216084162896,85.15339438914026,162.9997515209882,38.446195935648895,66.7312445391703,2.0,19207.049955157632,16.773353140761902
8,5,741,163.1178326585695,96.27740188933875,42.35981430499325,145.49917195301578,92.56749784252308,255.50863512149445,2.0,132672.22760905055,30.2542435814639
8,6,334,144.51908383233533,144.05357185628742,45.652789221556894,293.8611500341287,145.09233792354377,226.50864646685437,2.0,10964.709446110448,17.04936795491903
8,7,1587,115.23067939508506,127.90791871455575,59.832159042218024,328.4000542003296,96.88191675796163,333.4903805194062,2.0,6986.064058576066,9.673712303119052
8,8,292,16.392219452054796,120.72968493150685,34.07189143835617,219.22354154961903,126.78634022873078,34.614841523817574,2.0,1849.4446940045893,6.500612192744143
8,9,806,115.74164032258068,40.60011625310174,110.62355756823821,231.5237906668037,1.8990507149770686,190.1094733728494,2.0,3582.008665206755,7.764608702363859
8,10,1020,120.07501127450979,122.6042137254902,86.66423970588235,116.34776339647762,80.84397553829375,303.8283553950925,3.791349660840777,4647.098016088076,8.378674999369023
8,11,425,60.621962195764716,63.279198588235296,70.29792,302.30147924384534,29.207750132294315,11.166629290967585,3.2614662542570656,475474.09687277034,43.88263908267377
8,12,886,169.96666200902936,62.67107358916479,143.32154187358915,106.98391740952249,6.900693640231892,125.09002456556925,2.0,39071.82896159933,19.640765175533193
8,13,2219,149.4929730684993,90.90143271744029,78.11569851284362,237.92161514793094,35.364354223720056,100.43223055247998,3.0094804365709042,116120.70604441619,26.309444668624725
8,14,1457,166.24911905422098,110.9504391214825,105.41192834591627,223.41483607995576,109.00357370851553,297.3437943606995,2.0,21424.701864458562,16.40218638795616
8,15,511,86.72411956947163,48.85646320939335,95.56450900195694,52.28982961451592,45.840779360408916,6.699481166337096,2.0,6091.881822918674,9.28848650588043
8,16,398,19.55006256281407,129.02216834170855,131.01769095477385,100.09155932387198,133.16374639255426,156.33709490088881,3.6729388466728916,12590.319723590574,19.443749425948397
8,17,86,138.59997674418605,83.67012325581396,58.629170930232554,6.0884578476411555,139.35738314697002,271.32698627213983,2.390288283599888,115241.53476893413,33.45575515388663
8,18,1424,30.344581936516857,138.62530688202247,85.8115418539326,29.749495354227086,80.08684336597801,81.66370559528406,2.0,6497.681901893896,9.334094791232808
8,19,762,70.49967309711286,122.99975721784777,116.04814396325459,49.94579465275566,34.0101415382561,20.145225232491818,2.0,3988.545532901291,7.94380057809616
8,20,1026,119.95794152046784,101.62989522417153,127.3217485380117,159.04843059309934,86.5518265866832,107.76867570547687,2.953657383988901,5007.352235591934,8.575133380922553
8,21,356,161.22413952247192,137.4726224719101,109.70520028089888,221.41765013660248,175.38348901175326,157.9862537157796,2.0,159207.55465677,35.69904059011183
8,22,600,123.47776333333333,44.43993866666666,43.95773783333333,267.3983521949202,107.95643556273791,142.49980544821153,2.0,3121.7439460165424,7.490375010995521
8,23,939,18.192485903088393,78.9287287539936,130.88098402555912,156.15814433368817,168.06389578529647,169.5932985876462,2.2429934393398008,5682.847466633934,9.076180618932536
8,24,589,71.66325161290321,66.84698845500849,104.00702478777589,26.034330280134853,161.777788789403,340.74940307478647,2.0,3771.394829882101,8.042266925002561
8,25,108,13.730777919814816,138.88742499999998,73.44251018518518,257.08755861247244,157.703330595682,305.6260828427882,2.0,106260.94671122194,30.198391309516136
8,26,814,32.49811636372236,143.8301558968059,118.22599815724816,223.4692869175986,145.59543306287827,222.78450116233296,2.0,93088.3072916995,30.32179062376015
8,27,741,26.433393198380564,108.69674264507424,135.15404453441298,289.55729207135886,22.364198883153335,255.06305020366952,2.0070274351081445,4179.497095563407,8.181712581224852
8,28,1019,93.25676398429833,36.505860255152115,95.4591095191364,343.1994596120727,169.33848383077526,135.32905518763175,2.0,4952.39574223887,8.694265662322179
8,29,620,130.5989064516129,144.53175322580645,99.67754806451613,338.2499956409882,163.08639742114693,227.46911291670074,3.059053803408489,2664.054612378072,7.042301322819238
8,30,385,141.6409090909091,44.9488,117.03914545454545,102.43216404397263,131.7843842166153,54.4767622169564,2.0,151137.23662338435,39.40874802594819
8,31,1036,83.08666177606177,152.41966322393824,62.567709652509656,345.7454279575156,124.285865621729,273.6448401279421,2.1616704762585806,11432.088293468818,11.283226061823731
8,32,1114,23.166618864901256,33.963097307001796,88.82531561938958,219.576319559985,22.922363711713153,245.5596531598179,2.3831326597578317,11739.101799041135,12.636555622213137
8,33,447,157.77951454138702,107.52502304250558,122.50511856823266,253.4718033755219,157.30293148898488,141.62023988007508,2.5636531503282765,5452.173847062175,8.806054483767092
8,34,521,18.805127095393473,54.469336852207284,50.70706833013436,103.15144111942932,30.352306741174303,342.71285261998213,2.0500460997719236,35302.54254677989,23.596653886382654
8,35,429,79.18931095571097,122.88298834498833,95.98174405594406,199.6857789864547,53.180542599192925,1.3512581072887597,2.0,3048.9402649387857,7.483277531308218
8,36,1002,30.368048851297406,144.20451317365269,129.91390618762475,189.721440392946,1.4948647680764227,312.4749498136901,2.2967996730794735,51208.94811940917,23.680221216551946
8,37,603,109.63431741293533,81.50603383084577,146.06674295190712,2.2967595348971903,60.70503849166245,72.80829118457166,2.0,3182.654929009266,7.406948899062897
8,38,808,86.20740705445544,114.81414232673268,48.328477722772284,218.53147799738693,115.85378865422331,318.48730017067396,2.0,40132.02069546364,24.0386005882409
8,39,663,149.23859728506787,108.03418702865761,96.74199019607842,162.63550442292023,143.9779198924111,329.3959149010073,2.0466947235685145,3985.137733427917,8.09958913914813
8,40,229,41.648710451965066,112.56250524017467,31.25832576419214,32.30794097606421,97.5358324014346,212.70317067307133,2.0,30666.198351648756,30.222610885792506
8,41,779,139.30135430038513,37.78110949935815,62.708478818998714,224.63033070067198,178.40099551414968,48.19622575429733,2.225157486017041,4239.316650409867,8.800800803575262
8,42,919,91.54011870511425,77.47742927094669,53.595785310119695,52.86757188091369,76.4677162038904,135.80236792309736,2.0,364362.2159819221,40.769463972504376
8,43,602,93.2585303986711,142.088584717608,123.38316445182726,320.78805751955366,79.93843043427567,79.59340239204833,2.007214217043444,2558.8336165269043,6.907213913702251
8,44,1048,138.08434446564883,77.13431116412214,133.1680778625954,29.798152096752442,1.8056264072091177,278.06632960403994,2.649723059705467,48829.345970286646,24.777375688442078
8,45,340,69.92476647058822,100.54792529411763,91.99106088235294,199.46956682261305,42.89732646894931,262.6932017767281,2.654254657661015,2813.7872901626824,7.135032312539699
8,46,500,97.7159222,33.997975399999994,31.77329,333.6903395169164,66.0802940300403,290.0394482287595,2.0,22988.697738825384,17.43747324372839
8,47,374,10.983698421657754,111.3681294117647,50.58566470588235,174.98653194371823,36.898133955469895,29.292048775922833,2.0,11643.112371941794,15.817315023515498
8,48,702,56.62000925925925,121.85967806267807,82.89376723646724,257.4585383873998,32.487227461886164,96.00046513652931,2.2095939318393687,2911.024879105495,7.314689465783663
8,49,474,110.43892932489452,146.46036371308017,144.20825147679327,97.64037615917222,64.88646116952741,76.76512415392924,2.0,123666.91708638893,27.872025255190835
8,50,1219,163.11920754716982,39.967736997538964,137.90537038556195,41.12419405174822,140.13808100855906,292.3826748549498,2.5985800837175184,71244.52932439194,25.32281760730976
8,51,430,116.53955860465118,146.35000046511627,93.27701511627906,45.48559344289912,166.55358799862375,11.347650934482072,2.0,23579.904223966725,18.614663139143595
8,52,244,149.07502868852458,142.72409016393445,117.77238155737705,274.32596271484505,148.59242414876715,275.27008637687504,2.0,1803.7678034326254,6.163247960313439
8,53,400,21.627583322250004,62.893161500000005,50.35982125,291.7726800461445,48.09293903927593,275.0195640066052,2.0,30344.970731015805,23.341621156636297
8,54,351,71.59100455840456,105.06648062678063,124.94722222222224,198.9308103462274,78.9903056818086,109.36146466376688,2.2972214782351843,29860.688062115583,27.769276956406298
8,55,587,49.65465962521294,66.14906422487223,75.20317904599658,55.38127998665576,174.27335572254714,345.01947210035394,2.0,3851.8170670655036,7.968793850255726
8,56,303,127.89200000000002,134.63844224422442,155.4997125412541,52.157960069351866,106.73938755654345,278.5573150901653,4.5,5864.211854020193,9.031789815239513
8,57,1419,23.301710611134602,69.4981312896406,69.06890493305144,97.0898291793469,142.1879086118652,74.60858043264395,2.0,81788.53958336946,25.079672185586176
8,58,246,141.10244778170733,128.07135365853657,130.7103955284553,244.3441934025706,113.59764655168826,143.77590357581914,2.0,189167.837024543,43.60508275815466
8,59,1238,138.45668497576736,102.19267544426495,141.41107592891763,48.3854575633313,116.87689417678382,217.81658375049324,2.0,4443.458845444043,8.224513628253673
8,60,1046,90.29973059273422,30.81309502868069,141.71032265774377,175.3530453344501,142.60423260418628,74.97510343340481,2.0,71849.34208918354,22.222796202847366
8,61,1246,131.36439486356343,77.783594141252,106.37699678972713,257.1208135228989,43.11461440803113,71.90076042810784,4.5,6137.76407412534,9.383097769950174
8,62,888,102.53526923457207,63.403305405405405,55.003162837837834,222.53550042575012,165.5997774168293,81.98617959361711,2.0,544699.564213587,42.63300284628959
8,63,611,87.97847070376432,139.8370785597381,150.040890507365,307.9608279957037,78.71660963469088,319.78263008409226,2.0,10318.522509258548,11.139632079264695
8,64,275,141.7773418181818,53.33931709090909,67.77464145454545,230.7248971812852,136.8492838302126,169.7972667490216,2.0,21065.004852086506,23.24100481493055
8,65,1015,32.669830738916254,102.05591881773398,39.52876778325123,344.51648646225283,73.05069173751377,356.9794837259878,2.0,25707.09562152045,19.74968308891469
8,66,408,168.53951617647058,140.6044338235294,125.92880637254902,25.099571632440025,125.03731862617218,311.81400299559135,2.0,15735.037023934343,17.04737039537954
8,67,639,20.890886040688578,105.84818450704225,143.69406259780908,309.14159731819666,9.3172634691051,336.46536078955137,3.0533267195212224,4611.935939875722,8.545368433695204
8,68,442,131.76957239819004,122.1309411764706,67.40147760180996,81.32683953256428,69.65453716903744,142.52890382125784,2.0,35903.944600584175,27.635758658242036
8,69,829,83.75122882991556,147.8123337756333,145.1749542822678,185.5725139924314,107.97342373818353,351.3396849404048,2.227472268100701,10208.493012747045,11.302519876493378
8,70,141,53.280768794326235,67.79505531914894,110.94413404255319,62.135252678461576,26.51913492695042,99.40208243382588,2.0,968.463647645252,5.308078388611432
8,71,649,126.36111494607087,125.7201374422188,71.13695685670262,260.8269900187679,6.157234754516974,35.1801393541721,3.7918264974637834,5741.767608005615,9.615762261538638
8,72,283,9.069727348409895,149.994648409894,91.70743003533569,324.9989055374121,49.777138486354765,222.70458344629435,2.1614277187296165,32161.61684917534,18.508366493544848
8,73,320,115.45736562500001,45.652647187499994,40.280029687500004,231.65411277804785,163.30337476874266,212.8440135259969,2.0,7582.750555033356,13.877658269041811
8,74,1411,146.82362934089298,60.81401211906449,140.55534528703046,49.35525948529053,151.50139937737168,338.4766380974621,2.0,12296.055904107652,12.861426564704862
8,75,755,14.765137890198673,39.79571231788079,61.42832662251655,272.15259012534074,166.92434660270624,335.44107279742644,3.2232057000323833,24343.92772808687,15.636106502768676
8,76,793,46.4129419924338,74.9791552332913,48.6907974779319,40.80279526413015,11.559262606880708,273.76409857033815,2.0,5604.345789077352,8.902065045927305
8,77,652,44.67965153374233,128.89027147239264,99.11925475460123,255.57626277291715,70.60778457680563,65.99512552612535,4.5,3723.2645107818826,7.778992922890008
8,78,592,166.3068268918919,67.32727804054053,84.83488885135134,127.26793838780536,3.5065577616569676,297.5717218171342,2.0,4284.01659493659,8.301316639115589
8,79,1171,92.25713501280957,38.398140905209225,124.54743808710502,100.04868063589076,60.676669662920894,88.60865286018903,2.0,5218.5590269715785,8.68499012802787
8,80,471,22.64920195329087,112.26076326963906,54.84756539278131,94.14147442351259,93.70214729399177,132.11710875265322,2.8651880706233035,2402.1078191653196,6.773636510899653
8,81,540,62.558560851851844,92.67812148148148,113.41913796296296,263.9158011906368,19.836176441487414,43.132067313968236,4.5,139724.00663120497,32.030607114522546
8,82,377,42.499267374005306,86.44069708222813,134.12650397877985,350.69889780980094,54.70992193762256,24.844500837268985,2.0118059528611565,3511.5271629481044,7.76724860717817
8,83,202,57.8314004539604,103.55868910891088,37.995090594059405,77.96329236601863,73.21797875535152,264.88546800928265,2.0,334892.05914835795,42.21887866911528
8,84,820,39.559818048780485,103.4801825609756,103.6634263414634,64.13078569971012,87.71600062076995,331.9681504844499,2.0,3130.474349092013,7.366299486139359
8,85,782,39.78140677749361,49.26301803069053,120.26640856777493,233.78752618029563,137.82613315290783,252.7537442169632,2.0,3896.8269449756554,8.009318106003446
8,86,538,89.63402546468402,61.254755576208176,138.76409479553902,37.59493229261451,34.02637927563451,339.8867957485298,2.0,3506.177713091178,7.641301648622491
8,87,1568,108.25212270408163,117.71856887755104,124.73399132653061,57.79610255577889,150.1119819402976,243.03210253661885,2.0645929797678972,6889.677693822783,9.991122465897162
8,88,1410,64.79320453900709,43.617465886524826,33.423219716312055,33.33252717635815,69.2191188716179,342.49539428034444,2.0,10228.783292918133,11.515929862311902
8,89,466,158.55628755364805,137.55533690987124,112.61630193133047,318.88864327211274,45.79768480489638,305.14501478590637,2.0,2499.534634314857,6.864921434081789
8,90,1010,16.494822344042575,142.68024356435643,65.8305794059406,350.15250933733114,126.86199783434495,163.07676898198042,2.0,5993.454454119456,9.449876788020786
8,91,223,98.09148789237668,148.47103139013453,52.84313183856501,275.68796268287747,63.36632182041116,84.39794218238426,2.268855170850834,21769.496213330833,23.518048636306563
8,92,601,78.8811071547421,43.830784692179705,136.99886855241266,77.67278763920004,128.84164323315363,14.539181166341852,2.0,5215.551096027928,8.686585785600416
8,93,969,70.49121475748194,65.06060350877192,119.76382043343652,323.4759408604038,159.63389949765698,219.26020050037923,2.5679531280227783,4028.995507088335,7.989823559906182
8,94,678,129.4030855457227,128.1584233038348,109.32040752212392,292.45098966487257,94.00874144162272,47.139032957096276,3.530701548610071,3334.8989828114936,7.4896320034016455
8,95,619,134.23542649434572,80.65205621970921,135.66309531502424,111.55701413040083,79.33542372688888,136.4702778132947,2.7640546768086818,3462.0938494430998,7.799270708381106
8,96,1254,117.97677304625198,77.03777081339713,55.01484154704944,95.10000765514144,120.93916207573527,84.48039769132843,2.0,5768.769787525091,9.116643096325921
8,97,758,27.711747941952506,91.30405527704485,66.51023957783642,171.9894690803819,30.325654859756167,354.2970008168888,2.313552108156589,3452.0172369018915,7.875127247296987
8,98,853,169.20595521981244,105.17449343493551,134.74305404454864,251.68507565145273,15.430575140648672,196.85948969582262,2.141062265717059,86706.96631004488,26.010446210960712
8,99,1021,89.2317762977473,139.2252154750245,51.50042615083252,222.63192623315996,107.79632456995603,313.3433954162562,2.0,4754.5942062100485,8.647890239993785
8,100,578,56.710042504377164,114.73333494809688,82.47746211072665,318.82227976424076,9.778194161762277,70.17954568596657,2.0,274675.31325531594,39.384193663895466
8,101,1136,21.253586738556336,41.35489075704225,109.03922403169014,84.99714940392523,143.6236143230634,122.63038883240829,4.5,21261.294367740342,17.776628795746642
8,102,1497,149.9149002004008,68.17756806947229,38.596259385437534,9.323461915761966,57.063728922926686,250.72552083822836,2.0,29022.714529761983,16.523193370516783
8,103,1182,93.04292859560069,97.69325507614212,111.66873054145516,267.50501769003336,163.14939444752844,309.9651581766752,2.0,5077.8379851774025,8.60537608502559
8,104,1133,149.88439982347748,129.31240511915271,83.42458870255957,204.18161833766726,38.07809356794723,38.05944758393936,2.0,4990.091586327577,8.54474147368249
8,105,123,37.74208455284553,150.9475674796748,41.80559918699187,292.08654193800686,151.43903911467086,4.8221799594681825,2.927523414244539,9041.437494936446,14.98229293784302
8,106,1192,55.29029840604027,131.28242281879193,39.01330469798658,356.86144156292687,111.17999479144338,65.6004519929387,4.5,5895.467619553695,9.092378142665616
8,107,815,84.12394233128835,89.79175889570551,150.4140009815951,3.548103763345818,116.65572261101967,331.5022982261838,2.0,14442.547937016769,12.857383055773164
8,108,566,64.6725183745583,103.88920406360424,108.26278144876325,201.29181366629817,134.84276701188884,180.7099892035396,2.0,3294.278830855323,7.444327486011955
8,109,294,29.824108605442177,108.70493979591836,65.91587346938775,129.73536808866174,49.458644340557875,77.65883716911463,2.0,1626.4669121650825,6.2160591233438405
8,110,552,164.68332820289854,118.71551213768116,87.51961394927537,219.15049658246744,35.79527794407894,200.68515380449753,2.0,73009.12926653444,29.909189930344564
8,111,436,52.637909403669724,87.82851743119267,77.68236582568808,186.1273353294905,86.34787740079695,73.80387644189571,2.0,2813.6617361383483,7.281853301014784
8,112,550,69.4695730909091,100.87666072727272,79.005418,114.22005771385693,88.33210659289112,60.5396586597503,2.0,3416.973587706511,7.897310103345127
8,113,878,131.5247972665148,60.443947949886116,118.91120341685648,101.14029520310599,148.79345064480913,121.64837623580325,3.400717120939884,4817.7041143401875,8.79849349243168
8,114,237,13.011660463291141,139.12409029535866,106.34528649789029,113.16957488274144,93.993206054005,65.44440024427209,2.0,75131.41784289945,29.548178634309576
8,115,1740,35.739422011494256,44.07448132183908,51.703015747126436,222.84735964147544,172.46559370338562,275.63646901138605,2.2100849884075298,6401.103480435697,9.285985337776836
8,116,685,137.64687153284672,47.453128175182485,125.1207591240876,249.61463840115835,95.36476300225813,175.87671548466224,2.0,3768.117794789088,8.010538896727072
8,117,184,50.42324076086957,104.1006597826087,108.19097336956521,267.7097282206945,15.869384656251974,340.86029686330426,2.0,3386.719614637004,7.532306205244544
8,118,318,92.06910974842768,134.72714779874215,106.17742106918242,53.56056963005345,99.40288472923032,150.34457397736716,2.0,1814.8383334375915,6.208766414767351
8,119,401,134.5431491895262,28.802490024937658,88.34405885286782,304.79481361250475,25.644136553266048,190.39360145337628,2.9823777786257386,94132.70054358504,34.74870806984004
8,120,538,38.10672695167286,127.10185315985129,45.4824656133829,172.613819609984,54.51685028443345,111.81151521326353,4.5,2379.945141311193,6.676299978482644
8,121,691,127.44445875542692,151.50753516642544,123.92143704775688,197.29654229428616,164.7730373891455,111.08883992393051,2.0,11683.271119071971,12.337807319060557
8,122,628,128.48908423566877,82.32061831210191,32.78674108280255,133.1756705932248,74.00163350772135,53.09401252477177,2.0,5007.865958957599,8.837187564784974
8,123,1774,29.41723920050733,41.256126099210825,128.40563923337092,256.4084493639037,32.87697509761402,41.5405560009448,3.1373014422020464,82956.42399050127,28.451416465304366
8,124,141,99.2553609929078,70.12378085106383,141.21124822695035,335.6494576097603,14.098925454027643,141.54150956441015,2.670441490583036,3130.7984612443215,7.672282527161428
8,125,172,148.0764534883721,35.33835465116279,55.35647209302326,14.39985899038303,81.37098673030408,100.52660791752938,2.0,4870.558374967242,9.185787920287593
8,126,795,77.99619823899371,82.75255182389937,119.91728264150944,299.2361492576082,123.7504058735805,326.33139429014705,2.0,5161.267747509348,8.84490196651081
8,127,300,133.6588033333333,140.07961333333333,123.01703333333333,156.48548193103687,45.8754194276556,287.9150559542316,2.402744326648393,2050.98551319696,6.541425048379509
8,128,1255,152.97346135458167,48.037135936254984,91.23385442231077,268.3360580727881,5.815086671823684,139.64358965559182,2.0,6314.091500451991,9.278376108760135
8,129,420,163.28920083333333,37.0015830952381,32.79018809523809,213.43840861274344,29.63445838540189,162.17925161676973,2.0,110883.93268413687,25.420903708222507
8,130,1009,167.20770968285433,145.83099910802773,65.06563984142716,186.13328908593883,104.16072092055565,314.80297261406486,2.0,30845.28798138437,16.88465451103998
8,131,1170,148.4733163957265,137.11923076923077,44.03469307692308,117.12472773051628,4.1083635770329145,332.75988058844115,2.3697146180743314,42542.40566739275,27.569334741638084
8,132,1194,65.1440202680067,71.94249949748743,51.173137018425464,193.27565418242747,94.03173980089377,168.8499463528458,2.063175278219891,5931.879316999527,9.05434622719771
8,133,621,135.3851610305958,100.34809871175524,102.41614653784218,346.92332714905933,19.889545271385725,341.23997202862864,2.0,3025.725661110751,7.298105909025577
8,134,407,99.92903832923834,84.89486412776412,132.08539312039312,107.5010318917836,106.19785462369775,16.486689448331234,2.027078678447373,2438.8116613889542,6.7553852592174275
8,135,1063,103.5624136406397,98.41679830667921,95.99508626528693,3.9057003948786573,1.0248935477299614,291.5159394090132,3.9298682210053837,5300.055289137298,8.994631791137586
8,136,562,149.84761743772242,34.76854163701068,38.65804074733096,174.01853321777105,14.303945572976335,80.94058060231515,2.0,11355.665272798535,14.981362419327409
8,137,2173,96.47384417855498,72.01260220892775,64.10141035434883,49.83576147511342,23.0324735188244,8.522360034517114,2.0,117727.78211305551,30.190030238304207
8,138,1264,21.352927423655064,140.8880767405063,146.27702848101265,89.31228128888439,138.32709778173503,181.57258850208265,2.292504500044172,14790.646248330368,15.435618353326
8,139,193,122.44271398963731,115.20541450777202,91.25486891191711,274.6259104577824,38.227482226789476,39.454552658246,4.5,4231.103876461897,8.69974622099217
8,140,459,153.40023826361656,31.91382374727669,58.886426579520695,98.10778338045625,67.56951238645537,318.7408109618933,2.0,99239.43667255568,31.674323854951336
8,141,2469,51.4074980963953,137.3834965978129,137.1646368975294,340.67311452535387,121.61934581077553,349.91134860501876,2.0,30566.456173670136,19.038893751253223
8,142,1462,73.001864500684,118.56592606019153,141.00070314637483,10.607206248638832,46.372248581112686,126.62936896658117,2.0,6308.663796248129,9.258064168202907
8,143,657,87.40516133942161,33.97078280060883,60.722337595129375,322.8215802449885,144.0631934009405,336.14011581521953,2.0,16769.796821172014,16.52666824280059
8,144,1271,114.90388465774981,136.5102281667978,139.4966782061369,64.18323729009678,132.06750186605515,105.22243386477727,4.5,4878.952564172223,8.495899678841694
8,145,2082,64.13391263208453,56.36546071085494,142.06455686839578,123.85280393205751,145.2474295613899,12.032890367186987,3.2873684144363318,25525.142519558856,17.075029016725427
8,146,11,98.75181827272726,35.70222727272728,100.90605454545454,110.23569845279575,7.040682546424657,79.9462519867595,2.0,103718.63146198678,47.49942042600796
8,147,536,157.8210617238806,137.2358805970149,85.36288134328359,331.692512400557,157.15610791510605,282.82336079252764,2.0,28413.522339978445,23.586677790376857
8,148,472,104.03461144067798,125.20125000000002,38.12936716101695,212.25401378084874,46.22720709294198,134.26854709683087,2.136950000617999,4666.6194264235355,8.378344558198618
8,149,275,41.202611201454545,145.88545236363638,29.598189818181822,283.305456622772,170.74877699988414,193.35977178876612,2.365148594245461,240022.28391237906,37.82600305570822
8,150,339,34.32443185840708,73.57217699115044,52.73084896755162,16.762658121587926,39.50921120636148,268.001055060603,2.0,2152.9925580356107,6.568772314090118
8,151,1087,160.76761885381785,80.74910285188594,135.76020975160992,165.41671525049077,3.9021903599312613,102.87371638070096,2.1829855475989994,31809.720164902734,22.12271252848007
8,152,546,98.66980842490842,140.77673223443222,127.37075457875459,21.014309135849018,75.56522404327507,318.98710587635776,2.0,21432.47652447161,19.644596117431682
8,153,456,66.76881622807016,54.34313925438597,89.9861774122807,124.98558940666473,100.26421794929945,113.98995301939556,3.6224788394594,2766.8004996091386,7.497474131282426
8,154,1497,156.5043720774883,136.37859251837008,137.23875617902473,41.01061315741356,147.21628957849177,251.58253016649354,3.9936534917407474,5217.773026483523,8.722135550376363
8,155,915,115.77702699453552,59.83209224043716,45.275963169398906,68.25883643813037,44.732059348554394,231.21151963403463,2.0,27065.808859784043,20.970514583232823
8,156,188,17.811330265957448,102.59113723404255,31.64994893617021,352.37455430441616,38.90792551497695,332.10378013910514,2.0,23061.109438885745,18.381462933518513
8,157,120,20.9238538225,102.22623416666666,55.87762166666666,355.0783239119316,72.4911273698868,336.24942197379545,2.0,2904.583411397656,7.840675879240433
8,158,835,115.11023988023952,36.410092335329345,116.8860292215569,218.2190182471624,128.09173254281646,0.04797322121816272,2.0,23195.085132362943,18.845571260909228
8,159,779,136.3968810012837,140.56293915275995,89.14841206675224,250.6005138436064,79.28634992575334,67.24925975285402,4.5,73443.15962844215,22.968799827620327
8,160,511,17.240717949315066,135.616356555773,61.883163013698635,205.2681551223822,119.16202660937319,39.99464510811027,2.0,604737.7208437389,42.38821396152315
8,161,1632,137.8139681372549,62.027294546568626,66.59751513480393,13.505717919281008,124.70135950980796,236.29860790349107,4.5,7908.9725285430395,10.088487318815028
8,162,767,91.01980951760106,60.664651760104306,59.51432007822686,125.60805279573353,119.96783555720639,156.39316913641937,4.5,4195.751106284769,8.1824307268714
8,163,609,29.252276502463054,90.48010311986863,84.51232873563218,122.93359088274849,26.312866028338494,203.60450274138384,2.0,3741.2887117478367,7.794234803186313
8,164,1486,49.08100767160161,40.459094212651415,74.4771088156124,221.5808449719566,62.52757576567168,326.8560892294551,2.0,24952.205368860574,18.67492843903404
8,165,631,72.56321331220286,145.18944659270997,114.46624532488113,174.74889876220305,167.28452709507457,262.9210311500381,2.0,21835.59889198386,16.522618593550558
8,166,659,21.44908043566009,130.1214324734446,85.02798345978756,82.98268362055235,92.99230010762679,271.7294928894549,2.5215425488635437,15879.260854264137,20.04560054193514
8,167,196,4.145570686734695,40.15508265306122,96.23913418367346,39.21840153571061,174.86320180646197,314.54227100200274,2.0,50794.055383740524,23.952550579229467
8,168,1568,134.38933163265307,81.16411804846938,85.55682219387757,342.4578647520485,31.493158051795074,50.26450845572072,2.0,5935.021591597609,9.267629262436866
8,169,760,16.43609008486842,82.84139802631579,52.836954868421046,119.48775334787261,2.465527250160773,70.19934442236729,2.0,3121.261006403399,7.426520063176073
8,170,555,96.0879590990991,130.6788,115.05882360360361,306.9786054209561,71.83180069062914,78.0211292762319,2.0,4835.481310887617,8.54618792235563
8,171,252,50.23006504880952,137.80197023809524,45.37997142857143,156.0523669679622,143.41357653439806,257.16373727739983,2.0,309897.26080520125,46.467620332416054
8,172,178,22.617157808988765,120.57055056179776,42.0033,184.75018628389108,176.17721608860893,174.51379792775853,2.0,27714.677455478948,22.820817084630946
8,173,1141,37.76058825591586,76.6196647677476,145.5036546888694,81.69997591788751,161.19760252990164,331.1384821316931,2.8548304732691667,9895.774754070224,11.377661998917459
8,174,1021,10.429564306366307,81.08167864838394,43.77728139079334,278.3343118582835,126.24597691820439,224.78956474555306,2.0,70465.16253265124,25.49862744040306
8,175,399,132.82974436090225,57.140852130325804,134.31629072681704,100.3663646688317,82.64205656903785,168.0449334997913,2.266560842645734,28388.120589332295,25.09792909163283
8,176,1105,168.08644658642535,48.96710986425339,36.28141466063349,37.54386431922634,178.63000596480947,222.953272227515,2.330934096409188,32245.001468654624,18.234785833439076
8,177,1511,106.11067902051623,64.45571058901389,109.49857875579086,153.91781450729655,61.537726368449874,162.82555378475593,4.214178978648343,5565.418485305092,8.893074514378188
8,178,434,104.20616935483869,126.97296313364056,140.44083571428573,61.938329724542,173.9392112056103,79.38005284934287,2.535936362319576,26261.73028159676,21.30138367038062
8,179,1431,155.0514863731656,126.756928721174,53.45970174703005,6.4061112054470115,96.04772571298216,126.35232809090706,2.0,5989.458145885562,9.120210586955642
8,180,932,39.46151843669528,67.7032094420601,72.86566555793992,240.63051813442817,163.444572991636,299.07714452068393,2.0993626196449022,437271.77722068026,41.935027053405186
8,181,832,42.64499302884615,71.94102944711538,31.245496995192305,150.6842189074864,173.75669701498202,126.8850086960143,2.0,18886.77586145532,15.314405404950696
8,182,1168,40.04362666943493,65.70886977739727,33.61481823630137,184.65165422346706,161.92465706802386,227.62515207092108,2.0,223499.10265975836,37.92563885241561
8,183,473,81.86132452431289,91.86020126849895,139.75023044397463,78.52195722009225,68.34867647328404,18.485847873391652,2.0,2669.5408881625385,7.175697090874423
8,184,1735,125.31191463976945,99.45248293948126,55.18518616714698,172.5471978603001,154.9386294310922,332.46482909383593,2.0,7069.476489956465,9.995772516471233
8,185,271,44.05569114391144,76.30271808118081,110.40904575645756,11.933214815438276,112.78114367761766,105.88524866730253,2.6719207572315566,2452.933807110679,7.034386455423573
8,186,1017,165.67097376597837,135.75170894788596,125.26056253687318,275.6467701794372,64.34002314935987,235.429893687523,4.5,44874.82050383872,25.727017448252155
8,187,441,150.62240362811795,36.98310022675737,121.35158480725622,196.87454290335882,93.32839104953993,279.93458066504314,2.0,17701.850892894377,23.076432061001313
8,188,1247,88.92751668003207,138.56132076984764,35.85849069767441,269.01976948255026,65.39881298498857,312.07093623278126,2.0,18340.266493549116,14.547295330676691
8,189,851,137.9643642773208,32.38216274970623,96.32205957696826,322.18806935607716,74.58922441702384,331.21395037343586,2.0,12728.304208449694,13.578328757827096
8,190,322,121.14297826086958,141.58180745341613,64.87408819875776,321.66843255164235,173.569806470208,182.3604442782041,2.3119823934522805,40049.05798937771,27.85369770661266
8,191,543,83.34291344383057,53.05930589318601,81.24389134438306,238.70181742096506,150.69045076866394,191.13636848870308,2.0,2986.535682844897,7.46392807255974
8,192,684,18.727282266081872,30.356714327485378,46.00663596491228,16.342320845400874,70.11887633173576,297.11241538482443,2.0,7085.446306404224,10.58133025606563
8,193,565,159.45943501415928,34.200973451327435,38.89446495575221,58.977492015460534,70.37523519098148,163.4960890612692,2.0,85334.35513298213,28.709616645816542
8,194,1259,13.597192111890388,102.98778752978555,93.35671620333598,260.1153209648611,151.40210998941683,327.8970737664159,2.4514807411335915,23912.905632181493,17.96631730878545
8,195,965,126.60271606217619,50.878285388601036,140.15184497409325,237.89282199618776,24.321994768320614,352.2481405250654,2.0,37461.77322700187,19.88564723314948
8,196,994,86.43432263581488,71.87057233400402,73.42694346076459,23.41245396395045,92.41449364704393,212.70765078389138,2.0,4453.097038112082,8.651410267948817
8,197,525,64.71641447619047,130.82115047619047,100.90781161904762,37.495259519422305,72.97968508555083,205.48643300696534,2.0,22464.404982655364,22.463813696852053
8,198,434,28.75869899052995,60.05347488479262,145.44492811059908,352.4730648705947,107.07253282020557,240.60775249833353,4.5,56664.8942980472,29.215478871501556
8,199,1685,56.764863204747776,115.56259928783385,103.65564433234421,69.8563930779207,15.740464277400264,328.0850796784591,2.0,159189.50307516314,33.39229402131565
8,200,995,80.69553899497488,43.968508844221105,78.92792613065326,93.30796419878797,170.28362660578892,15.660076999184982,2.0,22499.6443281683,18.72411740966925
8,201,720,42.430493194444445,139.78101402777776,61.819771527777775,99.59164615942181,164.0106733013712,281.16326756298065,2.083610661968499,23504.927723470315,19.28264984216979
8,202,145,26.06389723448276,123.22572413793105,39.39488620689655,185.03113657017786,116.7366071234013,68.73434184166115,2.0,3350.6890562544872,8.838392210531909
8,203,404,59.39539950495049,76.53973366336633,90.00540148514851,251.86464303518287,10.090249634334938,34.91071686815652,2.720019454914364,2235.040636335201,6.8860143051595735
8,204,484,84.42341053719008,43.05987582644628,145.5581832644628,176.86685652880718,120.85717966773059,141.55428770423057,2.0,21861.193664168248,18.01303822235118
8,205,144,29.675818055555553,112.65152152777779,112.65436805555557,233.77232533466812,68.8134743327063,201.28563198073692,2.0,1464.822762420137,6.066020125662003
8,206,49,21.397381428571432,114.25526530612244,43.47821224489796,72.26336185898256,5.306981517414153,101.30549301556057,2.0,383.1190156685912,3.861559311847946
8,207,525,141.9455638095238,51.37725352380952,33.66498685714286,358.01384726989903,33.68518888271858,89.57330486062571,2.0,7610.022631617448,11.167986566044723
8,208,1205,77.05845651452282,104.87380697095435,60.09832854771784,279.0908011476028,75.85634907382664,88.94278357192644,2.005145828642401,4972.094655029167,8.589215798626517
8,209,865,153.92987861271678,88.81385664739885,122.64523930635839,270.14628402367475,168.07037964353407,109.74905717915645,2.0,3726.0021760049153,7.869508478368072
8,210,425,128.56354117647058,70.34816094117646,76.53729341176471,359.1680853447664,67.96434269706253,343.3385030931714,2.0,25229.99714025159,26.508870975825555
8,211,708,24.37296973163842,123.13320621468927,149.51703206214688,254.57681780437036,99.65153332013855,0.8418420614162692,2.0,14326.687361763034,14.362663318273528
8,212,236,90.70259872881357,135.33315423728814,103.72461991525425,244.83392050766568,32.746396013508885,262.53312993096944,4.5,16068.101249058014,20.058289706979348
8,213,1113,21.29370819102426,137.06819676549864,40.03853288409704,288.8032223635891,54.784107397593466,270.12940127926254,2.0,8383.306111372873,10.733509737204221
8,214,311,121.41679099678457,31.886224437299035,132.3597697749196,195.12927584936435,175.85257582351522,294.7594952676123,2.0,63901.398667727415,27.477000702588885
8,215,331,164.84161834743202,76.65236888217524,33.344852265861036,287.2743754602342,106.28401097246613,155.3204578555258,2.0,64471.98242685689,26.209697186797012
8,216,698,155.57566332378224,124.5322471346705,67.51226848137536,79.6111199862471,113.7517188916649,54.471548300100935,2.0,28796.521303918707,24.451300122977756
8,217,275,57.198091636363635,153.1984752727273,62.278169818181816,31.024981137684303,44.98245297802533,88.03421910555265,2.0,7146.867224831045,10.127413298300903
8,218,804,81.03454626865671,36.50602611940299,46.593741542288555,125.79507529637638,14.823915959115082,116.5926593711848,2.0,16379.912977326545,15.604938786026578
8,219,494,153.40926923076924,38.87942429149797,50.63798987854251,285.0650074009742,75.3316605322466,39.05692065364567,4.151973049996822,2938.1658338320444,7.327455249188223
8,220,749,83.62919692923897,48.46264806408546,57.95472082777036,288.2373153892371,146.43946177777482,40.15224302092124,2.0,4094.7242132952438,8.131886321638815
8,221,227,143.66643171806166,117.28004361233478,131.70498678414097,6.592750542440937,62.87644105019001,344.6459669544156,2.0,2222.012489907672,6.616714432320893
8,222,519,27.941341194605013,100.5372894026975,119.23913294797688,142.31966258819645,55.62006459997218,222.2623004395424,2.0,3753.674992347289,8.009173827851916
8,223,554,63.658330505415165,45.10479566787004,64.66378971119133,166.3890655336351,104.15342112304103,192.57373003484724,2.0,3062.834981675454,7.328732708611983
8,224,741,20.131327757759784,65.42224682861,131.28553886639676,267.2987167283672,37.589746158493064,180.06864286507653,2.2410174910322653,106825.20292575173,23.76703930561807
8,225,286,157.82194615384614,78.26777097902098,144.7140276223776,227.2589859725433,51.79100236202696,95.36910253970294,4.5,6975.646694159119,10.492110951222452
8,226,154,137.64851948051947,36.9145538961039,119.58167532467533,177.76653102150243,51.7832169452695,31.257183443238375,2.0,13191.429232935574,17.255697486995388
8,227,529,17.724519761814744,139.9104650283554,108.74110793950852,8.020653678120816,135.05666806500633,185.9205160794344,2.3038775070234476,3216.931848952856,7.392734407051205
8,228,491,32.21705551934827,66.77021649694501,92.93831283095722,261.10488720967845,109.63651183421139,104.238326583483,2.0,3100.7588185584314,7.949250721050514
8,229,303,16.05741288151815,143.57577128712873,67.30710594059406,323.2413411332959,136.98205248240052,28.501397486595224,4.5,83930.10864864278,30.196459131489956
8,230,227,100.33398546255505,66.06878105726872,143.95095154185023,311.50347106839575,79.42725055160886,69.74862561772404,2.776219929161555,1363.9172390681078,5.901568453261437
8,231,482,157.22987948962657,45.70207427385892,115.43046825726141,310.8393362221108,75.23882956644572,218.43599319996156,4.5,78805.5089950569,28.48886483247516
8,232,647,105.37298825347757,45.20521251931993,84.32646445131375,229.25072228953033,10.166873222985293,90.55164037808721,3.516340159754104,37414.86906965117,23.47573933563815
8,233,472,122.68786652542373,38.83897733050847,29.988268220338984,111.7142001265463,68.58777922559985,172.16122111518624,2.857288550582598,15530.213676953545,18.66231471486562
8,234,619,72.77129353796447,118.38789176090468,43.7687549273021,283.32886572560244,152.98498447473858,105.1754032005213,2.0,3574.0456458520193,7.848236759202091
8,235,1028,163.0256789970817,45.18529075875487,66.82145058365758,176.80664728844533,38.475467563277476,282.0756515499207,2.5904955529093168,29033.42944320841,20.86514048894794
8,236,267,169.97518644194756,53.89258988764044,83.91578838951311,264.6154253102594,20.429052831111687,248.5252765201055,3.93814577765691,13343.009760974921,15.800645955468143
8,237,1354,163.95092545790254,77.12473766617431,101.61252703101921,221.23202051533485,13.978617673699475,174.85559798122648,2.0,20206.86947921694,17.284473734754958
8,238,1803,24.947137420354963,62.8278387687188,110.78750249584027,32.15736928415257,151.90721712487735,148.90715893136954,2.0,6745.848171458177,9.549223256215244
8,239,221,60.5032108597285,144.6582601809955,63.97607466063349,285.34570669375654,83.70104538915898,312.47173854726026,2.0,20063.559616596587,17.83753695849483
8,240,711,36.498128270042194,57.892947538677916,80.6471841068917,41.45803425491976,96.20852360569752,356.65685606681234,2.0,3201.5773422321745,7.6307247330904735
8,241,1426,166.79467378211783,109.9183698457223,51.58275694249649,108.15359062727507,27.646309049046195,231.8289865433213,2.0,24657.496121867003,16.90321496024416
8,242,243,58.65568641975309,79.06222098765433,122.02829465020577,70.6269285506995,154.49376174761986,353.5435960614278,2.0,14874.91626403437,23.351701678694237
8,243,1964,60.02146216904277,37.63626883910388,115.25691710794297,22.92333411956587,157.89789787241224,321.90428437774403,2.0,6894.107599875305,9.623392888522687
8,244,668,49.000372904191615,122.14356736526945,64.69594056886228,255.18072486662436,124.53541254677664,251.810704916622,2.0,2957.181542122888,7.2905186737518095
8,245,28,18.99129607142857,113.89471428571427,129.84125,279.57757767424675,83.55983598067002,213.7317872985971,2.572378703269323,23769.61096853994,25.161184290921025
8,246,248,137.42198387096775,34.0641125,32.2170435483871,135.11899568810503,45.44200460414678,183.14457234811564,2.181673062552023,3064.5436564396227,8.035509370753083
8,247,1272,134.36634433962263,132.10345518867925,35.417375786163525,146.42454603700708,16.085102784284423,330.7580953228225,4.084342346356222,5552.062903647852,9.055611118673358
8,248,430,39.19941930232558,105.62673139534884,85.18317209302326,191.87275795988862,74.52586542495973,350.63706333944236,2.2061283237277354,2916.2076225991873,7.17485856280123
8,249,463,63.7595475161987,81.07016285097194,26.114190064794816,118.98380646316024,157.8222420460273,314.1370361203224,2.6258339523068837,2984.130416017027,7.57160787549373
8,250,677,116.51084800590843,98.20998581979322,34.118291728212704,220.61696537036946,109.11001843929265,63.41598949322621,2.0,10017.182394022351,12.512791351122246
8,251,598,125.96799916387958,44.34249866220736,141.96197324414715,57.5065240745635,172.3862308582288,69.63153976287653,2.4616510031637073,17636.0646140142,18.968491905973938
8,252,454,157.71304405286347,97.33068171806167,147.62541850220265,281.334584873361,103.16021561495963,9.850335920073299,2.3103474986447594,2372.165389148212,6.670045847790756
8,253,1075,78.99379739534884,104.6467134883721,34.87783516279069,263.53867150513304,59.8199932455605,184.25800875891642,2.0175297562875394,8356.15545208243,10.278009170264658
8,254,752,86.5767182180851,62.96950518617022,44.09963630319149,199.14655678692844,65.10683214701808,147.36215049779224,2.026295146702595,253215.52941227765,35.87277797130539
8,255,582,15.80666802379725,144.6991510309278,32.3409412371134,289.77517147116436,8.77044594875776,298.9908419057985,2.0,15948.914900846461,16.614234309459935
8,256,316,73.03171740506329,120.67571139240506,87.79784050632911,78.33913884143094,176.03945096207036,80.56613842971508,2.3158146721892714,3741.371898305225,8.590237403701744
8,257,815,21.475370674846626,114.24164429447853,77.99428049079755,16.243494988988655,122.09554687745961,108.39198736277164,2.169052225576665,3839.4497517003365,7.847141944125536
8,258,436,100.07980802752294,45.83629495412845,42.85933096330275,15.049696899225115,28.02650498266779,339.8157042156986,2.0,2470.7097981070483,6.76695208627433
8,259,918,124.97597821350763,152.00692549019607,47.989568300653595,120.26306765070102,97.55989503630043,14.533010034965104,2.216352994112513,6708.103393387771,9.440116925145617
8,260,1884,95.48036401273885,88.64810912951168,75.53132462845011,34.770028425199804,176.4312525607138,54.90171932689149,2.2450731344345733,8078.475152382808,10.128041309288976
8,261,1680,121.15857922619048,44.482566904761896,78.64537148809524,37.74712117243237,87.31928330039109,357.6456931600578,2.0,6269.330413156588,9.229179467271747
8,262,801,56.09161822721598,140.16053308364545,57.963297503121105,333.0756523143618,142.62133366052245,200.99551760981853,4.335519281704768,4361.335735087931,8.37873245777839
8,263,1035,89.3062557584541,116.29018077294687,109.8214566183575,163.53887264197823,1.4495367919832636,245.65624703387834,2.0,241207.63234574936,40.557299845629124
8,264,479,124.99614822546972,72.72247557411272,50.64025219206681,283.0118538147278,45.23632567415943,168.39037482019157,2.0724557298165402,45676.323431527206,22.791018907209263
8,265,179,134.71686592178773,39.20959441340782,25.66761005586592,110.01307112389426,52.80102570183595,359.41839934603405,3.1467046077099083,9545.054721535154,12.57545532143223
8,266,297,40.06620101010101,84.35530336700336,105.47324377104377,129.1339220296237,131.49193917393913,305.00109073465273,2.4011676549432295,2085.3837004038796,7.034761949872284
8,267,1076,150.56425278810408,97.009268866171,47.46388289962826,298.15840754547924,5.577346600975126,193.20792062744104,2.765902053954005,22186.544512499033,19.47461488420346
8,268,482,145.64268464730293,142.15003112033196,124.13766037344398,14.79677545389019,138.3145149224254,319.20084771412235,2.0,20635.765849161013,19.359340938607133
8,269,28,137.2804133214286,28.580532142857145,77.65868571428574,157.09282646874954,123.23362091413102,306.1413228713729,2.0,16020.44948873368,28.16900300399921
8,270,127,106.40251259842519,44.29688110236219,29.709585826771654,76.11981912876249,34.28829348242265,200.7497542616934,2.0,699.8343373310448,4.605803942487712
8,271,481,49.76193504719335,151.86977234927235,137.34099355509358,115.37127414713457,48.39087631739026,12.885800870614744,2.2209285439560027,352170.16847060964,45.06106913670274
8,272,816,75.10130232843137,61.815563112745096,34.81350796568628,283.31453776864936,79.08712875151838,298.2113550963985,2.0,14681.530572911443,14.119179497505646
8,273,1130,52.47320168141593,133.8917203539823,113.36035663716815,289.37047737962615,158.1465371207203,63.186341874439314,2.0,5114.376981294667,8.647976724434502
8,274,642,37.47206453271028,98.71911604361371,42.481151557632394,146.52132546873167,24.099840684329635,102.98182652630787,2.0,3457.3577011869347,7.698996876058786
8,275,112,128.6235,46.758458035714284,112.45217410714285,24.48439101831973,5.949820006039134,170.84390720887527,2.0,1614.2698244694768,5.918660490244399
8,276,679,143.0850618556701,117.91629381443298,43.86285051546392,254.6996709309464,110.20670248024727,238.56911273572945,2.0,24831.75848699039,19.060030671360803
8,277,771,15.123226770233464,78.05210985732813,39.44426679636835,351.39385627700045,46.42030282607994,104.39226054978839,2.0,10820.779743787018,12.741442647589999
8,278,98,125.95698979591836,130.43666326530615,156.12375510204083,180.264296344733,74.66530818262824,267.51903445942816,3.286679655580088,1602.1264735681111,6.487693883005922
8,279,693,61.076963492063484,123.90881053391053,139.40883838383837,349.3869406670921,104.19138410885361,333.6002685747569,2.0,34576.60995756772,25.62183743054555
8,280,442,106.33379298642534,65.83439117647059,140.34841176470587,10.888794880084781,61.725076437873106,207.6604467972432,2.0,4821.393927092528,8.579939286200396
8,281,490,130.42347551020407,106.22498551020408,32.69204224489796,6.199128815304467,88.63712107497385,234.06636645924982,2.0,10525.540197255681,12.05179223530502
8,282,836,87.26580263157896,87.32730263157895,32.55128014354067,108.25426215974248,3.883362435243576,236.5869086520472,2.0,455673.67397068173,41.736377811745264
8,283,177,49.15533502824859,56.28919435028248,72.21974011299436,357.9868217565133,130.63753492284178,81.77943139526853,3.04558865810247,2021.2397847809925,6.695369077025554
8,284,194,93.81169226804124,31.726971649484536,33.235686082474224,96.29521686053424,169.5471076483812,351.8984802779327,2.7323325045296833,1905.190338185731,6.267794744628411
8,285,1116,16.592706809498207,116.70755089605734,116.02321496415772,207.65632018463282,152.91750206993785,147.83456465015962,2.0,13192.37424534542,13.920543312915521
8,286,925,146.8658106162162,134.76901989189187,90.88424886486487,31.29945825123449,126.6939677659899,35.507419651853866,2.011193460153396,111435.55123056364,28.667776679117296
8,287,491,138.3528818737271,133.46719959266804,148.9069468431772,39.162815684538195,9.900641185730878,245.31828417111163,2.5203392497154002,16777.027682981337,14.0310665145058
8,288,340,143.6794176470588,36.5590194117647,112.22428147058824,121.68007575505938,175.8642298132733,138.80899193679804,2.247358628612894,2444.32565337717,6.753591759314509
8,289,193,90.4368896373057,45.572291191709844,52.1129756476684,127.9689715663615,90.66454637605156,55.258040540036745,2.0,38000.42898879223,25.182051054287356
8,290,1277,85.9561967110415,126.56096162881754,79.09194142521534,51.17897036349366,166.13295820887456,111.06302073684546,4.29530817122642,5456.371548104619,9.07029016878255
8,291,318,164.98851572327044,153.34216981132076,118.01208805031447,275.03937183612845,125.20815182538175,110.41247416775708,2.0,1747.2940297948592,6.269615071710718
8,292,1419,100.24419541930936,146.36127667371386,89.42092670894996,335.2955973835186,15.133118037569878,339.9206082807922,2.0328624673591515,8361.221745692004,10.169010130094014
8,293,27,154.7960040740741,58.83341111111112,59.001203703703695,100.09320174801435,148.16810313619945,279.3948524954575,2.1008368846085093,121884.93009190934,41.544512275161686
8,294,326,27.819063496932515,137.25675245398773,57.58302699386503,187.98944083761444,85.89628839969674,223.08449148678048,2.0,19275.119370142256,21.015589250766343
8,295,24,92.50576468333333,100.1269875,62.83994166666667,58.440136596838556,136.8555324964723,349.5987515897476,2.0,1036728.4273889523,50.80089025219656
8,296,743,53.33426581426649,100.10604912516823,48.30453580080753,64.76152809640952,49.8750497847764,185.81799815917785,2.0,4248.769472153835,8.135229967617851
8,297,1054,58.39481707779886,93.96976129032258,127.11434819734345,195.47498778008375,51.79681825033481,34.01706873650364,2.0,4361.390869289185,8.169895538874064
8,298,219,53.59994703196347,65.93623013698631,96.00425296803654,22.616519314232338,14.336971315172706,76.21727539784376,2.0,1184.1541630519607,5.5147070843563135
8,299,1149,104.87935032511837,99.14889712793735,139.28589643167973,199.10054525318543,161.97405032469166,220.6553925659769,2.0,165483.19952351128,39.04250131182453
8,300,2066,42.38692343420668,51.32398339787028,131.21843562439497,245.55053180675625,43.21122735549828,87.70519531187223,4.5,1124490.8439393248,52.73940870089573
9,1,426,122.22846244131455,100.41129976525822,137.52842723004696,303.9297537003569,87.45616325157492,2.579041875850616,3.548687946745061,2220.4073278631154,6.5265356733517095
9,2,444,34.975163513513515,148.56466216216216,136.53279954954957,274.4810388828619,84.64499349040483,10.992069140951312,2.199375458549955,2819.715666971546,7.1745203532024036
9,3,141,73.86588439716313,164.63839361702128,36.35443262411348,209.83433847632566,48.14345275545493,338.10271349842003,2.1709588458739955,25781.13776049789,18.745072454709035
9,4,404,78.08184084158415,47.17257846534654,58.70276658415842,196.07247460663442,76.96496046279388,231.70009684367952,2.0,26234.78862376006,21.59807951973934
9,5,230,191.67935278260873,154.86060217391304,88.28040999999999,66.43104168250952,33.06696459432975,108.93759955772983,2.0,75599.15408861366,29.853134809698087
9,6,685,153.44622792846715,85.32053664233575,111.82265591240876,6.166686935771013,177.74142966692358,330.56684403047,2.0,165470.6914438551,36.94078795386536
9,7,160,91.47386750000001,88.06712999999999,155.002079375,196.84992475492126,169.43433473706324,288.75134340761554,2.0,135844.3011252185,41.81551975977984
9,8,231,56.59120779220778,158.65902164502162,35.23202164502164,205.21172644378402,139.22133025112944,270.42730800224194,2.0,20629.245864304172,19.530508812322648
9,9,116,119.88199999999998,116.02902413793105,156.24647413793102,62.83952653776307,158.79820446607735,143.36891750957653,2.2238365577589962,2682.0446710662136,7.059026690523303
9,10,729,64.42893991769547,170.3641423868313,138.46495884773663,26.28961519472113,64.42281844367616,184.27549540141268,2.0,5978.403388728251,9.099341308673377
9,11,2244,186.64409746434936,158.62146051693406,158.18223257575758,212.96930965953888,25.046615861729467,348.96128743334725,2.0,131005.33259402314,25.95248888626577
9,12,906,153.6534238410596,105.86444834437086,137.60309050772625,296.061498149848,28.288999296822958,342.53266637229507,2.352427735508427,5167.361296519006,8.684941042830927
9,13,493,41.8878738336714,141.29532454361055,148.2478235294118,192.27399830001164,69.63855058145674,314.2605454044985,2.5497321681972807,2364.351407196968,6.730550120241315
9,14,651,81.92766758832565,79.62479662058371,149.3450353302611,331.46089611018317,98.85547437010487,189.55972807166748,2.9994828517133043,3192.6918581898635,7.385108725793136
9,15,1148,27.38739786062718,119.57635984320557,151.7484962543554,171.14682856634556,7.702953232830607,216.3080143854079,2.0,54545.717765683934,24.581147328099124
9,16,891,113.15452457912458,148.07510561167229,106.44135611672279,157.0824715640686,107.14371627209154,33.84940538856992,2.0,1528138.7805189213,58.240661390684586
9,17,1357,144.99148489314666,157.4792051584377,124.8208943257185,41.54375096668533,156.69345094055691,133.72429029203892,2.0,35489.803359195714,21.878025375519513
9,18,226,17.611014128318583,121.02580840707962,98.42516150442478,275.645547008331,160.93012726417913,179.7018993009658,2.5067589444915286,32137.8178630886,29.79331778550359
9,19,270,25.456079925925923,96.85754333333334,109.30158962962962,158.13816410146103,66.27148039905153,286.27091196523753,4.5,1462.3706633705356,5.938145282556728
9,20,729,10.588290342935528,66.90403950617284,44.53433031550068,270.91538525295465,25.818042859059837,13.344266276503976,2.5378028351254724,14451.688361144981,18.694098235547767
9,21,288,82.267409375,117.90675347222223,150.98547916666666,66.00673657247913,83.70645737146468,136.70015500561894,2.0,2311.372110605206,6.633086299713971
9,22,1575,128.94667453968253,84.97724298412697,161.21180114285713,193.72780409579028,158.29885321441353,113.27399967476484,2.0,10794.999101947778,11.396530640485706
9,23,1090,187.54815368807343,63.11034605504585,149.27785321100916,137.30428607131043,177.95787086163156,237.9574497690151,2.0,19652.19022752555,17.064720757937952
9,24,95,35.397745263157894,151.60432631578948,150.00610526315793,258.99770360681765,158.70000280547106,17.06493389566672,2.0,2645.748443642064,6.929970905959435
9,25,396,86.42851616161616,152.39202525252526,155.71620404040405,132.29861772540508,109.44807998543651,287.5281186956045,2.07293783518458,23498.863057923,22.634249269278907
9,26,623,62.64606356340289,86.8207695024077,133.627341894061,222.84589452553055,108.87149667198322,261.3465435118811,2.0,60304.244269904324,32.25286042089774
9,27,921,26.09840619989142,159.97409880564604,106.0132792616721,285.5380645481822,83.9996659591795,36.13881403273847,3.1049729511984636,5222.3046682626655,9.013726244776752
9,28,521,18.639511742802302,157.12837236084457,155.9582744721689,340.56915699135266,167.0276185875606,301.2347163632219,2.0,4777.826047774114,8.672027765777184
9,29,764,36.45156256544502,165.99315602094242,93.03488520942409,334.67484990045887,97.02859702896444,351.9756670938196,2.0,12021.177486399107,12.678932611881379
9,30,2085,35.91830486330935,62.09772354916067,45.92230964028777,348.8035234390055,6.90121129781577,257.962712311742,2.0,8833.101967969933,10.337518410249833
9,31,551,118.52965480943736,162.01038475499095,132.54499092558984,171.27347305540772,131.9394479940381,49.36048294079762,2.0,3447.750942413056,7.7167773854049955
9,32,312,107.7104407051282,133.16714743589745,108.32006378205129,297.84952894770896,104.90296215078301,8.951044537401533,3.579181518663925,2559.210634622986,7.001353315638901
9,33,1255,92.68874239043824,57.68721394422311,131.8989043824701,213.29258921572634,80.03487191130034,144.33790331443814,2.0,5100.590997670887,8.741844555201867
9,34,796,56.72518379396985,70.64262939698493,162.1536042713568,26.860850857551522,10.805366504698533,68.26755692124638,2.0,3442.6924170125812,7.657368316978172
9,35,759,74.99702187088275,124.35556521739132,51.565104216073784,126.02805139357493,28.07730594795302,332.18916041207143,2.3312892953307442,3460.894818984936,7.591127937701267
9,36,1505,23.27006369435216,42.27323435215947,44.9586449833887,164.004579437554,1.7982055681431564,176.17133699638669,2.0423200282504452,170322.24664188383,30.4660654073753
9,37,2557,72.87165416503716,56.90130578803285,44.16592968322253,65.94156094541493,144.9591812834367,88.99984725692578,3.4056639219915774,8986.997441237872,10.4122933231871
9,38,842,187.74950593824224,109.59066995249407,65.93572505938242,310.1402648316607,126.21504177097847,39.565896888921614,2.529685872147863,4070.199004677103,8.007795961262104
9,39,1072,15.455156747621269,151.6661672574627,141.0080391791045,7.1110070828435745,24.041261050453578,329.6307061660254,2.0,15977.430841764735,14.030706350516539
9,40,1103,116.40886201269265,86.24183082502266,46.46808359020852,160.73051611247698,2.9151764045852513,199.27228300887472,2.3691124125172798,56364.81790966388,31.46096441652985
9,41,578,117.08040397923874,120.99176262975777,146.94323529411764,255.9324978886199,116.8201061481428,190.1714836288332,2.0,3938.2341089604765,7.968108943124864
9,42,1872,137.6599001068376,68.58850721153846,51.62697537393162,355.49770599674065,161.53331715171,202.57897367991256,2.637119841582859,38721.676471830324,23.496585609519865
9,43,256,55.43858046875,144.80292578125,98.181660546875,190.70915118364368,95.9962887468119,155.71344360246022,2.0536058458811746,15846.176782539058,24.54201996511249
9,44,1132,146.51882950530035,136.38981802120145,63.190923586572445,193.91999798481913,116.83422151260181,16.706717693269347,2.0,4473.898947345614,8.25347871117782
9,45,604,171.14914072847682,124.32346523178806,52.581976490066225,150.04424912151552,165.88415616296132,14.816813347339659,2.141511320563613,3903.459265588725,7.913727830155761
9,46,1113,150.79401257861636,109.93380952380953,47.892625965858045,267.2732346899484,153.40202579242222,296.05094641491166,2.0,4739.733467423408,8.512372985326763
9,47,770,174.47056109090911,92.6336944155844,59.88756636363636,270.97108404174406,160.94501063520676,291.4956430663333,2.0,7841.422428875007,10.241479062559984
9,48,932,191.00279436695277,60.50996309012876,138.97605901287554,8.643012903988744,176.23784464295454,176.37071291001686,2.0,39016.82506323492,26.478621947991282
9,49,76,66.55499078947366,52.5317802631579,168.61712763157897,36.28467937305946,147.35880828125195,346.8858795233558,2.0,70218.214897994,32.60518983048417
9,50,1570,120.08135356687897,87.32904694267516,49.06793815286624,261.69002709308876,163.89867262362344,221.43768373037383,2.0,6519.459679594024,9.35943935821795
9,51,414,158.94583574879226,100.91504758454107,87.63425966183576,200.19165935576652,84.77315848353518,181.38961264106152,2.0,2390.978199066254,6.880948807852114
9,52,1545,110.65684246148867,85.5680081553398,104.35256181229772,232.1898982610171,120.53006415292212,225.18466853984157,2.0,468867.72445387335,47.71927611533266
9,53,156,171.0574526923077,172.1954269230769,109.63784807692308,122.99426895086798,36.44729615511456,65.87947745852026,2.0,73675.64848725554,31.588171997413173
9,54,678,18.12867389896755,97.32831253687316,162.353191740413,146.89997523551904,8.634460247406935,162.24075384930413,3.066563332396166,22450.915283775157,18.914152943968876
9,55,579,125.75470466321244,99.75025595854922,60.42513626943006,345.422986042758,166.455625147954,71.20200835175663,2.156922207250978,4399.769321116678,8.266718338775767
9,56,844,78.00562855450237,34.139940995260666,52.8116567535545,191.85363472736017,148.17787555373394,59.844619424189105,2.0,14156.272065164567,13.738247748038019
9,57,431,174.92179814385153,162.33023665893273,116.28436635730858,240.891918500456,74.44611455754878,161.66112528052804,2.0,4419.759469087251,8.319668871353139
9,58,2150,63.88977944186047,39.8517511627907,115.74443795348837,17.514787250167206,96.51447407779777,325.798000064735,2.0,13302.122326052078,12.236345801547444
9,59,657,169.70073515981736,69.9093403348554,121.32188797564687,316.76230928764227,132.95742680114532,332.1043096691282,2.0,3307.923720300145,7.572923695252719
9,60,724,138.812794198895,89.32368232044199,126.66429419889502,206.9563315432757,59.43836983053646,277.6297362238582,4.5,3133.828139584637,7.408866484021772
9,61,352,165.1516534090909,137.23115056818185,168.57020568181818,203.39593580864477,121.74539975617861,66.0482111121791,2.0,12226.693294873314,14.08358464860828
9,62,465,131.27840215053763,146.69160645161293,136.63368602150538,92.5546034293135,78.07534660100328,94.47568232649628,2.0,3503.338987946794,7.953517383540491
9,63,786,52.13918129770992,141.0109720101781,160.8533885496183,267.5004665926287,67.19133158287372,90.51932622351993,2.0591955863035696,6442.068856424607,9.790312953565172
9,64,1426,152.80368653576437,77.47093429172509,50.6635713884993,133.53952796102485,135.36958369177793,266.445796901769,2.0,5981.81647613433,9.083614679233623
9,65,1448,187.52139186464086,55.474056698895026,87.51554889502762,339.8157191053813,60.98731056828229,162.48904453643496,2.0,19008.529403849076,15.867127217468733
9,66,928,110.72687790948275,154.34201831896553,147.67461206896553,163.30487933550262,41.71168394482559,133.44013424180253,4.5,4082.336534223169,8.089975607188117
9,67,924,15.068706921969698,109.12577294372294,106.39236017316016,352.3680364865128,176.7597880063897,268.38590734758014,2.0,7710.091527882545,10.525633137112044
9,68,503,178.8280164357853,53.150178926441356,113.18724652087475,192.98044956785893,114.02554395432202,289.4338156536008,2.0,15967.584805276161,21.405760938130623
9,69,2018,62.45484202180376,44.27774350842418,143.4656481665015,330.1744206156974,19.530278826574275,233.1239001548659,2.0,7542.912059825519,10.007778082828267
9,70,591,128.94215228426395,153.85282741116754,88.27120981387479,201.33519803112912,80.93598171507728,33.189489485200816,2.0,3530.554155577424,7.73107596543698
9,71,733,29.533745429740794,92.77028117326057,95.68787912687583,26.96624574753672,158.86410039300063,78.09419565984086,4.5,3875.4040784260883,7.9714067780067905
9,72,733,186.8083654597544,104.95157025920874,97.14468854024555,39.516296489158066,106.55998906805948,223.859478706276,2.0,25186.19029905841,19.790832367379256
9,73,1449,113.02450855762594,36.530971842650104,62.52428288474811,335.32266600355877,112.46634481255053,85.97358019866947,3.733346569679814,5768.869279404279,9.317202851771954
9,74,820,32.57342671951219,105.53602597560973,148.4868975609756,223.33929083355966,108.33243806168274,193.8255762319729,2.0,4057.7985213259335,8.199411876666057
9,75,853,10.635060713880423,55.87442203985932,161.29605803048062,119.62047168574223,3.5817348777998315,325.3306169220976,2.023503708546851,11387.032430995436,12.825938778402246
9,76,701,156.1368844507846,73.17681398002853,136.7072310984308,43.451097792344385,114.98103839759548,163.39260987487444,2.0,2747.695414883447,7.056803232103127
9,77,429,49.644456192261075,34.73044848484849,124.88570629370628,213.99135979062152,95.62940067022625,133.48512932142455,2.0,143416.1497062379,40.60940808253462
9,78,883,123.05869988674971,107.70627870894678,124.14625028312571,115.06992110784192,168.3770536997824,106.44740746287347,2.1533466326114814,4393.804387252853,8.80925849615196
9,79,863,58.03161529548088,131.6364565469293,65.11087972190035,136.0451735858569,89.28230953429225,109.71122664697083,3.7558862227098406,3849.221794808551,7.8377335656292395
9,80,141,39.810792907801414,108.77517659574468,99.59862269503546,54.021189588989735,91.98386829889363,329.32464753941616,2.0,1269.7016775256754,5.756492912008858
9,81,291,93.01311271477663,82.98363642611683,118.6890859106529,289.86167893833124,67.55160346204359,259.888848359754,2.183688985914572,3351.661090564275,7.568040589319764
9,82,559,180.36028878354207,36.23369731663685,135.5075885509839,242.963435738003,13.831643222109157,42.7123153153057,2.552285095766317,280125.28781113337,36.98512947477847
9,83,2316,41.212091623488774,67.20553566493955,114.71119650259067,343.5199897596299,172.77259903413878,308.6846919135116,2.0,8712.886083289099,10.320200800066056
9,84,558,155.44686200716848,154.53700358422938,162.33791971326164,265.92474548450974,99.50797233887673,150.6656967052492,2.0,14929.846513776285,15.439805913255102
9,85,2214,180.7752691960253,43.65429042457091,62.79039611562783,284.0540996884397,65.991227992277,68.39344357844199,4.03205546169711,9797.86725953285,10.725460173540085
9,86,430,157.53073255813953,157.36912558139537,122.17981627906975,264.43897617589056,107.04456177009666,98.77234366617455,2.0,4591.987811866558,8.486706298218088
9,87,71,130.62501408450706,167.45542253521128,93.82085492957746,296.8596587934739,11.435568328924335,290.6122934840138,2.0,2254.140864130255,6.593297221456294
9,88,295,103.2420586440678,159.25263389830508,123.54461016949153,233.0906077105334,163.18056421766875,191.41053191290865,2.0,4303.337262419107,8.288976884738648
9,89,125,43.391098400000004,56.8672368,165.23757519999992,40.157747395385506,121.14263471975198,178.8923644811517,2.0,7295.901939435503,13.072146305597093
9,90,788,26.002213395812184,72.71367880710659,87.21784911167512,355.75637435909744,10.976682850474988,18.914687331355758,2.0,22623.765946264248,19.816892928639195
9,91,341,24.05696041055719,154.2552346041056,81.99804692082111,299.1243926024575,61.92577038991491,158.05690273251713,2.154220059489363,2112.030590954408,6.471319173995972
9,92,2472,49.279107888349515,50.694912864077665,77.16446610032362,176.67227036010297,47.487234066531045,182.67812184913055,2.236021040058804,9023.110501518075,10.42132332629843
9,93,1576,48.21845697969544,158.5542176395939,63.193245748730966,7.92444223724166,14.995012285972035,204.9629037826728,2.0,5996.6825309934675,9.193383778405016
9,94,1446,20.589932003222682,152.13870954356847,42.30445297372061,33.653390393773876,123.57172874411796,141.53099245353837,2.0,14256.201331861173,14.432560275250557
9,95,1041,50.93993928914506,95.0267209414025,160.6906441882805,188.66319505873676,170.53285961798107,187.66975196020175,2.3105454105585927,26408.526840244853,19.780005062452346
9,96,219,144.65835616438358,62.09791232876713,124.03774429223743,88.95125165151246,9.349525151333095,132.8669924227726,2.0,3462.674179767741,8.389334519090918
9,97,449,6.557983416703786,125.9663140311804,157.501514922049,92.62111656214864,153.89610364364958,19.579653256463452,2.0,18767.726068508728,20.401051621556608
9,98,255,32.81430901960784,153.20273333333333,158.77077647058826,162.29216082360898,55.621091134354856,358.5272904882071,2.1238683780078955,2196.2472180616187,6.60935056505654
9,99,317,85.38042492113566,139.09173817034699,158.67879179810726,139.52480263722467,177.80744475959523,141.8418208382633,2.4043751164380667,4652.158726271801,8.399157379083809
9,100,759,137.47665612648223,148.67589591567852,49.79705638998682,31.767797682960683,120.33040171591637,346.7011475045738,2.0,35028.469936645495,24.772322092119225
9,101,256,31.198436649374997,55.19970703125,51.66364453124999,292.1525045169258,82.7904956094611,271.86684208085836,2.0,2010248.5749306777,63.265826341050456
9,102,357,52.359424929971986,124.25731092436975,48.35723669467787,227.6941602442131,122.64306109974079,352.1136383519225,2.0,5091.310608707514,8.880573787726032
9,103,559,189.03352409660107,120.68427745974955,87.03748103756709,260.1074929777154,45.019724749655616,156.45567174579867,2.0,23593.882650641423,14.347424201324865
9,104,737,150.86045997286294,149.23432835820896,122.8551696065129,6.162360749165621,160.27522945228262,234.3823951473585,4.5,4462.2976242918685,8.272451282707841
9,105,594,10.262342032323232,59.44362154882155,87.70470033670033,101.3681680381879,152.9879781427449,1.1599815602873287,2.6390866883918327,8998.28742120348,11.334657417468586
9,106,1045,166.6091559808612,156.94187655502392,158.97567626794256,164.211501886421,100.18412087133176,317.00143305967214,2.513812131404446,47847.104467094854,22.797698823539367
9,107,1028,171.31618073822958,103.60872859922179,124.0743258754864,8.466370511249028,177.56136074892652,86.63872766535685,2.5862598000760104,31061.003295452756,24.16129724523631
9,108,1064,96.56764511278196,159.7768834586466,37.387721428571425,189.47868740414089,59.096737141244624,313.67158967261724,3.0968731652187413,58684.01984830427,23.851760770140483
9,109,1198,28.40357794657763,50.70157078464107,161.42748230383972,198.07390765075826,96.27028444411425,328.95430873065726,2.0,100180.66149081117,23.375972860626216
9,110,292,89.83791130136986,133.78225684931508,122.2725845890411,118.60990893718534,32.492714384279026,284.5240186442804,2.0,2884.553581459545,7.359466718138397
9,111,287,97.80303344947735,96.87035261324041,162.84740069686413,173.32345439350414,179.30201825009476,290.9723471771213,2.0,2765.416450275352,7.030035614990805
9,112,1096,158.9080510948905,148.39410063868613,39.11877162408759,358.0463209731379,152.3290887684125,339.5718015525967,2.0,22297.06330807741,21.765861675635822
9,113,816,96.53566299019607,50.41688700980392,141.28092892156863,204.5182985869789,166.2456054446427,273.445974798297,2.6864065521977962,22580.155385730905,22.58027230518825
9,114,1128,178.82307100345744,118.68786702127659,81.54160531914894,80.22225343465891,4.217539143114681,145.74054777138338,2.0,213093.27999412667,41.387958048192615
9,115,1150,71.75853095652174,83.58483373913043,50.184858956521744,325.0872341354253,102.1744476162379,132.9350630670024,2.0,29345.03205810738,23.072220339335303
9,116,475,189.71250949473685,36.714517473684204,154.51505894736843,176.9910850631785,175.02582928764954,219.20072333107825,2.1013936799036843,4969.041150381875,8.782532783547369
9,117,1025,59.55876009756097,118.7643611707317,165.91690136585368,111.50286998083276,21.480926867110934,99.45324068828808,2.0,17490.941689686588,15.452402213003557
9,118,432,92.19333356481482,85.12345601851851,90.45371782407408,273.0857302886698,91.9620203372795,183.76130563906892,2.3276115217814306,2078.4320363954907,6.4947955297878766
9,119,672,95.97140342261905,96.21054166666666,75.54697053571428,266.0401858735795,147.19406170680165,271.1319531422011,2.0,5163.824131095989,8.89017063799071
9,120,990,75.86598161616162,71.60690898989898,123.12903838383838,5.258595962208057,139.8069969736547,207.54354502658887,2.559414683508034,4195.201146330721,8.080253106589696
9,121,636,46.156790676100634,50.84986210691824,119.75396053459119,141.60019185034363,17.73099192463014,23.558284452335624,2.0,160603.3637873551,36.027676325236506
9,122,334,83.39366586826348,161.0512335329341,33.012849101796405,279.18502575753416,16.647345792654555,90.28293759032887,2.068730661234762,11052.27290044874,13.474562659774122
9,123,176,51.16006022727274,68.35814943181818,173.44297556818182,247.95753367131906,105.08353560489167,324.54245839097365,2.0,6101.365939781826,9.379978444196793
9,124,144,100.42161180555556,102.19859583333333,85.69459444444445,29.611710038527676,94.79345963424328,327.0662980353661,2.0,19017.846298263958,29.886233352100263
9,125,812,134.18444088669952,111.24880344827588,88.49054827586205,228.66923383536366,28.106142279661746,17.942819744297918,2.0,3689.524915645933,7.815674726646257
9,126,835,129.13594371257486,61.1435268263473,136.8894598802395,64.32235978423282,53.413536339507786,269.9012771421277,2.0,4238.048787554885,8.159545501211433
9,127,1194,52.64329773869347,98.70168860971525,55.788184422110554,155.94646434169044,146.64544496097736,61.29217766787475,2.0,5705.879034601587,9.181239720416468
9,128,1054,71.60113472485767,119.23578937381404,135.37081783681214,111.50650953151919,161.89129600515764,178.8978962521798,3.4549754626635742,4264.557026691027,8.291199879639567
9,129,1551,167.50224306898775,123.52018529980657,117.68549168278531,132.47224558875735,37.48493784008999,219.8171597620332,2.0,5733.281412768309,8.970590406114606
9,130,293,148.90795563139932,139.5609010238908,95.42971569965871,157.02674761027666,9.499250136724253,44.956455719217196,2.0,1813.5222452631751,6.1378770508724685
9,131,960,113.21470435333332,106.16898177083333,135.51335729166667,8.056740654881644,48.68006438300781,318.00395439510055,2.0,333028.74594545015,47.477376231086424
9,132,355,30.168277887323942,47.80810112676056,155.7759247887324,321.1732795237024,140.4186292985039,18.951198709525766,4.5,155094.95569482236,34.922466305877265
9,133,859,64.90796856810245,106.44559708963912,75.17926006984867,34.67865869245003,19.604083116799956,225.4706792418357,2.0,3475.585784829313,7.820286275746902
9,134,430,93.89534886046512,38.702369999999995,118.62804767441861,196.96751050956263,42.0365850081113,192.6678410262281,2.0,26484.878294494927,16.702503877482865
9,135,413,146.7809564164649,160.42536610169492,88.5641799031477,278.6605903997252,137.08755315098838,217.29616516710783,2.0,4683.479458896581,8.610193845770224
9,136,441,148.75973922902497,81.99619886621315,150.44308390022678,149.0598116867422,109.91192529522091,116.1008628020403,2.0,3756.9698068181165,8.004563556832137
9,137,868,90.56351705069125,150.2306751152074,124.84176497695853,4.938977702578793,29.700903731466507,222.20170802614555,2.0,3647.811274886036,8.011898159243165
9,138,1437,73.84379700765484,132.5874342379958,108.2559839248434,74.9224082403199,0.19011993762721557,59.64093977684581,2.453471819585931,4874.771439110404,8.491300991185502
9,139,596,94.42715234899329,169.23165637583892,115.77848406040269,25.50922143283212,142.2790722983837,114.37235000393039,2.0,10321.137434350745,11.722632787609877
9,140,691,158.44161939218523,84.58587395079596,85.24659160636759,277.4879146380396,11.683541105678783,15.761588109748516,3.38671535338531,3661.0195787811704,7.762606586541615
9,141,475,19.712346644210527,41.1671825263158,80.96001221052632,91.84295780359288,127.06982803526867,253.0933622450578,2.0,3911.8696071125155,8.423116131895839
9,142,1163,22.030936242510744,72.89657162510747,154.01036629406704,174.65519796696753,49.04571878975434,163.74933042501863,2.5832555349951387,35123.274545000546,20.18903038353059
9,143,762,46.67257635695538,157.67475853018374,161.68882349081366,7.639834944251702,9.633737970773847,48.160010135205475,2.0,183985.92519396238,31.290782876772834
9,144,734,185.82050604904632,139.2607929155313,117.89101553133514,111.56783995405492,154.61624079678498,322.12553018243034,4.20551412226574,23850.806806467655,19.596509551061658
9,145,108,130.9334402685185,130.8337222222222,125.28733333333332,239.23050837720578,40.87620634059363,220.1394486740657,2.0564886100017783,23324.51517939241,35.999388596709565
9,146,984,136.02058231707318,43.07269583333333,134.53403760162604,116.84390569990343,76.78211158627464,205.16492237310595,2.0,4719.496868332982,8.558597901158253
9,147,193,154.26449740932642,48.56040414507772,109.10424559585493,55.45023073019007,109.96782847536103,327.5608006350693,2.0,12627.23843438796,28.611945208514015
9,148,648,183.65760430555554,151.9729861111111,121.34839197530864,217.95453719328538,24.42645370736946,131.00115842593692,2.197791474314404,15623.709060627973,15.405007229149485
9,149,1658,127.80791031363088,53.96643094089264,56.6125236429433,46.3527253075851,119.50368661288677,172.90777624029968,2.0,7576.568936671209,9.980392201970522
9,150,232,182.1768965517241,107.41513922413792,62.001445258620684,313.26778735408254,63.8229665022522,277.5351885731549,2.0,3037.1101103077744,7.294365923506828
9,151,408,25.216768781862744,84.95515196078432,69.77389656862746,80.34204131730286,113.06414402625686,354.7360209600605,2.0,34680.24446174242,29.05403941687317
9,152,968,170.07887603305784,153.17632438016528,103.26065247933883,276.5729701214843,17.44557906414847,219.2545514384194,4.097887667834057,4030.6399359335805,8.060394578812424
9,153,648,81.97533981481482,106.64482885802468,119.28534722222221,304.0966567575357,18.397179966155818,164.8795128818367,3.4135171565565527,2858.5654235375214,7.173348263925528
9,154,384,115.67469721875,55.14052630208332,102.15645625,321.95180686788575,97.33330313313961,47.27976029556181,4.5,757259.8758490939,45.93107556903245
9,155,83,67.5162421686747,98.05936506024095,86.37366746987952,269.0159078920751,54.933194386774964,260.48493567995854,3.2397867779786984,3757.1042026244513,8.140015340776175
9,156,324,152.13261728395062,142.8825216049383,97.09820277777777,324.14835083509246,150.71372536331492,115.36120733540268,2.0,3609.6370493442555,7.6904346460081365
9,157,669,86.54473751868461,146.16969177877428,121.16438086696562,159.67012635882196,17.314836132810367,201.14189919436814,2.0165028210793863,133911.69278047382,31.532337438065856
9,158,730,144.2356904109589,108.92215109589041,69.0753195890411,53.40316162732889,41.561751710489666,168.16755514328432,2.0,3016.896459321589,7.316551374498296
9,159,343,81.99747521865889,93.81868717201166,168.0804023323615,355.8511116777063,156.94962377548717,62.94102833907088,3.3730662730909304,1928.720908617852,6.257223187075912
9,160,997,144.81071614844535,122.74500300902709,169.48510712136408,269.51675671875785,99.64750644899509,250.186361045729,3.0002170578048952,6696.336250878761,9.472382959208282
9,161,1138,161.89691124780316,131.77665289982426,43.37393840070299,221.16106188059712,109.08280077987243,217.9102979880789,2.0,28675.96358319356,20.912578038596337
9,162,489,129.52288605235174,145.77005337423313,92.60786073619632,113.53628648678857,29.9835271818217,253.0414623295285,2.0,1542541.0774449958,59.8547386237824
9,163,415,13.08026066698795,101.22346506024095,168.0529920481928,255.91233155978563,1.6111971827062055,333.5878295689973,2.0,33078.89314511619,21.73954642356119
9,164,1222,171.6538510638298,144.15904255319148,51.14349001636661,317.3328931949713,153.6154624881235,105.98640802873537,2.0,5231.187883993224,8.711492673898322
9,165,955,136.36058638743455,128.89542513089003,141.87424816753926,155.60401789393654,142.3090505605292,332.38918105964467,2.075509744770341,5008.485052312253,8.712145097952202
9,166,897,162.03098216276473,150.7896164994426,81.87230089186176,271.81925871485004,71.31029292045147,274.7976184530617,2.0,4520.485336445668,8.384767673610236
9,167,176,122.31692954545456,51.91946931818182,56.14981363636364,264.718146737478,23.734898545880032,305.26879403002573,2.0,305979.012333975,43.70975249240576
9,168,1472,13.0866167779144,69.62198729619564,117.37739266304348,134.03287970506156,37.92179646518435,147.33749414456778,2.6043053444474658,10654.596728015591,11.664367455046282
9,169,773,153.80234540750322,82.75991216041398,112.54306442432082,239.46095856330302,172.5590257988366,207.39188741017222,2.0,3510.739503011415,7.63177171810806
9,170,140,149.77984285714285,167.1558242857143,134.5290457142857,240.26518014440867,46.85263109286431,209.66218706063378,2.0,106293.06805612307,33.27446050207339
9,171,116,128.95458620689658,46.158125000000005,44.57023879310345,294.0954341764827,140.38996655356038,203.91105340862805,2.142126753066111,5078.149838160333,17.556667788308605
9,172,445,117.9296373033708,34.00078,143.7718831460674,265.23868016035306,120.76093469779455,172.89039479212465,2.0,7390.907817048267,10.04189812349963
9,173,1013,109.5377169792695,55.538228430404736,44.041820927936826,54.7771920830576,177.82033434568075,299.6520216914403,3.7390510977216964,29311.37099848484,21.32077707659118
9,174,458,64.61124211491267,55.27141375545851,149.9981441048035,231.39409438236413,1.1338377400067734,26.882608329797584,2.0,505865.47850859567,56.082142840573404
9,175,640,122.1032565625,95.09632703125001,95.9595559375,144.71628556163216,141.77461066519288,213.21896873198713,2.0,3789.7971994011264,7.883111468781774
9,176,1171,173.75710333048676,143.46204500426987,35.68644893253629,245.3615204656434,22.5243323465245,103.35998956583282,2.2557573137070475,176118.04230897911,31.654181249778702
9,177,1545,54.27206796116505,76.58208349514562,67.81778809061488,86.72377274651673,50.26432772847019,284.82415818140447,2.0,6438.44080820963,9.704205696342486
9,178,928,136.0155,72.40600290948277,76.97294859913792,329.69339601997706,3.4481917615753654,318.36989307288303,3.1410379983814325,3661.499278365593,7.7887848757664075
9,179,602,58.2279754152824,166.72083887043192,52.2764976744186,250.57451458248966,68.07214823367846,287.00832502254974,2.0,8752.71689476547,10.921906367105374
9,180,634,179.43321135646687,91.1237906940063,166.1024574132492,190.4764499746029,138.8684158453183,126.57267925067796,2.0,4395.113585980576,8.33109311678642
9,181,200,90.88664799999998,72.932613,156.73386,185.44456439763871,70.86006039234633,241.67983050035724,2.0,2192.047751582586,6.778981751063571
9,182,276,61.13022101449275,57.98161630434783,59.205952173913055,193.42945739228014,90.83869257294971,18.78311986185683,2.0,219973.407104909,44.968680597453414
9,183,402,115.15385522388058,87.49422437810946,70.97013830845772,315.64928463435643,127.12401700810716,230.17422380633192,2.4887220709199567,4079.9810541529096,8.170922943548222
9,184,1672,28.59644816985646,118.34211752392345,82.14843636363638,254.5809384355158,113.97028865894404,85.3036393885016,2.0,6960.7294990043165,9.569879316539918
9,185,488,138.74010860655736,30.558257581967215,120.99846721311475,336.92775339882877,4.1722434925822105,230.92163258225875,2.0,2325.4353369211926,6.8195734706267785
9,186,814,111.99280859950859,118.9479941031941,169.23057039312042,156.5716592429557,31.612239102303057,14.938655600469012,2.0,16174.757657815822,14.614475374459772
9,187,1879,43.29485327301756,36.52809073975519,43.17674885577434,68.7869000974518,70.32762395389459,74.25511936634241,2.0,29136.401181872054,17.44227623599755
9,188,215,23.821506368372095,91.35744976744186,96.20784744186047,10.4462865247437,57.83913314006511,149.5048861536586,2.0,233098.8184482827,49.03355419704702
9,189,655,102.97224442748093,110.08939404580151,147.2220534351145,244.24583287179294,25.618228251695648,38.64867308479741,2.2650653211476848,2976.2281863240746,7.212250158607019
9,190,513,103.18895575048734,147.81794541910332,106.90361754385965,324.1193500573704,82.84163379448964,89.52562262102705,2.0,3001.0820532796283,7.273534042257257
9,191,570,125.37128245614034,135.8895350877193,93.43625368421053,11.833734485648883,66.57110986772064,173.43030156585786,2.0,2712.6183557937798,7.1447767510594575
9,192,806,157.84981885856078,121.35397394540944,88.24767655086848,290.72691267600595,8.189197791839437,56.257558165678525,2.5272316825099024,3710.474744209477,7.888223003452871
9,193,271,170.36198708856088,121.74650922509227,152.88136900369005,337.7707524310929,175.43235006850176,36.80528773028083,3.9593488088250637,29917.67195624563,28.361822316032146
9,194,1018,162.0548379174853,55.1273072691552,149.19560707269156,283.2147323769847,19.85978658433927,132.2853093419368,2.0,5155.718670103334,8.683906317466294
9,195,1170,112.05734205128203,37.818595384615385,39.57443145299145,32.20511040253483,20.17736148612608,23.40362596843249,2.0,63550.523052840515,21.595354473765244
9,196,539,136.32410760667904,84.12413710575139,96.70873914656772,257.03545456550006,70.76225994748994,127.59637734086712,2.0,4155.7600952890825,8.157681532360586
9,197,338,118.32910650887574,119.48495562130175,74.47222840236687,266.0947925762709,91.62424229615291,274.34372272783213,2.1692445036863215,3063.636060704665,7.436339513429886
9,198,951,7.200884969085174,121.20805467928497,113.13404258675078,334.6035587418001,115.65929391622576,31.858809035208424,4.5,8053.938534605073,10.19915826959056
9,199,501,177.98518363273453,66.8616884231537,141.49073253493015,82.58814433559088,162.84051406271925,201.81807054731775,2.0,2897.5750924095432,7.147759138135768
9,200,307,187.60560781758957,77.45715765472312,121.40818566775245,179.52205506866366,91.50871729144423,98.97479916644953,2.0714679539982477,6397.421685076167,11.357353992463961
9,201,729,118.79194554183815,123.53424005486968,37.46388436213992,296.5882696113628,111.70482293027517,150.68019972146152,2.0,17544.55060206753,17.41645947755462
9,202,979,80.54013748723186,53.820175076608784,160.02396455566907,247.99904759855056,91.23664138293968,230.26342705777398,2.0,112629.63911083128,32.137145703871774
9,203,462,187.99029839826838,168.40272510822513,42.90463441558442,36.253572196519535,112.7960849406951,275.30389305877236,4.5,67149.8516988618,24.506631360225658
9,204,868,191.23466618663593,140.10544470046082,71.19946313364055,239.39186871583482,40.642467909898535,71.83692483652476,4.5,9528.46933736063,11.830802819788481
9,205,391,98.19461099744247,111.0939800511509,131.2587979539642,234.76151518276384,170.9543598951071,181.91380478687157,2.0,2475.219830747511,7.258033297814386
9,206,1726,34.16697531865585,125.06553707995364,127.7176697566628,178.54545366458387,150.56907811678516,24.33806328500161,2.0,6376.597015768154,9.509073377773662
9,207,106,169.44240566037737,97.9140594339623,78.48914339622642,120.91117032552052,158.63117878211762,71.16298778360121,2.0,1010.6310241044422,5.243501785223256
9,208,1098,160.57190710382514,40.390924225865206,149.9202641165756,337.5093470528538,15.053143613174207,329.84428570671645,2.1626530969600855,5909.445059136973,9.213388597230695
9,209,1992,104.47050025100401,66.01369191767068,89.42897801204819,221.47287430543273,12.390390873380397,131.11689483612165,2.253984596063433,103663.1469235343,30.73883365449612
9,210,609,99.13544203612479,166.67297963875208,73.51829967159277,184.2543677107526,31.729815487349736,311.8323616365174,4.5,21555.188818166742,17.07607383532432
9,211,467,161.3393447537473,93.1238051391863,69.61018886509636,355.6348237693505,109.31170146721942,94.22219790791954,3.2884823190917105,2970.323934756716,7.416036622787587
9,212,204,126.57011323529414,163.3291176470588,131.79186274509803,350.1656536864652,143.6512532308997,263.697527162563,2.0555359797156663,3407.746767933747,7.695029260160143
9,213,546,36.81841282051282,169.79998791208791,32.27199010989011,36.28661888063701,144.33852255662364,34.561651395038304,2.021285894670977,16808.328436207907,14.0018350612836
9,214,775,50.230330064516124,103.48739019354838,121.18945935483872,45.8130661485805,96.58170313619301,27.13554188532676,2.0,3610.9093101306157,7.684626027846487
9,215,471,180.79288959660298,104.64509278131634,95.33555626326965,45.48488021839223,11.762586721868766,202.04829517237562,2.0,2075.4157198675302,6.475555386923542
9,216,620,170.07846451612903,130.7600935483871,76.89650467741936,297.88649718486516,41.038473000729645,42.604495661249736,3.8638123821284025,2913.888487238922,7.254185354830905
9,217,97,164.89131958762889,39.70198556701031,162.49754329896905,115.84899964663467,148.6624045401831,135.606509359014,3.2889030746687733,137863.3059444892,33.19718735989294
9,218,185,160.91175394594595,99.02373243243244,111.37422108108109,216.65498230831034,79.85859214978628,63.20977036768311,2.3967338442324264,12885.211465877612,26.728300348577772
9,219,729,115.24701783264746,41.9315074074074,91.71825226337448,261.2686019998279,10.628132616954339,230.87839419215342,3.793802477299619,95257.97813015532,33.57554198662903
9,220,1054,16.489719758349146,39.92879981024668,100.19430170777989,177.69326724162838,147.93978219886074,274.75173111094387,2.0,14939.592668243413,14.613193082426887
9,221,393,30.018231434860052,158.25777048346055,129.55364885496184,158.9596118658115,79.94990325259748,326.58373470061747,4.11460668542111,105539.0784164867,36.367948242947755
9,222,1263,97.65724133016627,108.50297751385588,35.76066152019003,342.28285459981146,74.43861672010158,114.42371190642373,2.0,4732.962139224357,8.425790819702295
9,223,1772,154.00881094808128,130.18490237020316,69.03923594808127,257.2719356297034,135.30888383140174,86.5541871109366,2.0,95618.54174905835,31.19009598889538
9,224,243,184.08399176954734,134.6262345679012,40.34322716049383,126.42858875152852,14.126426223948211,351.04357835497336,4.209881666992946,2172.077240848364,6.911873293071184
9,225,1451,149.4263521709166,105.47208697450034,51.00482667126119,81.32946950681674,67.29815730961317,73.09035395654988,2.0,43279.010686973896,25.102393345828983
9,226,490,17.659175165306124,151.27958551020407,151.78754959183672,114.65909853359472,105.7718182042908,49.276469366085514,2.0,363220.92646630126,41.761501981631916
9,227,317,44.72730820189274,155.66891798107258,159.69237413249212,290.1329404569961,154.10096333395342,202.5488322815444,2.1301952446680157,14725.68089052989,19.759672227858932
9,228,1635,170.71233211009175,57.41397847094801,49.64398568807339,238.15755609325703,75.27069342497693,54.81891155835437,2.222470252885508,32247.311300734676,21.463507405171146
9,229,759,132.36717523056652,137.4550816864295,127.14699341238472,6.008810379231471,151.36731696758815,264.06209528378605,2.4170973421797877,3037.2115951808723,7.312247943086899
9,230,758,80.07217907651716,144.8190395778364,163.66845659630607,158.39079516735595,19.966841082461823,111.24148491298843,2.0489878757965547,36988.98921270078,18.589804183331253
9,231,644,179.95978930124224,139.92996878881985,59.41076723602484,133.75915244357347,13.507226240037243,253.6136289114023,2.0,99060.39032817112,31.983672730628985
9,232,273,134.65575457875457,113.04262161172161,99.35801721611722,18.912654183801205,6.652810468893651,272.83252304544754,3.522048252256383,29483.725537339382,30.442335484029254
9,233,1082,182.20250746765248,112.68760212569316,135.09526247689465,288.01619281629763,32.354372553878235,200.97373539244302,4.5,8041.602499463526,11.739288213081844
9,234,108,164.6063627777778,59.08595277777778,136.01035185185188,16.989658987316425,59.16856652184047,207.76310817026678,2.0,14795.163668163534,29.445102935092947
9,235,1809,97.9900011055832,64.7493395798784,67.92118004422332,60.512691903183494,112.57172621820428,334.82723366587635,2.0,6396.489382562116,9.304923601111405
9,236,1431,181.69034185884,153.33956680642908,78.85234535290006,138.45797488600016,10.362639697563258,189.14501817405053,2.0,29373.491340108507,20.72574886395957
9,237,361,68.46433372797783,45.51226786703601,125.40963711911357,247.64201210559594,102.79381904852886,223.56311225378732,2.0,31024.1467389745,36.01302898509416
9,238,230,51.18719260869565,73.28862826086957,45.54426826086957,81.82220317070109,44.70138903247659,288.9376712215856,2.0,31116.076702718805,24.62659995343795
9,239,1292,157.3749984520124,80.78267337461301,166.8957388544892,170.40284098398385,172.25308142147446,202.3193305410428,2.0,9690.572647418687,10.678200797702916
9,240,335,33.72698985074627,95.38144597014926,122.90043582089551,7.107131756700746,98.4178919362227,227.95700168196652,2.4876180581836915,2085.6391602810277,6.408893448075361
9,241,154,81.8720461038961,48.1915512987013,88.39164545454545,255.78671138595075,146.5767071895113,307.04326337511833,2.0,34427.19287160957,25.140305936994555
9,242,730,105.84226671232877,125.9528684931507,91.93527191780822,224.7651600925187,2.6174664326417285,232.46716374857058,2.4528004196018336,3281.1501526909506,7.464030309823916
9,243,499,92.74520601202404,164.31084168336673,66.19457875751505,292.17373467059934,69.05968657159842,17.331816711521242,4.025086469778261,3903.7594750736343,7.9877597703981875
9,244,959,22.607069929822732,142.47497288842544,115.08968488008341,112.28167405231633,153.87803881172508,73.3583988887577,2.0,5434.193511701117,9.050672736873798
9,245,38,89.51998421052633,102.4949105263158,159.27555263157893,62.50751805799688,153.85997289252606,128.94445198727382,2.8663951390214986,869.5064341431796,4.832580925836252
9,246,763,115.13180655307995,97.11882555701179,111.40340550458716,81.97360288655186,171.19785189398945,215.45064977687002,2.0,4473.89433727167,8.470794922630017
9,247,1092,174.21275366300367,128.09115274725275,144.5474935897436,168.94387566995806,144.94152770463003,348.36357104715233,2.232289984590092,5245.48736409777,9.401810504565434
9,248,600,52.31385133333333,126.29221833333334,148.41556,306.7048610010418,59.70428619131497,326.3632168397963,2.0,2825.6189671418024,7.086229007060299
9,249,455,183.63488364835163,113.69028483516483,160.76552307692307,161.0785992949943,102.19827846638425,67.59884087336958,2.0,7756.973710468559,11.359578672129716
9,250,396,190.28020984848484,37.87898737373737,123.476046969697,186.51310725640553,163.86777361367348,29.71055970747248,2.0,29678.838820337514,18.476040905563124
9,251,554,127.28553971119133,150.17528880866425,107.24687075812272,147.71755436540587,103.31536931158794,228.7433983437968,2.0,2083.3033700535348,6.390590971257577
9,252,1015,117.00918679802956,148.3806226600985,59.389183743842366,326.2223319677809,104.41382930368195,47.11336943078018,4.5,4768.788083172944,8.446080428717185
9,253,322,126.79744099378881,123.85936024844723,45.14190279503106,179.7625733396885,9.246378982676243,345.58273553661434,2.2434219368049195,2299.93714446217,6.776009630214818
9,254,478,140.17693723849374,108.07147719665272,102.58195251046024,187.27413098322356,145.0755449709949,311.2278934092481,2.0,4099.68347896613,8.246875146020407
9,255,461,41.16095206073753,118.6904295010846,44.88791865509761,285.8102401668472,173.1832379351454,349.63520748518846,3.9075972429583503,4639.621030699402,8.968484384809956
9,256,406,92.43119137931035,110.05735812807882,168.77895246305422,272.3895086390454,79.55025423907941,59.983127909216456,4.5,3142.6036858622147,7.441261306719696
9,257,444,80.6481981981982,154.70983333333334,62.42901306306307,346.5458711666346,147.9975143965975,170.24946950077955,2.0,2966.377567955599,7.260718732699016
9,258,1904,116.11829847689076,61.69128907563026,161.73072946428567,61.84619289765874,86.53654895040975,80.7571804609938,2.0,13367.944778230853,12.23655712082718
9,259,902,69.87822638580931,72.84361496674059,86.6782864745011,355.82850308970944,21.67052502681766,305.02815741889077,2.0,4201.41779197067,8.222016377311006
9,260,1511,173.45038120450033,40.82994778292521,115.82336565188618,214.95521363848053,176.03948099303688,302.91137692478395,2.2720962413251113,5734.039639396709,9.162808366517666
9,261,1779,21.96198861597527,45.119129792017986,65.33282192242834,127.84577464879696,72.785798287246,300.1555984009748,3.6837297291203717,297723.4261748658,35.53075624349333
9,262,646,17.70072691640867,164.8311346749226,31.348233436532507,266.773952710119,158.07131604160588,254.32244184905016,2.0,34798.43537658459,20.321958810733523
9,263,771,176.6473073929961,43.15568119325551,165.6484448767834,267.5598036946596,32.99204964968162,72.6187756012921,3.2880855352105773,3653.316075979593,8.026658446187499
9,264,162,113.76485185185184,140.4221666666667,121.57183333333333,188.65452941979717,31.295284924555673,295.38983363940713,4.5,1024.915117875551,5.089808369266741
9,265,66,26.73640287878788,152.36107575757575,119.96735757575757,240.37905340277044,93.83637096615243,358.8183218987126,2.0,29073.012147190337,29.938146609071712
9,266,2122,122.15816018378888,84.6522957587182,75.87065673892555,235.18425724505508,29.69950704948316,104.22586579669192,2.786390081023993,259391.97998077868,39.36318715203221
9,267,1145,142.6957155746725,120.65472593886466,45.65326978165939,356.2491985931756,58.68588572284313,35.6383291355482,2.0790984917606745,1143690.6908647781,54.7392793454889
9,268,1186,167.14086930860034,132.9916037099494,158.67474957841483,342.7668799441808,19.25510440855365,235.89770617883187,2.0,4671.2602542776085,8.535107361518792
9,269,1056,159.90827257765153,41.16682339015152,115.81428125,83.9812257520936,63.35017160881865,256.7831173009932,2.0,84921.63166662375,25.651989469687223
9,270,145,46.018115172413786,157.88880000000003,148.14249586206896,84.94329690407713,168.29353080014917,171.04463946418636,2.4012971974694994,22601.667385377514,23.528384609425796
9,271,73,183.7466482191781,107.53239589041097,113.11013698630138,160.31596949211857,43.838774016037725,19.4310297184252,2.0,153286.7096349702,45.270364194325275
9,272,851,15.256227501762632,157.69030787309046,151.28005005875443,122.01240633223718,130.9823566234149,357.42631518480084,3.479576775491383,56746.94608348072,26.9543408613744
9,273,1161,28.92111386735573,97.26714935400516,47.219088544358314,48.52145648370484,139.94951729035142,229.17649105208642,2.017361816603732,5330.027693376592,8.77117812156393
9,274,745,180.3546,157.45537718120804,59.492226711409394,163.85759459059048,16.119438793279596,169.70608504592965,2.246370994093645,3708.138294394474,7.943367401240465
9,275,411,7.106895802189781,139.91080291970803,54.30697615571776,36.360871766219724,158.77045978699184,71.84727124981634,4.5,6150.736542110048,10.32452474766577
9,276,543,49.6668891344383,112.53643370165747,104.34774069981583,12.16138395009773,131.71871250383114,258.72608187556256,4.5,2543.411905998312,6.99588143931797
9,277,980,18.90922311113265,85.24428591836735,96.37280918367347,309.1459129052646,145.36765862842103,129.21054182740406,2.0,28601.327853007424,22.22059511945459
9,278,1086,131.52549171270718,40.40640847145488,100.10406979742174,48.80218682589688,87.72899989001941,65.57796785376117,2.0,5913.4078024992905,9.171277012276354
9,279,76,118.66422368421053,162.98034210526316,140.9078552631579,229.3118304463165,94.54694648813741,41.98826983426658,2.0,1550.0860838477117,5.850593238529537
9,280,178,132.73993258426967,109.50137977528091,54.81734943820224,265.4563807801857,95.89209622540945,57.7993972584951,2.5088432969571164,1299.0445920311447,5.5193489637090165
9,281,344,111.73101976744185,154.4747625,126.6169011627907,19.092929957180797,56.20766740606743,1.6595367369013214,2.0,28006.427682891703,23.297180507781448
9,282,603,65.97826699834164,75.57269137645108,68.5977142620232,87.52543302782557,56.123655677155675,152.0617012365562,2.0,652687.1358356014,45.08432574926989
9,283,320,169.417428125,87.823775,151.90365624999998,194.99287425644368,122.85079602665533,255.79996952539986,2.0,1710.2125225818577,6.022545174353422
9,284,508,72.59582893700788,104.53701476377951,161.15795078740157,325.691590631605,119.15414553056331,208.84204523753223,4.5,2575.8518078221045,6.885590196699481
9,285,815,100.7660709202454,159.69878650306748,93.44179509202453,144.65071792396228,106.00608559804644,108.57222935483733,2.0,3354.1777969256723,7.568687593941608
9,286,920,169.2732597826087,71.78397195652174,96.7494379347826,257.0116013352994,107.98882433251241,268.21760719562263,2.0,5323.747061657224,8.860582506833842
9,287,864,33.199073553240744,88.94510370370371,151.95269791666666,101.26781200657393,164.95162844262612,80.11396817850223,2.0,4041.362421649125,7.979284010405682
9,288,1031,41.05078832201745,161.66884869059163,131.87487681862268,93.5043628396013,165.19258501464174,65.64189681093276,2.0,5167.244524775765,8.771896742223682
9,289,669,68.86550852017938,167.24021016442452,83.08097085201794,42.4982070403768,145.2390350630938,200.90101588155568,2.0,15982.039109623202,14.282722072727532
9,290,264,31.013062744431817,76.35034015151516,151.09789015151514,121.6780270136923,118.90165452421536,281.71319164208654,2.0,18359.91122219735,27.50229979463035
9,291,919,69.5024208922742,123.88065614798693,88.66801338411317,67.13257309251615,102.44231028586164,96.69568251050357,3.3758417034507344,5047.19074285742,8.813061364122921
9,292,1006,58.286113121272365,112.3979625248509,28.99055407554672,185.13274456034304,2.2976952565790087,109.49336273965912,3.65597195534115,15805.410856280461,13.025572715553173
9,293,1086,68.48481261510129,38.843822191528545,78.50265478821363,128.81474686360048,94.88050360345419,241.90729442552876,2.0,28685.125145376765,19.513764340496888
9,294,1093,75.99823385178408,152.05956267154622,139.195868252516,97.20057509228968,133.64631219133537,230.75038175895503,2.0,5350.125807683101,8.831442235442216
9,295,345,19.34185176347826,97.56809130434783,70.14789739130435,120.98139164120651,58.19901137934467,18.52790191340639,2.0,93720.91683680612,36.196934445022414
9,296,159,75.21805849056604,159.90657106918238,63.144659748427664,145.89752365752096,58.53924970894149,91.61179603426811,2.1765435768646144,178635.75970605275,40.012267289011966
9,297,729,67.75863772290809,100.56148257887517,42.652986694101514,74.71510532125039,6.266863833207827,199.93139590361397,2.4837418287815263,4708.950228075055,8.534136691080704
9,298,761,111.66974244415243,68.20076123521682,94.73831169513798,213.6149686530376,31.68039228955427,224.34417445630393,2.0,3496.580404534413,7.595417193165518
9,299,757,145.19981638044914,102.79698058124174,153.29746631439895,75.21969704663601,79.21317172273561,199.9820980987097,2.0,3930.5557752788754,7.901898819025116
9,300,642,110.37792819314642,57.16089968847352,133.8025919003115,310.9822608995811,125.76983884983275,75.0762299846111,2.0,3214.7007905741743,7.478780299057012
9,301,554,32.59837779783393,81.69306046931408,49.99342238267148,69.79878454555606,83.82566773882135,347.5382784597249,2.0,8947.481610457173,10.434487044783417
9,302,615,100.26142162601626,82.13156569105692,85.35581040650406,150.8639301798557,33.13928225683152,327.4132884446569,4.5,594283.943997646,44.92728876704063
9,303,179,53.185508938547486,88.44673631284917,135.19687150837987,347.1718147118623,36.65824130048558,358.4881883374138,2.0229654288992815,2637.2023793546387,7.073520928681588
9,304,277,76.40565090252707,118.53495667870035,48.48089819494585,311.4983921313634,130.89581467937248,3.695734798899073,3.1091050598275145,31564.5283435135,23.157910325607237
9,305,313,53.24361829520767,126.81248242811502,59.998440894568695,285.61475051234015,13.422489891099488,261.60118198763547,2.096666109712971,32226.07816642501,34.20143764689898
9,306,232,26.74531577672414,166.4261603448276,45.59868836206897,39.05580122793374,79.53641998093325,238.55068663438993,2.0,965032.7867094798,50.31473248228891
9,307,553,119.00686365280289,126.02692224231465,60.15280687160941,323.1357578745924,11.232527115910463,247.50281794938775,2.0,2883.4685347423083,7.3640731574688685
9,308,1100,140.79694272263637,53.774494000000004,43.59002436363637,7.525942901341622,41.762682118973856,333.4900077100682,2.0,780112.0055364482,51.55041088838374
9,309,413,105.19313002421309,127.43523656174334,160.06806537530267,82.91014316568415,171.70535543887195,67.61601585855351,2.0,2980.601152719487,7.201816229827911
9,310,1215,163.24531440329216,32.87891588477367,41.20058905349794,355.80486414543543,111.40223848520141,99.1719119913425,2.930362696422489,72325.20731109589,23.895662235265842
9,311,231,179.34499134199135,32.716599134199136,144.87945627705628,68.1521196246489,136.99628374485303,236.19794036943065,2.0,45393.34549654781,27.188134362181458
9,312,517,128.6563014181818,139.27927098646035,58.0370661508704,216.76336664767808,61.5836319905693,37.27252491323305,2.0,1217419.2119702632,54.11041932901801
9,313,429,173.63196299533803,143.34,43.93473403263403,190.47158317965497,100.70184326982982,281.3851009002282,2.0,30885.591050415733,27.642614986078943
9,314,774,89.0196764857881,136.2737480620155,156.5057157622739,25.843407681264104,21.471455362179256,112.84541473448729,2.0,4577.180292669753,8.355890412237848
9,315,596,9.61579365067114,134.81955704697987,64.25020469798658,199.82420528800733,6.071793299120198,58.499410248976936,2.0,90190.55103358613,31.709839776015837
9,316,748,16.62890695882353,163.63643435828877,112.92618101604278,352.60261195494184,77.3634602293184,77.56335191174632,2.0,81921.22213871917,27.20020802262246
9,317,814,82.84155810810812,61.82579004914005,148.90110995085993,57.6833718253856,113.6144813768534,195.2813712187102,2.0,27116.574219730548,23.53399631921069
9,318,100,79.442671,122.63904000000001,37.171512,211.64517490661936,146.72945055994742,308.82795073264964,2.0,1378.543618881866,5.8177668516018946
9,319,460,135.80459782608696,164.201302173913,101.45792326086956,97.78614660177553,78.20761008907508,309.75372976908267,2.291715892558241,13193.306347846114,14.112109874911837
9,320,194,126.38093814432989,32.008143298969074,123.51407731958763,144.17589008516012,168.2502591543542,228.72711718558696,2.090653299562964,4504.748186807777,8.640062564046003
9,321,756,80.57023174603174,130.94571428571427,46.23390925925926,170.54654120829548,103.03015778853762,327.7481468385967,2.1073412822807485,38150.65390212547,23.86952852601895
9,322,687,12.591160349621545,147.42811062590974,108.85806826783114,311.89530322824487,142.1289216914436,57.574019097321965,2.0,15539.816607635496,17.814496792433822
9,323,1001,58.75977462537463,93.34317562437563,91.77233986013987,84.57981839580142,153.2953438424827,154.8650867382579,2.6745345126066753,5156.978282038249,8.937365298445675
9,324,279,141.07553405017921,163.4138724014337,33.751881003584224,8.21373585917848,153.5334232007881,19.778054557120413,2.3448911819105116,58969.96652916025,22.95598540930607
9,325,472,79.4015815677966,102.7368188559322,59.5112375,5.972740550773219,60.729961662072,227.5242903607404,2.0,3494.9558053523615,7.616106508362577
9,326,839,34.07194588796185,137.37218474374257,57.28029415971395,322.363114814258,93.63552038009732,41.61879572039944,4.5,4067.1605332206377,8.216854273782152
9,327,540,102.81822018518518,109.18742425925926,66.31512296296296,339.6520243494568,130.41174199806053,125.56316809279825,2.0,2466.3719763873096,6.906337259251167
9,328,821,44.08235724725944,54.25204786845311,146.4307454323995,157.99495580646882,68.11658319829678,37.86687814942592,2.0,27442.44460029248,24.672897424457435
9,329,104,98.51023365384617,90.1797375,73.03169615384616,306.2212248510633,47.890654618710286,348.2813032603653,2.654493271851524,1542.8954313448373,5.811922006807372
9,330,939,13.672262826730563,158.68688136315228,156.26718530351437,252.13616064249698,88.21419330099272,315.3083499915375,2.0,97547.98543078464,28.476768234924275
9,331,482,171.5991182572614,104.68577157676347,168.53591680497928,296.27207167159725,76.5356155104017,275.5989490454855,2.0,8877.111607365736,11.765379331076128
9,332,1716,175.17969259324008,88.4073837995338,41.68250792540792,232.94793241877656,5.948972926246805,139.54021926958708,2.0,33206.12456548741,18.63935460686302
9,333,367,44.54710762850137,121.49283651226158,41.553913079019075,4.963991644949934,80.37086409191085,220.46681041087908,2.0,21013.047587535617,31.217331061562465
9,334,1906,130.11570461699895,155.95670146904513,164.77685655823714,180.1791201659048,162.89775299002113,222.33476111548265,2.0,14649.843513377407,12.77350772520712
9,335,740,187.16117177432434,164.2656743243243,107.60163364864864,285.5592715161176,104.26677308905745,85.1923797576765,2.0093527960595075,13403.062805036285,14.041607259270052
9,336,990,78.64082787878787,149.26590202020205,40.25842040404041,58.24427435742401,144.44091231671905,10.635520163457915,2.0,3673.727044504466,7.733734173792847
9,337,359,76.96890445682452,165.12891866295263,145.29203342618382,327.5313387925877,54.2670016892467,343.0799992936608,2.0,5829.474811614193,9.112670622257534
9,338,172,12.560640247093023,70.34841220930232,91.37334825581397,346.64049018982627,69.15303766462516,170.76111928071157,2.0,139591.33215849905,36.67418578257997
9,339,851,68.99026991774383,96.66156662749705,139.59492479435957,336.4894066065169,61.86462168226861,14.312592622996991,2.60874265326964,3450.1276874910377,7.652797957246261
9,340,1157,32.78576330164218,139.98147709593778,77.220907346586,65.43309241510673,46.4298367736233,110.62555958911364,2.0,4759.819871235364,8.423021617564315
9,341,648,185.8871063425926,131.51921450617283,163.67531327160495,210.53234611075192,27.352878893454445,147.4854345398739,2.0724312026878904,16615.49015037686,17.351109424972805
9,342,388,126.89793041237112,118.02727989690722,167.44383969072163,327.4978739505047,60.65107061316689,258.6552532690967,2.0,8200.946565530041,11.079792172544046
9,343,479,117.69964363256786,34.1962751565762,133.34277035490607,241.76027005754528,178.21545875314325,284.71011489221905,2.2290084937159267,11866.528733954812,13.774760478568941
9,344,136,54.391886029411765,146.92726470588235,50.71622867647059,22.179751821383846,108.31057591709828,122.70244877047155,2.0,13774.11394835115,24.069540467540197
9,345,601,122.8681700499168,132.32039933444258,43.16166522462563,169.68368022343722,163.0007606951633,140.1134904845158,2.0,36257.768458633545,23.050983334895744
9,346,1182,16.825274699661588,89.13957766497461,131.81548307952625,93.25168305841383,20.465433806955254,237.26847671951245,2.0,13933.114681300665,12.462868255155366
9,347,487,109.80988726899383,162.48545379876796,67.72956406570842,11.151858877841958,134.9933084436366,318.3647569407892,2.0,3494.972065773132,7.794560552747477
9,348,717,126.28349748953974,162.95704365411436,81.69505313807532,330.3745072495462,153.02089635965268,110.37521494207353,2.0,12764.15735198233,13.468613260905995
9,349,482,173.08915041493776,45.99082116182572,91.437077593361,273.6509512829797,66.42370051944134,84.56766765727316,2.329932739507015,93550.54765132321,34.40224302350132
9,350,633,57.07085197472354,158.53443759873616,36.01767488151659,29.572304382158165,50.79701465801087,338.76076697735795,2.0,2950.2992096484177,7.205143865807533
9,351,260,181.42535826923077,49.722440769230765,82.89570884615385,51.393282948666496,93.44285408185479,252.91774754620502,2.0,187175.4278729245,39.848464613665236
9,352,419,145.16246062052505,34.25945680190931,113.28643770883055,275.4551781570658,179.18674733180086,18.524446855981907,2.0,44966.90018273642,31.143054052913058
9,353,389,172.870118251928,86.86558174807199,96.69083367609254,19.8810602660473,113.4617377450521,127.81268498171002,2.0,4503.68203570283,8.319721086213045
9,354,504,99.31586448412698,89.47193075396827,148.25766269841267,9.70113374794896,151.14755731825656,51.707276714223546,4.5,3386.221487127561,7.748847114604286
9,355,881,69.19625223476731,90.87850760499431,73.50893030646992,291.81586360639017,166.9135974576981,335.2809515773283,2.01192149538592,648196.8631120471,49.29316253001147
9,356,1245,159.40319277108432,37.30485357429719,81.27061759036145,7.574055869340892,12.055612807516749,305.40981435230736,2.0,11457.833646934565,11.848514371068179
9,357,308,90.7387551948052,71.58069123376623,126.3427207792208,130.11336090378873,116.94152927459959,342.1075044645504,4.5,22718.236163596837,27.634537594948792
9,358,679,129.73694904270985,31.80466111929308,72.71819867452136,159.65408977269735,107.1398453996636,266.4046943736006,2.0,14229.714646869366,13.170923542068811
9,359,229,89.1101327510917,119.48189956331876,118.53543231441049,82.79525610490344,7.576805109579016,163.58645396252655,2.0,3342.2823625894716,7.7251202601205025
9,360,802,95.07787493765586,125.6274102244389,69.05589226932668,277.5931634863207,78.47913492197722,94.38966230494458,2.0,3220.195272743505,7.4024012800260826
9,361,274,87.20444270072993,155.18793065693433,71.77368467153283,332.8881472627683,69.4100389970265,116.99652056594691,2.0,2656.9673185059614,7.204162859412524
9,362,760,25.015226842105264,120.97074921052632,154.63787236842106,307.07550602136854,35.57900707830841,44.25873770010258,2.458895329224206,3483.9514421886925,7.809388460187848
9,363,830,36.43980351807229,65.2045656626506,140.8690365060241,326.0877986371826,24.34493510465552,206.27398821335152,2.3141080644881145,243360.50536844798,35.27459223044522
9,364,520,173.8866685846154,125.31643269230769,104.58247557692309,324.01989189398705,0.8460332130605885,184.00960338344612,2.099831635185595,20327.247410548393,24.213322217097854
9,365,1688,31.403994508293835,129.59939573459715,39.979513921800944,263.71121549271464,50.049398807133784,9.115734995687514,2.185829123924275,20251.949878884145,16.43079143675919
9,366,1498,70.23011648865153,155.73281642189588,97.1692303070761,76.27199728441583,97.9283855708476,341.13244613941293,2.0,5914.96973651697,9.13956814510133
9,367,607,19.31897529176277,103.45903064250412,44.46623805601318,230.39244458334858,102.52731874110643,155.82199062391538,2.0,91348.07803537122,30.44424472160476
9,368,648,48.932299691358025,160.1904240740741,75.28846481481482,232.058814775022,150.97980075814664,212.53324403443074,2.0,31756.4944444972,21.736279187570048
9,369,81,105.84364814814813,81.81345432098766,82.81172345679012,97.01688870035267,115.7406843898509,78.4986004970223,2.0,3162.0113213678596,7.526792271248929
9,370,444,82.55849594594595,126.56421171171174,82.98161351351351,160.76940143842253,154.75333274644873,143.03222633634493,2.20184096273888,6234.211807215178,9.33279583722604
9,371,572,66.64664947552447,142.56386538461538,77.18273181818181,349.409817177939,103.92014150313344,302.18171832094015,2.0,4560.412059350064,8.482261794217047
9,372,251,68.35976533864542,123.45949402390438,152.3002589641434,185.80749791173764,114.17695149296617,141.24730672933924,2.0,2191.6549853249353,6.513077817774164
9,373,1669,78.19486081485921,50.367595626123425,91.31458891551827,28.058645074887668,61.26861064793272,197.72449906733993,2.0,7029.597451022873,9.793581524602807
9,374,280,126.86182142857142,132.53132142857143,62.39273035714287,11.138491077790258,179.74535105260307,250.1485627151761,3.506176845918305,3488.5217570127106,7.814920939910518
9,375,732,158.43292076502732,31.29168101092897,62.37471898907104,349.8856338623827,106.2960692162237,8.548739857795994,2.4626716550074765,10109.220903962087,11.426784379527716
9,376,1280,132.56190468749998,66.231800859375,112.25754132812501,36.65135169187253,30.868963410354716,198.36314406797874,2.0,5015.0621621953405,8.628803207642305
9,377,566,28.918489558303886,135.57727738515902,98.96567862190813,202.91835607508136,41.03393511120947,253.6696534865643,2.2751383140825197,4507.2664670816075,8.505937101096928
9,378,1311,121.8181784897025,154.93382990083904,37.05732532418001,157.84060127315198,15.123570276417382,66.40049405303263,2.0,13440.978008110198,12.35830375116548
9,379,204,188.22744991176467,128.6673823529412,50.88012696078432,42.17581076518486,148.5914501025266,67.88683618300337,3.1609200245319675,13248.628603449662,18.808219692697808
9,380,1224,63.9326133986928,164.55017933006536,163.90465236928102,19.104955303793083,3.1502113438614643,111.88065489470932,2.3751007521802645,16373.028827323393,13.371677638545853
9,381,849,112.16509116607774,83.88463203769142,137.51178798586574,306.73298875746616,147.89714007058828,301.8549484395387,2.0,3739.892369314351,7.819590714894765
9,382,906,97.56431523178807,143.19294701986755,46.83896037527594,93.33660683903642,166.40708015436343,248.68740291413988,2.0,4019.931704278961,8.087326563125954
9,383,778,88.32661876606684,70.87761028277635,105.5562645244216,258.42417817117007,0.9070563474669391,299.54565357948917,2.0,4609.718118183193,9.071838240368816
9,384,141,54.37547730496454,86.24553971631205,158.30099290780143,223.7683676470656,18.206950710636303,25.802404471438713,2.0,846.9687031323471,4.760755793146502
9,385,160,172.3216,109.54584687500001,81.91559875,29.325313966550546,170.73727291374436,301.37250774391606,2.033990004368348,1888.8172392822887,6.207897195557725
9,386,876,71.31911769406392,85.48883984018265,110.74078253424658,2.673254595695731,139.01848204516088,76.49428999937213,3.3089511276653605,3892.2506782300416,7.984626466669025
9,387,760,138.88761710526316,123.06530131578947,110.05038276315788,222.835763889766,151.15200607442713,338.36403068711843,2.0,3230.0165477537957,7.731384471494107
9,388,455,101.19243934065932,53.06147472527473,166.35626901098902,129.80582561269236,32.72195417855176,225.48752069828018,2.0,14423.75070010011,13.66866182969917
9,389,1039,100.58134706448509,109.20121405197305,102.83580914340712,91.73449611058082,52.666315901822,329.3656007818597,2.0,3941.8859578359293,7.938801943200499
9,390,805,179.51303262360253,57.57171565217392,105.2205198757764,278.39886222471847,179.42194353769372,196.55618898748182,2.0,140052.91462515522,36.19827792703831
9,391,889,43.25422328458942,38.094641394825636,164.29711698537682,214.26283919346827,83.90752154284324,231.31044629134112,2.0,9265.944484013487,10.829675492635332
9,392,440,51.13352181818182,71.52960181818182,140.43242272727272,44.571386649712075,47.861249070763094,40.718109973995915,2.0,5058.353661516264,8.834844365849277
9,393,612,79.6245227124183,63.201963562091514,164.36768496732026,259.3411942844106,32.541656923104604,45.999451907285064,4.5,6552.096892129229,9.53388653376751
9,394,1341,133.66141998508576,51.9699509321402,91.87962520507084,272.6325177899612,154.31043437715098,116.88315895186389,2.0,6493.719084722889,9.708602998989889
9,395,118,112.52874576271186,92.55076694915256,71.73516779661017,196.35590204511598,69.27128010252714,349.37448769375175,2.077037276829803,916.2010814153773,4.900823059713098
9,396,797,188.72089962358845,80.31966712672521,56.619340025094104,250.64056368491993,110.57366498517617,158.7934476385614,2.0,5230.2313159988,8.941720909984793
9,397,581,185.717308141136,81.20873786574872,113.57443029259898,142.3312202258397,150.328293159737,181.7705228559009,2.180088201658365,26497.400125161745,20.269254716111806
9,398,223,80.41276995515693,91.01471569506725,69.77952511210762,298.90074416870544,135.6793680722747,150.68485626334802,2.0,1277.3378547540574,5.528344530281206
9,399,546,37.85905714285715,32.73859743589743,83.56294706959706,173.3761469173196,97.0969423499037,175.30125083033522,2.3475544132335067,19225.910804925003,17.27875998415595
9,400,230,156.94054347826085,55.448459130434784,107.93934999999999,35.0868974723406,138.58445691055968,234.15368797509666,2.4041660024241276,1517.5330425259783,5.753740473850715
10,1,747,24.43073155702811,132.09507764390898,89.99007081659974,146.67690683148618,119.8929729751871,316.15669381965296,2.3845472440157724,3478.3537835716356,7.859650051055081
10,2,1400,141.66715142857143,151.27820285714284,140.46721571428571,163.46979314330864,140.62174038189988,37.376674027728804,2.0,5324.758173994454,8.826293847841283
10,3,473,211.90142964059197,137.7291754756871,111.56715835095137,320.15022580260495,34.39927726649354,128.04101301808882,2.0,22360.356434414865,18.47921728513797
10,4,368,28.89240993127717,86.05608505434783,72.9052508152174,90.22887733371346,0.20340992144394,203.05949899285082,3.5672696882688557,27850.116469906076,27.315317649248026
10,5,889,22.899725486614173,51.52577502812149,92.95083678290214,130.83003614480944,104.57957318620413,272.92796154545255,2.0,53319.88486908363,27.596605274628548
10,6,552,105.22877101449276,50.30661576086956,119.95326920289854,169.33206431018633,23.57001706092349,119.77011355078663,2.942445797574595,24071.86268270859,23.38291257029428
10,7,472,18.333865090868642,84.64707648305085,68.3365625,86.92581173275813,73.70598243767483,327.3843413451061,2.0,18820.40120716067,18.8558770923226
10,8,302,178.90559933774836,131.9895629139073,96.01129370860927,128.90371083895164,16.807581888928198,102.02502656458257,2.0,1505.425042462245,5.734359304345362
10,9,683,143.53707320644213,96.34577774524159,78.24241449487553,35.437085891758244,142.6193773691028,178.80482855673193,2.0,1262038.1550179122,55.094127039141064
10,10,1242,191.8419533011272,105.03331892109502,64.8059194041868,348.8102659768592,161.14590530930928,83.23877609408802,2.0,4473.094898338852,8.32926818041113
10,11,549,166.2089781420765,115.83825355191256,91.20138032786885,170.40862435929083,170.93676355049695,200.7767975526562,2.0,2557.4846306357786,6.865598155153774
10,12,739,148.3749106901218,59.31000257104195,151.3753558863329,214.82363076164197,118.39546208170326,112.11577882973171,2.0,2942.64447957544,7.300004680905338
10,13,1123,12.930310823152272,125.97485609973286,55.26016322350846,214.05554824044629,123.77968283566432,47.60579128512842,2.0,20490.46565883312,17.506321190775278
10,14,2459,60.65619056527043,97.55778153721025,149.9032305815372,98.46186871676572,72.93669263072839,277.2711966692603,2.0,9947.053959660914,10.76677121852728
10,15,535,183.45697196261685,179.11435514018692,55.94149570093458,63.094295288172226,122.57824370076248,199.6291913212666,2.0,2921.6132337910053,7.1627667571071
10,16,483,94.63379394741202,161.18824016563147,44.977717184265,254.36809387908477,66.24222138710672,34.1921278226259,2.0629710523039844,40662.771995780524,41.210838317531575
10,17,336,134.92336785714286,155.46550386904764,156.37617172619048,111.25878881120077,21.746835956356055,316.88395903935077,2.0,411576.4944403215,40.31515058959226
10,18,149,209.27272483221475,182.4347852348993,169.71981342281876,275.05060961573713,156.32399050667638,188.83472011436018,2.0992688304396454,9276.125519881069,22.433047579965862
10,19,1113,196.0638176100629,69.90034447439353,181.75551123090747,143.1815355148844,3.741349435606298,8.81806962974894,2.013777142920765,4788.520197523371,8.557970967749194
10,20,888,108.20559245495495,110.49923412162163,183.5109497747748,13.163768909802611,122.61213434385736,144.8716273578943,2.0,5296.024297976069,8.909017512405656
10,21,219,183.57858447488587,141.15191780821917,97.47636392694065,23.780999027753957,66.50707576703084,121.9061158259539,2.0,3067.467450866613,7.312025103663544
10,22,332,193.76866867469877,84.58331054216868,47.31416024096386,86.35154451529677,134.85314442012472,12.742379819595318,2.0,14330.876712639632,18.02108606768323
10,23,1429,137.27726452064383,54.15882022393282,176.38323505948216,305.29673740173246,38.23577523104922,348.9807584858928,2.999336070516897,16554.781127919392,13.685236607705733
10,24,1015,43.67787507389163,39.33045773399015,128.35099014778325,248.96405285367996,33.285855120539466,142.47793566841156,2.0,15270.637503320826,14.364359988332888
10,25,1524,190.76087926509183,40.25002821522309,147.76936548556432,122.53629217803396,171.27860564847848,88.95446984566851,2.0,27729.580993796124,18.939032080666205
10,26,1191,109.44027380352645,47.19259983207389,143.5892359361881,42.362206005160196,162.4849281386714,308.5273104631374,2.1124002129965183,33244.020636117726,22.81153983122013
10,27,289,205.45150865051906,79.64369446366783,60.0830197231834,193.46158614722108,65.95685475004248,287.6406434387518,4.5,24549.628170417494,31.227534747971305
10,28,678,211.61553084070798,158.91524631268436,160.4724395280236,223.2833637536486,153.78796372250062,147.59230020784477,2.0,22414.78124898093,18.439690121429066
10,29,1872,106.46670363247864,83.53296116452991,87.36849519230769,252.60189500270772,111.79383683804572,155.72842080185399,2.0,7115.859840954315,9.709387293721978
10,30,2022,101.6106237388724,60.95306493570722,175.05264713155293,320.82300517271017,138.98757256382652,356.2953922690832,2.009695843751403,8480.801014987795,10.237566637400285
10,31,1442,128.97628848821083,66.06969063800277,41.19181442441054,136.57505946600045,31.25901090372507,54.971825695841474,2.0,6264.467141507022,9.376548142304593
10,32,275,35.7931490909091,66.50350472727271,171.78232363636363,323.62731438436845,100.63452992705174,350.540506028464,2.0,34166.1513528329,29.715400600662704
10,33,61,168.25122950819673,30.53943606557377,84.48343442622952,159.7107730965248,92.4911133297275,93.94670615936829,2.2110717682719074,791.616558034531,4.749896964168863
10,34,734,51.87890653950954,166.17837465940053,187.4140167574932,35.43228849559624,38.838336946793845,338.55053818836655,2.0,20093.741188473552,15.578805543319513
10,35,1186,83.44480674536257,169.95287605396288,60.683627655986506,343.34081935944226,175.24947493928437,243.355688575102,2.4653611885048545,5149.698120002138,8.811429791356788
10,36,1750,114.71865377142858,170.86245394285714,41.18107834285714,314.7640829998946,135.01073562306422,40.6465888635931,2.439431088665496,45420.6002088289,21.95210865876942
10,37,1056,160.1351818181818,154.70520738636367,102.0499331439394,75.28954477053855,86.73620380059955,88.46663927091491,2.1545586762027753,4210.560410253357,8.100960465778563
10,38,1178,175.16701612903225,61.586002716468585,142.6972521222411,200.58688171791738,163.65280743609986,197.41492059994138,2.0163458162857797,4775.208553991924,8.513648618657259
10,39,268,160.7891604477612,138.91823134328357,142.0646828358209,152.53734364891835,159.98877600886607,59.91902383550978,2.0,3079.148061258595,7.320553490938381
10,40,1590,152.03062025157232,43.49015748427673,146.04140949685535,146.035625840204,115.88223646245127,334.32709918570424,3.042377489959353,173822.14202089337,28.707216993205773
10,41,274,112.48529270072993,74.2933299270073,130.7344416058394,113.5637439748813,117.75810667986666,291.7289322238565,3.112679590293725,3282.4499935672106,7.553552935668825
10,42,624,102.77299182692309,33.70359086538462,170.26627564102563,80.81157146057973,179.50227700375913,40.09657410093692,2.0,8095.507354060479,10.233204456727355
10,43,667,47.996369715142436,131.73562818590702,84.07774422788606,141.93047694608805,147.58091388653884,2.2007432542140393,2.1773319222409344,4926.669843265427,8.615643893786647
10,44,298,56.39736644295303,61.43327583892618,33.337845973154366,298.16163815929093,110.72356474867772,301.33972401781364,2.0,9785.336381748995,11.876700347539412
10,45,869,174.794416570771,148.83203682393557,187.82336363636364,203.77654791061005,91.39276649374924,287.0661296359484,2.0,3929.6569699731454,8.339001191652969
10,46,627,60.15501371610845,116.91058022328548,40.96699984051036,190.46015231985288,38.04184062879899,149.5248047114029,2.4389532607914495,68176.33755867484,20.99134214537139
10,47,612,203.68895915032678,184.31673480392158,76.83298758169934,212.5901566896419,72.57625660313376,137.68112283210345,2.0,12468.465314873296,14.190018620033513
10,48,423,17.301240240425532,183.0153687943262,77.53674042553192,48.05466897281273,37.23774109879048,43.66303929889653,2.0,13800.05927629714,21.016813248169942
10,49,1298,10.245733900308167,63.56978751926041,102.98934183359015,295.3903388639435,155.6041207676783,79.42313871754442,2.0,10870.959034005364,11.919196222481071
10,50,411,67.28705158150852,49.56865863746958,180.4813722627737,285.99777472533776,95.98186955365207,282.73525400897023,2.0,28338.617514954607,24.76720523302914
10,51,443,22.47970408577878,157.76956433408574,175.27802663656885,5.804120860129518,72.42334298373783,73.90126147107487,2.0,17656.772302798003,20.030250612337152
10,52,278,180.03189928057554,133.87896402877698,178.4638129496403,60.88330455902226,158.63383826928492,263.7702893566327,3.0654732604275003,1294.270116631419,5.663400215628187
10,53,475,13.743009255789474,183.5904307368421,172.8472736842105,98.80674567689604,124.89618974566821,69.12962895149133,2.0,93434.70125508933,26.735994922146052
10,54,694,68.60189582132566,47.830426512968295,59.37632161383285,5.852777877512372,47.673212252293624,219.9538880018583,2.0,33792.539141606765,24.292022600444866
10,55,595,148.57583697478992,122.43447394957984,145.7009630252101,10.349548107151598,68.3989281681897,148.36671266037845,2.0,2861.637089074556,7.211731501017122
10,56,968,171.9580671487603,179.3426708677686,143.58897004132234,252.7414580310935,175.5924814806606,1.0129152386971851,2.0,5217.326044982914,8.80446076228137
10,57,1463,96.18111879699248,107.34376459330143,42.02468202323992,296.3166333666342,42.532343951145585,123.10009769084675,2.0,6787.682815968726,9.543946894974658
10,58,733,75.9034315143247,173.79582455661665,136.69819236016372,35.85569675668615,75.3010211312769,331.772880707607,2.0,28050.13443825422,23.218496611190517
10,59,1255,101.78053569721115,170.81714422310756,93.41303968127491,128.7880085809782,112.90546938833731,223.8388558812463,2.0,6455.863394230152,9.32224869208205
10,60,1045,125.99629090909092,144.44375215311007,112.75921741626794,31.875650277435884,21.296642350042625,150.86128301795725,2.0,4172.723644582766,8.067459185541347
10,61,124,212.11362580645164,51.37383548387098,164.32355645161292,352.4404531184625,78.59409367005283,117.81108186891846,2.0,2352.925314400973,9.489235629481824
10,62,1143,63.22517909011373,148.49104549431323,56.817974890638666,69.21288980414052,10.88561381343165,40.21523721964535,3.1239723932893315,5376.899694450495,9.133069786768475
10,63,959,96.18663263816475,120.66171188738268,82.12665026068821,131.19418828736318,176.3007424523061,334.46110259062533,2.140062693157499,4118.4710346291795,8.016530488870579
10,64,506,50.936326679841905,111.91690415019764,186.01377727272728,119.66977519712674,174.69272450040455,176.7378551325459,3.303956028802846,6484.622604147515,10.313572781487677
10,65,677,9.843359800059083,73.84419069423929,158.71411521418023,222.50816903730833,153.60385210981352,305.72444918369075,2.0,6377.833435940462,10.17634890292671
10,66,848,206.8685825471698,172.10040212264153,153.44696933962265,227.37635144674064,72.85046737768793,179.90484040675454,2.0,3957.595027412052,7.909624625460974
10,67,554,65.37085342960289,85.30184945848376,34.24521317689531,5.123517463779694,178.6862985697533,184.35079281831972,2.38917743448423,7460.0109538469005,10.010185965745345
10,68,407,41.653158476658476,99.233085995086,52.82262383292383,73.3260066256093,123.60009760098367,142.983541625047,2.189673930134938,2916.0135201396147,7.617339008487018
10,69,176,211.0319034090909,72.41602329545455,164.9289034090909,153.88539916598646,153.9301123498682,56.415107407885344,2.0,1463.6742152758973,5.716264565797612
10,70,288,173.0677810503472,43.54310208333333,161.81009027777776,46.92407714231047,159.78420270483267,202.48090469238906,2.0,214395.78749074423,48.50728291478498
10,71,900,90.54846350377778,178.85896655555555,69.5436398888889,340.3560186718966,103.35873059244985,355.5760026519575,2.0,979768.4760838101,58.1125835066096
10,72,1221,135.7369336609337,131.78967403767405,55.52425495495496,284.52318932412254,51.74517642697381,74.39693224408862,2.941128555779672,4977.692006218375,8.59565836714311
10,73,544,133.38240808823528,46.36424742647059,140.84797426470587,44.10395850212895,48.44118068881323,144.8000092401037,2.0,2522.9666217692547,6.818244199130141
10,74,929,57.254117115177614,150.01277610333693,166.06019590958022,258.6233529809511,82.51370946912674,337.3903775328291,2.0,4568.757158264132,8.362950018873633
10,75,1244,194.1093963022508,131.56506109324758,112.00550168810288,318.99677555440894,91.2915094085553,341.928101642259,2.0,6856.558693356749,9.509587193724437
10,76,1235,173.10715708502025,148.421779757085,164.4160008097166,343.2508184107318,166.10176488685278,76.02855325581884,2.0,4585.317169082788,8.337066690174806
10,77,52,212.3297555769231,179.8407884615385,181.53840769230766,60.48316799486025,113.99691204503762,350.75840170745994,2.0,52155.053626591354,27.31459118311369
10,78,736,140.72838179347826,165.89576222826088,89.09907663043478,143.9903101669316,43.99221065904088,53.711297208576866,2.0,3904.6908427157887,8.111039033397288
10,79,271,201.52929889298895,62.75276937269372,78.77802509225091,115.24821868786835,108.83648043180325,107.4216810829593,2.7417146274621294,19682.773335574962,27.439731041618785
10,80,562,170.17648398576515,155.32810142348754,87.09544323843416,296.95102290018957,17.123839358194097,282.1796848570359,2.0,2964.428919688153,7.359082139017844
10,81,1383,102.4405428054953,148.59088647866955,54.823940347071584,345.37397968165357,99.23876364021099,232.0301945234191,4.5,7518.389012458391,10.013462321833712
10,82,1158,165.5722219343696,38.34555552677029,64.55412227979274,197.11422514369468,98.5324196810818,20.24121359590663,2.0,5282.456874893735,8.730963386928293
10,83,197,36.21272182741117,154.63043654822337,34.9748228426396,292.9040136437642,171.42182408267868,195.62966102486683,2.4506819266304496,13716.73555368623,17.364715495805516
10,84,77,83.47263376623378,67.66292467532467,37.280557142857134,256.1280433251986,122.68347689014928,285.54781657357,2.0,89145.04918733788,35.22976488183301
10,85,2747,44.37726436112122,112.06206192209683,122.6782338187113,281.52771138429426,98.94124052408837,97.94885500254395,2.0,213511.69807174042,40.058369677912445
10,86,405,202.26134320987654,96.97473802469135,35.15673259259259,28.04115613488539,111.63145695412362,121.79913505621214,2.0,13120.928515225101,15.58834686604517
10,87,1415,205.0235624169611,107.0823896819788,45.61750572438163,278.69247071949434,100.42465534174293,316.7582318196201,2.0,24787.095908115745,19.593569313648995
10,88,301,167.9132558139535,128.41117275747507,59.253252159468445,262.4499563568395,76.04126077717629,246.56439899076784,4.5,2315.235049657613,6.628037236957522
10,89,1309,21.258082353705117,172.29843239113828,160.95445683728036,67.66727202433599,160.86501032405513,1.4888715920162765,2.0,5065.519830385594,8.626385992146053
10,90,411,114.13329245742094,82.3538807785888,172.50031386861315,190.7567922220077,16.666163341661985,272.1118075842591,2.3746646298045024,2380.5690635662286,6.730725763184502
10,91,326,167.07842331288342,92.04641104294478,31.307073926380365,37.781600702261244,119.18479816503425,118.46171130970642,2.1746060168252517,5277.696238246967,9.340686571589128
10,92,1244,64.95931832797427,86.40113456591641,69.87060844051446,71.58893541054782,82.64352520965201,169.91289571327366,2.0,6612.004319894242,9.430511201743363
10,93,2019,138.50357553244183,128.04525210500248,85.28618850916294,73.88336964406768,159.68592174899678,266.58735689919627,2.344227926077512,7166.811239209777,9.653714221018143
10,94,76,188.2185263157895,64.46064605263159,41.96173552631579,178.65406973116578,96.86770052395663,6.912077808066188,2.0,30644.086696730825,22.576935121662157
10,95,1053,41.507462326685655,167.59079867046535,116.41742659069325,44.600427723325254,130.65141985868573,182.62937693383395,2.0,6915.439579467202,9.532162744346648
10,96,239,139.45962343096232,169.03186652719666,87.74487071129707,306.87298362241785,29.340693952196414,232.12914433538361,2.1055814512141513,31701.526948096416,26.255248069078785
10,97,1369,171.3092134093791,140.9029926953981,53.999632724616504,225.99996699531386,152.15601774454765,219.86138858311696,2.0,127551.99197928637,36.67828253798826
10,98,428,126.18693200934581,79.32325747663552,139.7996635514019,246.18354593294305,1.9843562537261672,191.55757091250334,2.0,3620.873067268548,8.087110078238394
10,99,265,128.20077735849054,67.2199728301887,124.48844150943398,129.7481563680878,168.99172955401139,348.7574290165764,2.427923606152699,26155.782788655328,29.420406768703884
10,100,754,195.777629464191,54.29773633952255,124.1431274535809,218.40485431862544,12.55144877283964,258.5800018056095,3.7047087439313033,189181.1147111396,43.226376088164926
10,101,307,57.40892377850163,58.263854071661235,167.05006514657978,122.23067099141674,74.06969494387498,119.12482679566308,3.5319848853583093,1900.8040085028115,6.272802316896191
10,102,255,166.56835686274508,38.21597529411765,111.10799725490195,164.14124200209136,122.17606006889558,281.49318034349596,2.0,2135.550631181138,6.539511465156264
10,103,744,158.24954838709675,159.56513978494624,124.43389247311829,263.8428449440471,100.90113855380264,290.4455747014529,2.0,5193.553387140912,8.714841308370161
10,104,851,81.6076027027027,131.5539400705053,109.37408801410105,338.25615633611943,41.284813655710444,112.93821123484521,2.0,3033.6971365675486,7.345166378966965
10,105,528,191.3191350719697,150.0570871212121,181.44914015151514,274.48922360042576,146.6559377027267,11.690137981104947,2.0,26269.118882375238,28.124972848748843
10,106,425,22.862020084705883,96.4310948235294,60.167587058823536,66.30520732494581,86.88202707256148,143.1727090807467,2.0,4042.568114878795,8.197973262227421
10,107,368,167.38251358695652,127.89633695652174,187.51925244565217,148.84898792475113,174.76615009691236,251.40984461578694,2.0,11992.186974142434,13.90968629379922
10,108,774,102.43508475452197,47.27090258397933,116.0909830749354,20.482513922063635,89.24359345281223,2.3469667364560287,2.0,19007.09569625758,15.792165981441123
10,109,695,19.85166593374101,173.40155395683453,150.60189208633093,352.8777199366976,128.42423720064644,174.20711316769788,2.008999777542017,39684.640792584345,27.17634199384156
10,110,1877,142.17744112946193,140.22382898241878,171.6188231220032,184.07304983976937,106.19405742972668,297.38488024704833,2.0,6157.92734732122,9.17153884929659
10,111,835,204.2889988023952,127.44685748502995,160.03447904191617,305.93274296301627,28.225440287824814,49.056129027926254,2.2007829991073184,5871.273977166476,9.239970042874091
10,112,358,74.6635061452514,33.07521983240223,144.37465921787708,58.14129789709451,128.44175328909037,311.8513893755868,2.215854192481276,9929.595993264118,11.595918401946085
10,113,802,46.37795598503742,185.08517082294262,44.608293765586026,6.868296508962333,79.95454122187697,281.5481663192758,2.0,20454.328565883006,20.75332018221294
10,114,852,29.120282277230046,167.54322276995305,107.82558767605636,232.02754516419762,15.654192579454358,189.65846615441092,2.0,238642.53404465047,39.85247686401242
10,115,890,167.97268764044944,66.6101593258427,117.05021876404494,174.42310516502613,133.53858215648302,212.69119517214085,2.0,4429.217168425993,8.217827271758964
10,116,941,201.60858221041448,131.75689904357066,81.16213326248672,275.27827740247443,120.38840048573016,35.322413248779064,2.0,8647.230701839666,11.688531564774385
10,117,1043,197.5792818791946,59.83318648130393,71.60710038350912,298.8186844450809,115.34158322080415,263.7972805182232,2.1851384563324903,31506.33703304071,16.04741992419082
10,118,890,198.76327034831462,77.95959674157304,158.79546067415734,7.11726037219103,176.0541996913085,189.60580760053466,2.4068961515340663,5483.026215517355,9.237026960479271
10,119,645,8.035541456124031,105.99429829457365,55.046681860465114,78.3114229510577,73.68397081028282,12.1310166359679,2.0,8917.588666262667,11.436305230551449
10,120,868,67.40309308755761,103.6756267281106,178.56340668202762,184.312736633053,121.34321145266914,196.65146299008106,2.0,3647.471789393169,7.744151496202737
10,121,1164,166.60413487972508,89.58456262886598,114.72546099656358,274.2781657558392,153.88027151988646,151.20378873492484,2.229230159139035,4632.462751933933,8.492326934201985
10,122,132,59.033725,131.47822727272728,186.0883939393939,10.981534420090737,44.02792394683936,193.9335447213061,2.0,3891.926619844798,8.992555446140862
10,123,271,88.74758671586714,35.5569889298893,58.66251070110701,252.2765371688785,68.52806798738582,238.642418884264,3.5578587952807683,124060.7115187522,36.92911704450879
10,124,805,21.771590332919256,119.92473130434783,166.33924596273292,87.48869787797854,124.9008618338218,238.29261671063435,2.0,40841.52829992145,26.564533287874344
10,125,1200,50.15728621021667,127.10049041666667,121.90801641666667,141.3972687528699,36.042026103913315,306.34313012695134,2.114366965171739,961387.2819858631,51.81980926489401
10,126,127,29.976581102362207,186.54970000000003,170.3670354330709,58.614865711564654,74.65225395314327,83.9857993600862,2.0,62733.864760876015,28.29106378217918
10,127,369,194.17469376693768,84.04053360433603,70.2399460704607,138.52643972834005,173.7948843784612,163.98737880775266,2.155686741803477,2071.2615598530456,6.386062358384169
10,128,506,152.5664604743083,164.00147055335967,164.42094861660078,164.04272791831823,39.67846684478392,167.31441555440227,2.7581656620945476,30070.100836271657,26.784142888463506
10,129,64,124.51635625,65.0713609375,118.93226874999999,121.0200458500977,134.07108033477812,107.33494551388156,2.120233402996591,992197.8112709004,54.79024856512
10,130,667,110.56276589812593,78.84855967016492,141.75882098950524,154.3989333422589,158.7005040999693,242.51367523106433,2.0,2187594.5093204565,71.79214779676053
10,131,735,96.95127768707485,120.37826244897961,63.114110476190476,27.89179345067307,145.9030132106745,300.04464518388016,2.0,58319.33636819166,30.185594002970635
10,132,539,136.4455361781076,145.28527272727274,113.29859220779221,116.04927591301299,170.51463138117134,198.236938718367,2.614083745654138,7612.1180994628685,10.079935042185207
10,133,64,133.7416484375,112.4373390625,172.6855,312.06607806411284,144.4358670263853,81.02632650703457,2.0,307538.8953181418,67.68960213323363
10,134,1058,101.25036805686199,79.65304990548204,90.4337550094518,7.400268805890864,59.280947564655385,4.166661392068107,2.0,175691.45859059188,44.78811641608399
10,135,722,20.065929024515235,53.98101855955679,179.43602770083103,204.50602453218883,6.7259177158112955,229.49986323903798,2.0,3474.918793368627,7.865510008303449
10,136,889,22.89106599550056,96.22502913385827,176.3225201349831,168.7919157194917,36.318998748345244,305.80247155858814,4.5,4647.429672685663,8.448129106414966
10,137,291,55.67815154639175,135.48856735395188,160.86836769759446,228.35816482967238,16.895459202727974,305.8840875357979,2.1437011361626266,25016.97746781457,31.63040328898551
10,138,1145,176.1856253275109,180.5154847161572,36.366391266375544,89.70340907516992,11.682706880031642,162.3458472987288,2.0,6136.673277974283,9.40125716155543
10,139,270,92.75493962962963,37.49464925925926,164.2851777777778,302.4160826958828,98.9993979958046,228.63448594250545,4.142148374362019,5599.422470625456,12.04109973824558
10,140,681,86.10454992657856,97.04896138032306,91.68651967694566,319.75953846184996,17.281855403302853,357.887527963631,2.291239903968619,4298.845670734723,8.332529117503846
10,141,387,107.37124005167956,60.65904677002584,56.09896434108528,324.6294326634425,157.59782633497073,96.58914281370375,2.0,5302.179335058308,9.152506744346761
10,142,732,168.3578961748634,60.48770901639344,184.4921088797814,352.9296775674043,176.33531623122724,15.656700884562117,2.096176950927544,24918.152233903656,16.9883335111159
10,143,793,197.8539974779319,103.79343556116017,97.49141992433795,21.557842756611873,169.2799656599181,180.88975379014624,2.0,4861.938046746944,8.823823930571852
10,144,1460,133.36170890410958,51.17299205479451,83.99413356164384,158.2816879312591,32.770221127933695,36.81295093419115,2.0,6020.916234268942,9.310473304520167
10,145,956,142.7609769874477,130.64669979079497,43.51348493723849,148.63606439072927,63.86951404585865,88.3612718561373,2.636023367736901,31891.564087867162,21.51388998427409
10,146,1059,18.251762078659112,141.31834560906515,166.72086185080263,197.8536138463609,95.9111162480427,100.2956345308327,2.0,175793.37179170616,37.606032697078426
10,147,947,164.2482787750792,76.67214361140442,70.73176335797255,28.300301240980986,62.98110713113284,246.38263633805795,2.0,5031.567048498112,8.939043591525794
10,148,80,90.669845,131.798025,167.62910000000002,100.9669166849863,148.00567246577123,60.611898782338386,2.0,3698.9691003770504,7.864727043437905
10,149,166,151.84321084337347,43.31679337349398,136.4247951807229,310.59021130034597,31.006067889591957,318.3985879840349,2.0,1054.020838318652,5.140026897733473
10,150,757,196.31552536327607,43.76248996036988,120.11033989431968,37.06090019246727,72.50890730211204,298.6226859516356,2.0,68861.06337089757,23.616855872496696
10,151,984,152.6219786585366,64.75585345528455,174.64947154471545,57.207635537108175,118.16002993399084,231.32195893356027,2.0,4818.334996562875,8.531365483288562
10,152,941,30.99542924548353,182.01160361317747,88.5112012752391,95.50729048858757,97.52493848770555,92.35748344491411,2.3220789931369974,3300.383102746984,7.547991478595715
10,153,1155,46.57087593073593,37.43417601731601,73.8765929004329,115.80833328860584,22.356425101478973,102.79153793063166,2.0,4976.083029429428,8.601130570804887
10,154,604,67.50005397350994,47.351342715231795,179.5485132450331,60.54302797375838,33.09935560799318,151.52471085756068,2.0,4399.345029406764,8.28826331053258
10,155,1023,117.1202284457478,115.6245760508309,149.6592961876833,201.16404479040796,54.20878114165397,346.3820726678732,2.104642859887201,4654.067030331654,8.353318291897944
10,156,876,198.28090182648404,58.53392602739727,41.804893493150686,124.2136572483242,119.70973476882999,294.70447140817333,2.6966995708745207,33229.541761528635,27.020465935087014
10,157,694,133.52616138328528,103.35513371757926,116.77535734870317,79.61226864069398,41.55921911061595,261.4795502799181,2.0,4543.955468363912,8.895010235563765
10,158,1830,92.19977841530056,64.95456147540983,106.40401606557377,326.5026386136454,114.9768314173964,105.59872002045873,2.0,7396.015475446709,9.787462833483444
10,159,359,15.742182467966574,184.54194651810585,177.3314512534819,340.4279922029394,170.8645841701647,324.25930883125534,2.0,22844.70813718967,16.04902244784101
10,160,918,206.58171706971677,54.44508148148148,147.62778649237475,286.65480874769486,22.77793587519242,36.970035961057405,4.096194692387688,14854.140981438008,15.53625403730097
10,161,627,198.71727751196173,191.00958468899523,151.70510845295055,321.3508022423679,137.93472924164203,215.19796886330926,3.229085064416379,12307.205353755762,12.081199617792606
10,162,329,142.77284498480245,88.69413525835866,113.81696717325228,96.62688871998705,5.769225916210083,228.80684824216198,2.0,2105.6089345176206,6.581666152640836
10,163,116,122.30260344827587,51.739850000000004,127.93288793103449,278.5998478460898,98.60520408917348,52.22753571464483,2.6402456455781516,12583.758555596469,23.767030903409175
10,164,927,172.04897087378643,151.86400399137003,158.89983117583603,14.776145176329475,143.59424634828972,190.6871548341584,2.2560301360082526,408888.44360771275,42.41939485886956
10,165,874,13.905447286155605,167.90768993135012,75.6542281464531,82.24982525392981,121.2422529702175,132.8691881919873,3.3973626581970024,4430.694217364101,8.567000178675825
10,166,70,171.25632857142858,137.23940000000002,166.85424000000003,111.86706459989956,49.37849095723517,107.1245010931614,2.0,18423.159613915697,20.269123708850305
10,167,1208,88.01174619205298,167.2692871688742,85.18576738410597,255.85682938417565,29.542150127387853,305.3142108854394,2.0,574126.1025845413,45.26173618844968
10,168,272,65.03652720588235,57.05057977941176,60.933391911764694,188.189177843622,121.37680283728207,227.71149688231188,2.0,3133.608621915424,7.560069449252371
10,169,599,116.29177646076796,35.98341185308848,46.97334273789649,41.98552055096516,64.57041881143235,354.7714681188977,2.0,119114.01927103364,30.629179448294252
10,170,265,47.112386037735845,35.10823471698113,34.75705433962264,172.52488339491455,102.41984986936896,216.4751856200839,2.0,42512.11486017633,21.644495089198802
10,171,375,79.097301344,68.15661493333334,174.27330773333333,287.7941761887867,77.5011860771376,292.7965719481535,2.0,742882.2734904534,51.924666380123085
10,172,1354,116.30805339734121,90.78652304283604,156.2800413589365,64.21930903836602,170.36418921253215,247.69992467478878,2.198436240192241,6718.808994451538,9.63158368335228
10,173,376,71.67295744680851,37.61043031914894,181.36421276595746,154.04121927859345,161.8952036506337,143.6996626370643,2.1753162058036026,14360.35161834923,13.52279899226867
10,174,3010,44.86667627906977,108.22336820598007,116.22189328903656,59.65093170892458,53.006705342150575,13.456498147255228,2.0,10166.689600560718,10.884914898178671
10,175,986,40.625081440162276,166.41950304259635,178.9121967545639,157.04872560310747,70.4841217443991,296.73321166775344,4.5,4549.579819558156,8.348891189458964
10,176,753,101.87506786188581,185.02606507304114,135.88152722443562,97.13804837809877,177.08452374068995,210.23013715863453,2.0,14841.450160748816,14.0715273902655
10,177,433,44.725848729792155,185.47257090069286,89.33581639722865,69.42360207421581,94.3340179741949,50.6628278315946,2.0,26538.25319506467,18.850855977988157
10,178,674,87.82101854599406,54.57488278931751,148.08017804154304,292.7046856083047,5.499104433665989,293.529551130467,2.0,5066.102427885339,8.6556349445886
10,179,287,185.0490288850174,79.8959975609756,172.1095574912892,302.3636813226865,113.15725566538715,63.294821974438136,2.71701725854639,23917.144219919,30.76018259466441
10,180,841,50.46324102259215,185.8967840665874,46.90880035671819,318.69408539745046,10.798252231297724,314.93198716565234,2.081241684884061,7036.94105203088,9.805869210137217
10,181,658,97.30690835866261,146.01444984802433,87.49032310030395,180.01439997275796,158.78332522087285,54.53287312778265,2.0,3709.2290931233715,7.845281040290652
10,182,44,89.6703223409091,190.41753181818183,39.3582659090909,3.466760881643376,98.09660506998242,121.50511451335456,2.0,101633.00763291621,48.0547922802378
10,183,300,52.593406333333334,156.13707666666667,92.65900433333333,249.3552281656865,56.80385228147466,350.4873695325608,2.0,1673.742620836942,6.054093338342053
10,184,553,91.87007721518987,126.82620253164559,179.1613327305606,286.2491377752873,104.48077618817253,223.4699719136367,2.3912917894521146,2936.4998527359658,7.206998870836571
10,185,807,189.36470879801735,73.0119600991326,90.61876443618341,47.93292560276346,90.85061759554226,71.06769333337921,2.0,4147.054384484121,8.206634527868095
10,186,869,116.35993716915995,175.0516516685846,109.95748550057537,302.7861861325072,179.95043646466232,28.35465980758063,2.478144344544788,18341.912245063777,17.100273283308272
10,187,470,183.83702870425532,61.43291,174.18325106382977,63.01022492231182,89.36561965916789,104.8029075915363,2.579419294210109,30721.337869264484,31.69254056886108
10,188,362,161.3658812154696,48.0504226519337,115.28907845303867,137.90807771308718,110.87191036129893,105.80530873140594,2.0,2585.0741341234,7.014025628449762
10,189,1089,159.96900459136822,59.470600459136826,54.188382828282826,326.0990389518654,173.06314192632863,78.08080126640067,2.0,4880.322513644744,8.729956159009589
10,190,314,77.2011229299363,44.52211050955414,168.71076751592358,203.89268334213418,88.49360177613457,49.79766488309471,2.0,9710.764497430968,15.615762873240334
10,191,155,19.295519645161292,153.72401290322583,97.98808258064516,307.13496715168293,76.65559723132586,300.0063211487582,2.0,1593.4991573446557,5.9269260397810255
10,192,62,142.0217903225806,51.60989193548387,138.57737096774196,115.60523709220847,76.10447579941417,338.55469246920103,2.8416462414690304,2576.496690259961,7.129212492533431
10,193,970,120.60369402061855,164.98685154639173,84.9026762886598,202.9524825762901,119.05271601190414,351.9959342061853,2.0,5723.697538144525,8.987408708855838
10,194,585,26.77532223931624,181.76948273504274,184.55099863247864,68.03622215024403,110.85544246598299,152.4369239480523,2.0,30188.665428244065,19.384053153667537
10,195,726,36.4527826446281,123.11624104683196,173.84940771349864,44.94866304998722,7.9903829645142865,356.0505079675573,2.0,4286.649994915393,8.24923690012342
10,196,1392,206.14888233477015,153.1032751436782,70.52732011494254,200.5108796028816,161.90074050070433,101.35062406344962,2.0,7373.948820337463,9.86779543463614
10,197,1043,207.08904026845636,64.00668370086291,88.53719079578141,200.78317053467632,14.444407349411383,210.01094305011443,2.0,6349.815265196422,9.383096679370306
10,198,1732,145.3192407621247,71.95233239030023,93.3800480369515,340.00075803088885,153.21256031078832,149.9783384745372,2.0,6360.961919056649,9.45226489763077
10,199,1184,11.204456518581082,45.394356081081085,85.65333682432433,266.0748999724967,70.66883980964266,77.34490872229223,3.648594212363416,17529.468360269064,14.629738774747599
10,200,906,12.515527651269315,127.13777615894041,34.13904105960265,14.29167140779442,34.86709281391192,201.98926283209545,2.0,12739.590843384685,12.119484153333902
10,201,1585,86.97763123028392,113.94732082018928,128.17024353312303,231.76998391612264,71.56796127309629,51.83701554310363,2.0,7431.419486362754,9.793595020950209
10,202,699,179.9667138769671,102.27333161659513,32.1711477825465,257.50864341866674,132.71219314491185,35.13687520366035,2.0,7275.024437502292,10.027695847621997
10,203,819,128.4997376068376,36.232271184371186,62.70541159951159,173.07140864712017,1.236999963887897,241.01047806131086,2.0,12499.246961986068,12.410021838245825
10,204,508,184.69010039370082,117.35948031496063,98.25556181102363,208.4290189472436,141.7000333992004,226.14462973707163,2.0,3252.154783240066,7.594019698484395
10,205,824,165.95156432038831,96.62995728155339,69.38761322815533,252.53498145156115,11.817999325446012,154.26108459915872,2.0,4943.0101368579335,8.590028195430728
10,206,945,114.4048344973545,131.52781058201057,183.22873312169312,340.4496458657604,102.13158781547718,148.14734284509535,2.0,4567.969227381014,8.386438141261378
10,207,1725,135.37024380869565,99.74560805797101,87.76604498550725,206.53291465170923,42.942939848672516,119.26606645521153,3.9677423879884453,981438.2381341279,52.57092904187609
10,208,1429,45.62233149055284,106.67360706787963,39.663149405178444,50.826971690193105,44.78903211357881,294.9884142998788,2.0,26239.274615352348,18.167349629725248
10,209,764,34.06443285602094,173.19990170157064,43.01705981675393,42.35055986895898,5.833975564154423,334.41797563843465,2.0,152568.71934502304,39.60872558223195
10,210,1566,131.35750446998722,182.25844827586207,157.62320945083013,282.2626311664083,82.14504585246476,126.09107629034902,2.0,5865.903992334403,9.144380802884756
10,211,2100,23.893873334661905,75.24860676190475,131.77344857142856,11.314841634949833,113.87432284079607,350.5418929535605,2.0,18786.8016168585,14.529374597441281
10,212,2178,80.71112736455463,153.60213957759413,158.0091408631772,329.71050915574386,80.77766321510585,257.18020354238786,2.0,54769.55108294378,28.35418145470989
10,213,1478,51.715975710419485,143.34520297699595,42.35462219215156,211.5668839646241,81.72128208479722,227.82387639531674,2.0,7363.017599480087,9.81102198866324
10,214,541,28.746148706099817,46.93075988909427,176.87841035120147,294.69242412372677,120.89045987674035,116.70792845829031,2.0,33785.73913481978,24.03418613100543
10,215,441,198.04548299319725,113.7018163265306,152.44336734693877,340.8863858329504,172.44693123000238,251.3807529913128,2.1858841142154066,2311.2003472233246,6.808801980736725
10,216,354,216.27416949152547,169.8249347457627,99.25369745762713,354.84396199429943,165.7486354450692,224.55917344107914,4.229739542461931,21901.932700352023,24.78600163272535
10,217,1673,96.4692588164973,151.31658278541542,162.25528451882846,61.159504626867,30.527858434597434,4.0230796229626,2.0,7116.731123995874,9.787549751456082
10,218,174,138.97071264367818,34.1807908045977,123.86733333333333,228.90227025178828,59.35269291439592,239.48257094352968,2.5669421023579577,1737.4267642860573,6.053078870467528
10,219,368,187.94303260869563,69.68765298913044,52.84985,163.08148163970276,127.38436566719149,3.5500624417932913,2.0,35982.398581234855,26.396055501722525
10,220,633,149.27393048973144,111.76449447077407,112.71055292259084,267.25685598861895,45.867342781227144,128.9721133465513,2.0,3547.596440714129,8.17029265663282
10,221,351,191.06851566951568,159.45297720797723,176.1977378917379,247.63855879348975,66.75211820134285,35.96384407597714,2.0,2299.323306658325,6.738612629341911
10,222,454,206.0708378414097,84.15187268722467,57.22239625550662,136.6069077379821,35.55786000319337,330.9507150142124,3.0490590704680973,5014.099024307725,9.134649605022057
10,223,852,64.32270117370892,60.90561678403756,63.49928415492958,182.054606044989,142.61042493784745,356.37208907509915,2.17106036772083,5005.380147324646,8.661568846498119
10,224,671,42.34882533532042,68.24748777943368,54.30134694485842,162.56243437039336,30.407500448945225,37.57740205499711,2.0,32975.81657908028,26.425131852243627
10,225,518,24.545187046332046,157.15796332046332,149.9916563706564,226.66552575485028,61.43246655608582,172.74201639873993,2.0,6479.7365574234855,9.504135041554349
10,226,360,146.52543333333335,165.92400555555557,78.05201194444444,23.5512422990687,153.1322604595181,336.4053666637465,2.0,3617.729377710684,8.144181436394843
10,227,286,196.3353671328671,155.75976573426576,184.89368916083916,124.32937976503506,163.66848192981692,246.5793814789222,2.0,10631.082061466605,12.922759454018156
10,228,734,165.62533787465938,167.7529234332425,57.9335121253406,24.228440614764324,100.14474121764137,230.19602962968602,2.0,32771.67269869718,25.24693780080939
10,229,1533,133.09947129810828,141.48058134377038,125.92866614481409,24.92210234471806,68.12887544719925,15.76495800518006,2.0,2029435.2669910002,63.66180812619738
10,230,508,185.2758779527559,156.01949606299212,95.86596397637796,154.75460823321347,23.27250907569428,225.15791188688732,2.0,3097.600641676091,7.6379989954922465
10,231,16,58.480731250000005,175.361575,39.067475,124.88349311192384,98.50752944193549,50.418275538893624,2.0,13751.189635104087,23.70144568248604
10,232,454,181.39554845814976,120.33628634361233,159.6208850220264,182.34280924172063,106.94987843087225,97.05030811919877,2.0,34342.5642704898,27.945392048741965
10,233,895,79.54948413407821,114.48748860335195,98.87156905027933,34.633267365952925,0.08287854152246865,125.70685155923947,2.0306789423974307,4741.9521423533815,8.574906050475724
10,234,387,69.1467299741602,47.348071059431525,103.34763565891474,39.457657774053686,70.87176468384007,144.06416918761127,2.0,2945.6671710379674,7.25928309296975
10,235,1659,111.90335153707053,104.7885791440627,67.3523395418927,149.01079106876543,126.34645736681692,359.95687745941973,2.0844596744498545,6431.484652735955,9.483777373800324
10,236,1347,116.51479064587974,92.77162160356347,115.27275352635489,49.30211726000623,69.96365835626223,281.17646369241476,2.0,437530.11633390764,45.86016547108943
10,237,294,34.73042482993198,79.48737721088435,148.72139455782312,4.826194635017145,35.71284101251281,291.57855472350855,2.0,2353.2207673245102,6.858181632066049
10,238,339,110.6756831858407,59.91363156342184,115.29397669616519,81.70878381290426,137.9985504056007,11.158034413824387,2.0,3265.070604465628,7.504005473615375
10,239,61,150.88740983606556,43.93343770491805,114.23934098360657,284.9827917957888,179.75651303534877,234.91885475892758,2.0,1314.9515690982155,5.736984356399627
10,240,243,164.88265432098765,157.9933905349794,81.82242551440329,306.7075695075339,178.4726037956155,316.3935985804011,2.081241069519904,29070.379967241217,29.184821925032793
10,241,334,110.29395688622753,141.4970359281437,98.8840520958084,211.21216234418205,69.20644997330145,239.10191674668187,2.0,2482.440462873756,6.855595710262057
10,242,175,110.3416222857143,115.98865142857144,169.89424571428572,67.515323834503,143.13348940262608,6.224994781721165,2.0,1837.4023366996137,6.433681679416481
10,243,1242,194.9576610305958,168.01343961352654,92.23830499194847,173.4505732991592,130.73223460206836,88.66098167752193,2.0,5543.106373703806,8.961578370847493
10,244,223,149.8662466367713,114.24483139013454,136.9958116591928,90.21968202457774,37.268203181085184,218.71351604811613,2.0,3674.0935076427913,8.745116588597874
10,245,1353,74.51580139046563,139.9726509238729,159.0779534368071,146.49680677729376,177.32232574763077,171.80753634002912,2.0604833211799036,254796.7589220217,45.10566396523675
10,246,974,200.9223407063655,133.0794979466119,41.78547874743326,126.41864354525251,155.446317870657,77.18098173857534,2.0,180427.42389307148,35.483778910766155
10,247,2580,17.985410266868218,104.25283887596899,138.1797826744186,229.87375007355485,114.71459544467483,258.08586483336376,2.0,52742.04732039117,18.919622472282363
10,248,98,201.8297653061224,183.10597959183676,52.52108367346939,79.49571918983634,103.33651356380275,286.0678637502818,4.5,51270.45362841065,31.564793036805924
10,249,908,164.9856719603524,122.80975947136562,97.49423656387665,122.63795215305935,7.373507925154916,299.2642444409732,2.0,399145.11004362645,50.12333696812718
10,250,305,188.49175081967215,79.61433836065575,31.30289508196721,145.228414615539,80.99117973663837,347.92644740874596,3.645221068314848,8132.966970331896,11.92141009695608
10,251,1290,196.48890155038762,92.98424302325581,145.4888170542636,130.46322233820618,55.7951400884785,314.6836168873579,2.4856223908069808,4999.677498988867,8.607672249645567
10,252,81,66.11553086419754,114.36414814814816,66.58155679012346,93.23223907829312,132.9831588763725,310.8060706244121,4.5,1438.751657007979,5.789277292129575
10,253,438,13.297659048173516,165.24088561643836,59.86898607305936,71.42354275486205,132.87127546217647,170.07735723794667,2.0,129917.01301787647,37.60571025504466
10,254,505,37.84775886336634,170.35000158415843,34.030838613861384,123.5937609017716,93.47155336440446,65.5506349754641,2.0,246945.8438319884,35.414101816473014
10,255,984,19.38560333526423,65.08339969512194,173.4927787601626,18.330033412655542,70.26550817851813,216.97254676489652,2.0,67912.06215100992,27.7375606160789
10,256,239,62.36971422594142,38.101646443514646,37.657318828451885,13.187228419797616,66.76612498062643,96.69170386803825,2.0,60844.36170890878,26.274099104033922
10,257,1924,21.125022916403328,38.965573388773386,61.1252869022869,204.892782892838,26.09285750230985,210.55371283255377,2.0,44828.27478347082,19.047392961247706
10,258,150,185.94381333333334,79.08082066666667,149.71580666666665,271.3408553474449,91.49680804986085,27.336610013390548,2.053419939385376,2624.635159900097,7.467345911219948
10,259,799,98.48294997622028,153.0880602002503,67.15053404255319,252.86662366946865,143.02091171997535,137.86305016996636,2.0,705242.3940878934,53.97884767386125
10,260,654,66.13708975535168,135.65635779816515,90.18410840978592,134.04010502840092,90.0207359286109,273.83709529584263,2.5872523936369465,3331.132019971799,7.536639832703493
10,261,1216,63.81617088815789,181.89690180921053,77.14446389802633,245.5645420475736,77.90684275514405,197.4480939861273,2.0,6733.408666640658,9.536325915561468
10,262,780,157.12101410256412,50.99984012820513,73.92733858974358,255.86600389436052,30.64302203076614,169.49809372546588,2.0,4645.377734237482,8.376980383105435
10,263,812,96.12010444416504,165.15245197044334,83.72169692118227,15.13410603049305,2.5814288134706143,348.5937153114047,2.1495656661106746,729271.2728810702,65.38192642651337
10,264,1127,130.86178881987578,34.384460070984915,88.16942937000888,276.5088935333095,125.52134623398793,80.77467909929474,2.0,12937.332850087323,12.00129896455139
10,265,1207,18.192808063960236,143.07968848384425,118.2360025683513,15.872542580751311,45.630478173778,23.687618794779958,2.0,25816.48728621545,20.076494358823698
10,266,861,132.2993182346109,94.59516260162601,136.19257375145182,249.89325884126595,25.564979260131633,199.07020581711086,2.0052985206647023,4210.101795479026,8.466842079200783
10,267,187,9.53737883315508,166.43776470588236,61.13171764705882,234.5121080638632,83.1431190088969,273.4380110080375,2.288696677934167,7729.203352344317,16.52087865324516
10,268,450,170.20723555555554,164.98127533333334,175.75768000000002,228.20844318057792,26.356555416937585,36.32144373529057,2.0,133399.73110313583,34.962853204835035
10,269,1301,86.971457801691,164.25860415065335,121.77169331283628,302.257650082996,30.33294826314118,246.33318362125559,2.0095802918524943,6422.387259160646,9.340895463445394
10,270,1347,181.7048881959911,169.68228366740905,116.71908106904232,216.74644426074892,1.3051135225846289,119.88489877178242,2.1068599971278132,148367.4031348939,31.786613499318772
10,271,411,12.758092046228711,176.25598296836984,181.5604087591241,203.3185615574562,118.83619263658059,294.5048803288905,2.0,15438.375832284859,17.987507006927917
10,272,1710,64.84173883040937,92.36247807017544,105.72622654970759,169.31350655983465,62.40738029061325,168.50835969408658,2.607684007416143,8393.014889793323,10.179195186118257
10,273,573,133.13401221640487,74.69772268760909,58.90959493891798,297.8469879557144,105.44977696824114,178.8269084853375,3.629186545164698,4533.1674471562765,8.38781791197477
10,274,605,182.43541104132234,154.6866158677686,57.92508396694215,191.76483515908754,14.342157838998764,134.08771178882083,3.205561493226076,467051.90265410056,43.36739416238945
10,275,1007,81.44350635551142,48.961432969215494,112.7891335650447,117.06228826522408,49.155931115136475,92.28569609734727,2.0,24751.19419591247,22.08799808072985
10,276,36,186.8193888888889,102.35128611111111,159.95591111111108,267.33073756404997,74.17938296823168,221.9858834373984,2.6321638285125926,31843.047618451623,28.251687106416753
10,277,1872,19.33481473215812,127.35479471153846,123.26316597222223,81.00358992481333,111.31380800492212,345.49736004319686,2.0,19718.258332906968,15.224563029862425
10,278,529,26.198797448015124,159.9477315689981,96.85838374291116,30.210066143167534,83.26913079736025,141.46571947203918,2.0,3821.505785915086,8.16007403106079
10,279,2911,64.45061721058055,168.25349604946754,151.70337135005153,268.1925327219111,5.467167925974151,64.59308494427104,2.4397980855279764,10193.191547381557,10.861655207918659
10,280,860,94.46290813953487,135.31412767441861,154.37889767441862,86.35526699080613,146.5256970561057,264.41879907339893,2.080703232667916,36216.850556001475,31.467280437202433
10,281,463,47.234921382289414,42.02037343412527,183.60622246220302,71.03604029115435,149.47895828937686,76.13633596701627,2.113612828872965,46593.22828338651,21.72533736740347
10,282,645,50.9486792248062,104.75511534883721,86.46216403100777,79.31883712418333,17.932360048870347,279.34526641855643,2.0,5500.741822175728,9.331231107976366
10,283,1338,107.43139073243647,39.14006591928251,43.14510313901345,244.6594100357301,86.76098527605166,35.93322703089024,2.0,22094.540106257806,17.26970400441439
10,284,289,42.97232871972319,61.75349238754325,154.55734256055362,114.38055520305234,2.455533924690676,68.4943028241195,2.149471726084757,1680.4410072111593,6.269806574742063
10,285,405,61.248387901234565,124.73164197530865,186.84712345679011,154.26873574303158,77.48284520814039,129.3973565156815,4.5,2104.0294774656927,6.558387169759462
10,286,705,47.397001985815606,39.75285971631206,51.37777191489363,136.77625518193108,85.14893290330613,126.4202136760456,4.5,15977.511217360907,17.41323221278522
10,287,460,109.66958239130436,133.9331956521739,81.64857760869565,356.732299286003,60.52063376236912,321.0309651405509,2.0,3308.8062799715767,7.80261321758612
10,288,983,71.71569257375381,152.22281993896237,72.84331403865717,64.13324293001739,29.968167086544963,161.61955248172941,2.0,4577.256477110413,8.394715260745329
10,289,158,105.5874512658228,87.21701012658228,167.97770886075952,126.07734829010494,151.8782466585746,269.0424088924009,2.0,3089.142524160715,7.690404608360583
10,290,353,12.062967830311614,34.80266827195467,179.26795184135977,86.17014491273062,155.50270179824298,133.69259059990418,4.5,34226.703867235075,21.644052406440476
10,291,431,76.05337424593968,39.603587935034795,156.93801392111368,78.01447410674191,35.46045737405282,268.4832116513977,2.0,19483.81484744255,16.388850632627584
10,292,733,90.18723574351978,176.814275579809,135.71942837653478,149.0962294687007,151.6598775858796,239.218621450149,2.0,5031.529345160186,8.69520390088691
10,293,298,184.95874161073826,59.507352684563756,165.84212080536915,155.971569214909,178.33168721159316,168.12908355959866,2.13260434751069,2944.9710351748104,7.173296017083875
10,294,478,72.47481673640166,126.06397698744767,48.29199037656904,315.7566395410689,143.29088969698165,83.70389081421675,2.0,22940.975659455085,23.007887799706896
10,295,827,55.86363603385731,35.07525441354293,143.89591051995163,269.8092723467717,53.37465506561773,281.12146520312996,2.0,13484.087509353658,14.337026637863083
10,296,1524,12.11157513082021,175.49747112860894,121.29860203412075,67.9048850614883,79.71496531164492,30.664243009011003,2.0,13233.161854811342,13.146898495708484
10,297,838,173.61463603818615,81.13218591885442,175.63563341288784,213.28312882617803,69.7200726457704,2.3474849723220093,2.0,23830.949633580844,20.85858447826857
10,298,1060,31.924955349056603,176.68880235849056,60.25135792452831,80.05248233273777,179.89126707042135,91.70040465749238,2.1246742704579726,6303.593815210563,9.365094595451831
10,299,578,25.159855869550174,155.19103252595156,70.39912975778547,6.08127962011805,27.673661866234298,21.737072725867886,2.0,844796.2414504415,50.128689814844556
10,300,938,177.56741257995736,47.21382249466951,118.64782014925373,24.75879499559592,72.56734443872364,2.031653333062846,2.0,23480.327631940127,21.736193838413982
10,301,561,69.81758057040999,175.2723768270945,68.37517825311944,9.395270211892338,60.527936688945786,302.0048296936885,2.0,33188.42661702282,23.202738827367885
10,302,655,20.553873002290075,152.9174,169.7954534351145,354.95475907397093,27.96021907925094,55.3567343773812,2.0,25947.11652846952,24.731789639657908
10,303,644,192.44072826086955,170.15993944099378,177.25692546583852,53.093782851905324,50.10353662865315,129.09375519781008,2.0,4209.613232454237,8.72004978310045
10,304,1370,157.24006204379563,116.09660686131386,176.42558321167883,299.9374848105271,164.17908432287794,238.27485415108137,2.0,5268.98055086744,9.06024454612408
10,305,1209,135.3556046319272,125.27318858560794,128.36616501240695,346.8221410490965,6.400311864647987,191.531640248264,2.4030804492262257,5214.924843732677,8.743264234397932
10,306,260,177.29129999999998,115.8731946153846,169.38324615384616,34.16346374586841,140.90595706303236,175.30403815277074,2.0,2942.580664817551,7.241134680838627
10,307,149,32.77102818791946,158.1385100671141,86.58618255033556,252.34850508119777,136.75904858457955,225.78091737258833,2.0,1038.6556797338076,5.088820964975478
10,308,1305,106.0354369348659,63.994869272030655,143.1106245210728,210.78720995437598,74.9245231815628,331.91713815637377,2.0,5403.093099957313,8.920903849645127
10,309,559,96.04413810375672,185.32250268336315,62.616644186046514,84.88092037946039,43.631941214735534,351.5372539238358,2.0,9318.751950876329,11.775395284691244
10,310,1140,13.021789196403509,46.04264324561403,119.61130175438598,301.26501012582094,112.66446657934375,173.05274729433626,2.4644485868896377,4565.946146408055,8.412857427469268
10,311,1764,26.0338754047619,40.11917108843537,151.2594007936508,120.02758232677827,6.760860342671167,284.96995895208926,2.0,20511.34937373617,14.120733899966893
10,312,1712,113.0720929906542,85.9212722546729,119.07185221962617,294.40361386468066,123.25273347062864,66.72306668624071,2.0,6887.248403042434,9.700333159672285
10,313,1262,111.61235190174327,119.16145047543581,51.08283795562599,321.86620680608536,109.29563738882193,270.685305147739,2.339744589056612,8361.332632880902,10.301902670617968
10,314,1120,19.195538102857142,146.04114285714286,155.73652410714286,76.20793713205461,21.828228622391553,341.95535952362167,2.0,6929.989870042026,10.030988387158372
10,315,512,107.47687636718751,96.8419615234375,44.69961503906249,152.5543385177571,141.36727399129515,319.58425152238743,2.000234922426032,28270.81018606237,21.79037898439725
10,316,870,112.54926862068966,119.16623103448278,117.04796804597702,285.8687968019367,43.007591622635374,315.4313925065812,2.0,5406.690411197811,8.950209571417934
10,317,639,18.649514942081375,147.20675430359938,89.17144444444445,108.28358359537218,94.33529550776164,140.47460018985947,3.4772587116536964,22710.117519155625,22.629575305923055
10,318,1710,71.3679992982456,136.8562,127.68937192982456,245.87414983633911,77.67059041646638,303.61171670110485,2.0,8157.6894602580805,10.197174826138221
10,319,120,37.869895,184.02600500000003,182.11465833333332,351.6590273076614,170.7764498152552,27.755240157721964,2.532185511066497,4404.226722747811,10.88425393531679
10,320,1097,28.84494959708295,60.097098723792165,47.416448587055605,97.15176068553569,101.91457031871914,259.3107529170754,2.0,4903.4053196269,8.53769041760979
10,321,628,122.28258917197452,53.54545159235669,109.84703391719744,64.59860853115956,9.436103378036957,290.8955963516484,2.0,3940.047598492426,7.9179829357512945
10,322,1404,87.68759344729345,47.711998361823355,53.573560042735046,208.35116631960042,66.67819375422425,1.455556686947439,2.0,5764.7685621426945,8.988778121790395
10,323,911,101.30138825466518,77.68196465422614,62.12448638858397,197.46940351347234,74.14239576626477,294.8968623461713,2.593852567044851,4352.897339162047,8.39439284135009
10,324,668,91.83780269461077,90.04071047904192,160.08599251497006,242.88145806509476,6.52444244022681,169.10761968927778,2.0,2910.3836861201053,7.213752171790358
10,325,1452,181.63852754820937,131.49083746556477,144.10684504132234,61.19647187558004,52.33176340879309,10.630471491564165,2.0,5469.8990861991315,8.826039177126477
10,326,275,160.62963408,125.51684654545457,117.63905018181818,225.87127656333556,79.114113125019,101.7553899023717,2.0,3306123.2384187873,76.30950035673534
10,327,348,28.34885876436782,47.703900862068956,40.04027816091954,134.66382473308738,170.46836648744105,166.11873541184872,2.262300927780185,3230.342070842071,7.4921244692923326
10,328,304,197.81691447368422,73.98857730263158,62.90574078947368,64.83166835062242,54.60241833677224,17.14262891103596,2.0,2220.1075164700915,6.6726905539508214
10,329,719,155.2045354659249,173.86089151599444,136.55504450625867,294.27924016372395,68.71225976769125,128.05955788424,2.0,26259.271237869612,22.425923264982643
10,330,511,178.99464970645792,167.58382191780822,164.53284540117414,278.9618803070124,45.10662930234583,98.50660692467405,2.0,3297.955264888681,7.527465921379874
10,331,499,108.27017054108217,128.30622845691383,103.79651322645292,9.933787196240917,132.0948657000617,313.15927314496344,2.0,2277.9408918164695,6.599041866773377
10,332,1245,59.781855341365464,73.31481574297189,180.68717108433734,310.08590924110206,94.65530256945767,279.34502449224516,2.0,5581.327730633137,8.896549682277474
10,333,780,120.92978128205128,148.92765858974357,170.90489999999997,5.2933585798631055,34.59554363764534,137.8747263373795,2.0,40078.83037352166,30.65922260646577
10,334,791,66.65698912768647,78.74116839443742,49.56903223767383,285.3258402909666,3.0277862974192815,34.05168705329623,2.435944091495375,3452.0878222900706,7.979636689001809
10,335,709,172.81060507757405,184.12035105782792,168.35991819464033,150.7448920218062,123.44156951121235,77.8016259230381,2.0,10031.87357226137,12.243714114592509
10,336,475,123.65503915789475,79.41793094736842,182.01419073684212,152.66137821169647,154.50412229902417,28.69931394122694,2.0,4037.8028824088346,8.394316128635602
10,337,439,71.3083528473804,124.58511389521641,174.47993166287017,264.66364845505126,41.050029410753396,38.96744511692492,3.589642657705341,2520.643134826459,7.022668605957148
10,338,1374,98.30396979621543,52.575519213973806,79.6398058951965,285.8942972714678,54.29297454431363,240.30418959326116,4.5,7016.462050080303,9.746853943611727
10,339,207,168.91663019323667,104.27729855072465,149.7007004830918,167.76371123621618,133.98954374317537,206.737435991758,2.0,108728.45257971577,39.99165872603447
10,340,637,188.86870800627943,179.49190894819466,140.4911711145997,74.67430998937469,144.0132069806238,338.5262030012541,2.1264278296161447,4903.23586907268,8.593458542438356
10,341,1270,129.7528031496063,97.55192905511811,88.24521866141733,219.5241357338232,18.346218760818303,23.34763633304769,2.0,4682.044955240983,8.458818000058214
10,342,812,76.56928251231527,150.6708103448276,101.48851785714285,120.1660124878282,7.24131064833641,237.2342329891344,2.0,3780.5966854237936,8.140468180867385
10,343,774,204.87255555555558,127.73584625322997,59.22855684754522,276.0861039448998,166.52273976562336,100.50733762074805,2.0,3612.364590902036,7.782936344769841
10,344,612,148.4797205882353,167.91379248366013,160.90458986928104,15.637388283224416,56.121954920762896,189.52516532040397,2.0,5094.598071549222,8.67531708999868
10,345,532,161.01756203007517,121.70290601503758,43.26070958646617,357.22109549010565,52.75068917643321,77.21661895411862,2.0,2782.637528448469,7.102791454795394
10,346,516,189.13434108527133,169.96300775193797,147.1005668604651,328.243374740269,26.9767975307577,344.1166788355734,2.0,49264.09046416809,31.65784655516354
10,347,914,63.40753960612692,161.78604923413565,113.84430284463896,42.92733750486842,49.35444692164202,288.92072262173764,2.0,4505.054273342473,8.326618996298535
10,348,1140,86.20047184210526,132.47006666666667,54.89214833333333,28.616951292944197,65.8144845037836,274.1465247981372,2.0,6155.315640159442,9.20808124655008
10,349,1095,83.49315151598174,56.84941561643836,144.5463364383562,266.80258741821507,133.77404797116478,270.5032523132832,2.0,126589.68168664753,30.823561185738754
10,350,762,39.665099999999995,118.20135682414698,53.38223700787402,129.72755608023098,176.56682100986285,170.40657022785567,2.338283211987326,4429.823824802257,8.373381536072626
10,351,429,150.19131153146853,186.6260093240093,162.92030442890442,14.78809829763415,114.80235126389054,318.4815023045323,2.0,971886.8584042165,61.43961899138043
10,352,450,208.48849104444446,163.36801333333332,102.60402422222222,201.494905054235,2.9066381840988,278.8968782302084,4.0853678097153745,138230.2031102303,40.79682293734849
10,353,466,130.12725643776824,104.33912875536481,166.4516330472103,36.912366448944084,34.8640457968679,54.800056871860995,2.0,4800.343522859918,8.751907267032529
10,354,1057,193.46615034626302,39.26526480605487,184.22124181646166,323.12696896091694,163.60416461898132,126.66757161470785,2.0,77521.29937874082,29.148685036390614
10,355,819,55.76838302808302,166.85571306471306,36.98567716727717,92.13820024458326,154.7548494677736,309.5522845525335,4.5,11023.055490066947,13.479329282539235
10,356,659,212.19679637329287,92.11886585735964,69.18951077389985,158.99064027128833,80.34309799663703,214.92454333810625,2.0,16812.478317000652,15.368037216692779
10,357,202,164.26702651138612,146.55390594059406,83.46079554455444,163.73724915669817,50.535890154597084,357.0915478154219,2.202878529668974,28817.83091278504,37.14691408297651
10,358,824,120.4925166262136,182.56415218446602,78.88570873786406,211.50723153617747,112.40232694142178,355.3031537221592,2.0,17123.1430765608,16.298778630607277
10,359,706,165.9527733711048,125.28017280453257,72.9038730878187,64.85667320658538,13.731138266535169,143.38646677935003,2.0,3298.840717679462,7.502366570329568
10,360,493,171.5455780933063,167.89234482758621,113.01644381338743,312.7821939954695,39.476068789220506,170.4712787333566,2.40986817854469,5291.657552444413,9.012427978657291
10,361,661,193.52241036611193,173.62811800302572,124.27233888048411,90.78748444541742,11.295816227586535,66.87058639483776,2.0,249641.22123611788,45.409181607613085
10,362,976,158.495943647541,111.03930327868852,154.11653995901642,157.05952124687278,92.13272016938427,204.1758728909555,2.0,4765.732339837889,8.582200632477567
10,363,1187,20.88885961701769,147.57144229149114,70.9198850042123,300.9122358850126,60.61290473992292,32.52979130429932,4.5,4121.963809585521,8.069916701413893
10,364,814,143.8145945945946,148.10241891891891,45.85918587223587,76.45070873455369,81.2998601239318,261.3107549813561,2.0,3480.91569123465,7.705824976102645
10,365,722,200.7302963573407,41.5850623268698,170.8741842105263,0.746145960813247,26.347079170867026,255.59721309820665,2.0,9749.526513610837,12.671689505433937
10,366,2110,17.470539327379146,102.9120386255924,86.14152900473934,12.124816597451229,49.5959422938737,142.8044145137291,2.0,10341.115239149454,11.309079477903046
10,367,583,196.63510977701543,50.93710171526586,155.46132246998286,339.76891755173176,83.25487184713617,268.4754977817664,2.0,3263.253388652587,7.590239579659273
10,368,69,62.02072463768116,113.25037681159421,56.39919275362319,59.72234697859542,2.9925401118041584,321.1534267955443,2.0,1134.1611848723064,6.61489627970592
10,369,285,58.90583228070175,126.47438947368421,53.33402771929824,52.310486497249414,45.013901118187476,5.15588443413225,2.0,2960.729039577487,7.409512798271439
10,370,301,182.79745182724253,181.60465448504985,167.90187707641195,326.65858190182155,123.10032931190725,355.5526044627363,2.0,2787.58180498682,7.748131760482121
10,371,2314,198.9171795894555,151.887841832325,132.93327087294728,112.16677022938396,29.123386958661396,45.0542110686613,2.0,10425.672052664911,11.046282907652563
10,372,152,190.10558506578948,105.6614032894737,35.07164868421053,152.40978009560794,151.17489814158964,213.9729014586991,2.0,151390.49983965684,40.58797876298625
10,373,636,180.64535220125785,36.973623742138365,76.39895896226415,203.84873797455685,173.61808283503706,318.4964943664972,2.0,18951.221776354952,17.002789919241316
10,374,847,76.55479043683589,102.71684876033058,161.66624415584417,169.90558445352963,91.12118313143952,40.88434824013031,2.0,51041.86018985377,28.96353625051282
10,375,665,185.24192109699248,98.28310195488721,180.04669067669172,197.14492334685988,121.0934500230705,1.0222855806561437,2.0,1542055.915696198,62.591181047393626
10,376,1098,105.19222568306012,77.25809826958104,46.012547632058286,325.7426375048344,163.1767271894523,88.5901510274772,2.0,4361.666479444032,8.507835629058073
10,377,390,50.49213205128205,81.27822051282051,151.7181794871795,215.9342778327342,69.59549799894351,316.6071260323545,2.0,1920.8845432078674,6.270110085830576
10,378,386,164.09510599300518,180.74075725388602,150.02772020725388,359.4238377216497,61.40507714050694,351.90176075600516,2.0,177522.3025611179,44.659800373544755
10,379,1157,179.11586516853933,145.27104407951597,43.67097337942956,265.95716896316566,5.843788321621051,86.92342876421783,2.3397115880539174,5327.612389746916,8.871399969351431
10,380,587,98.73950834752982,176.36856388415674,53.42077921635435,337.8028282440096,97.76891847662918,174.72781669697747,2.0,5336.945245930306,8.788010182101416
10,381,1673,184.96367483562463,54.99742522414824,104.76924387328154,64.5488514896119,158.6925189224301,1.8060758951514844,2.0,7066.203162601588,9.600098099942317
10,382,1312,195.01442835365856,90.41147964939024,103.51527560975609,115.09379453845514,62.87820064747056,92.00182248870526,2.0,5281.6786271852525,8.768835930735266
10,383,347,8.410300620432277,39.37832391930836,179.2834668587896,198.71317812740412,100.8615476734575,169.2640796616299,2.0,4803.220185125111,8.681653778604451
10,384,418,157.93917703349283,38.534255980861246,127.10691387559807,59.20979263340583,4.197753638024184,88.6655897086394,2.0,3480.6772668133735,8.05121326743649
10,385,788,171.16779568527917,49.33875494923858,170.2027347715736,196.59704908637968,46.83307613018907,32.08647634598087,2.0,3462.330643280657,7.597829689864892
10,386,272,152.7171654411765,158.80922794117646,155.06660661764704,352.1002979817563,171.71120846621324,180.69115266751643,2.1839132140652624,3208.701551987153,7.756106200244479
10,387,440,35.17930181818182,105.57326386363637,70.78920818181818,253.4209730617889,122.41001179771807,264.9015363784117,2.0,2950.019616345774,7.340231740999862
10,388,734,87.15525395095368,91.36810640326976,178.8766825613079,159.2436316009805,104.86478106142434,322.2798405364692,2.435004789128067,4456.192160759417,8.257884915162261
10,389,980,152.13473061224488,60.661634081632656,38.288605408163264,248.46738834835628,58.825441448625135,325.47012252222083,2.0,4766.130040580862,8.545584614035857
10,390,695,27.34435631654677,129.44991194244605,84.41703395683453,109.86329291053957,91.0617417964218,266.5404319215786,2.182137471792257,168686.25557661505,39.62985150688754
10,391,527,63.510443263757125,98.46549316888046,76.22366110056925,174.91802581829543,55.1197679540967,11.430776674665202,2.0,3022.3213314683535,7.335339241397315
10,392,636,151.141606918239,170.57740251572326,113.9558037735849,308.68660744889456,68.2248554230421,135.76666545656943,2.0,26194.396500986033,24.195856755040243
10,393,1221,126.05468787878786,45.365304586404584,159.8466307944308,230.98264206389902,157.75865253764366,326.34599756409847,2.0,37672.58691377709,27.268188785542446
10,394,697,175.18463127690103,83.4527362984218,40.79297173601148,225.6668223774564,68.75041819067984,323.7693972706585,2.0,70156.07806248835,34.10727851625276
10,395,1298,158.38543990755008,101.67335061633281,40.56939545454545,227.9697175841746,84.67233765503327,340.35422574464064,2.0,9017.169631153063,10.539374935552571
10,396,347,126.5527204610951,38.19743141210374,129.4850576368876,190.16762451810692,173.04779659730886,13.661243711651387,2.198159577463634,2178.7972570547813,6.625183868558995
10,397,927,109.19528468176914,172.6204070118662,100.37763926645091,329.53752604561885,136.3944457734797,355.0359711586705,2.0,28278.476375747072,23.045431409967605
10,398,944,171.23529343220338,182.6732319915254,77.05690519067797,140.02420465952434,106.91352032202771,192.38557621918002,2.0,3431.603395056577,7.658895833208579
10,399,793,83.65071399747794,96.40982774274906,99.25465372005046,42.57708157670083,107.85144333294176,226.59102458348383,2.0,1003893.807147405,51.806610589248834
10,400,132,172.05802272727271,72.52840303030304,82.5999787878788,232.943112960263,49.584972970324046,253.6240553429893,4.5,2948.091984738607,7.229442013983591
10,401,1131,40.777247745358096,138.37976480990272,173.2860990274094,160.04372770020524,137.77514133932982,250.88207649005466,2.0,4884.860946889907,8.620827907720138
10,402,1960,39.48532658163265,145.78645561224488,136.160243877551,152.33708126582857,140.92158057900335,77.12487581128023,2.0,8713.531753188478,10.447038966334583
10,403,325,25.450281046153847,51.2338476923077,163.7024553846154,111.29980556579764,179.8531701480243,194.03612403764967,2.531800517026896,1560.7009855157619,6.079468650023806
10,404,120,29.599148414275,78.52773833333335,143.35181666666668,296.90321556939676,166.86124081110034,329.53347441555275,2.0,163966.47402387724,33.084530145487655
10,405,821,142.82833252131545,67.37783422655298,119.9154628501827,127.17290305478458,123.75954089508726,2.6646076504991045,2.7493799826158636,3228.145191533463,7.415384630844322
10,406,193,152.449610034715,175.38668393782382,56.958935751295336,131.94257496949496,0.23188085315477114,69.98260076933707,2.0,22201.93847842186,37.938212985136154
10,407,953,145.44181846799583,181.40008237145858,59.464907345225605,138.2800129900917,167.5350574398816,8.537302086589076,2.524825873330084,17981.469488951225,16.14352380225292
10,408,688,26.944698430232556,166.23574854651164,43.35735479651163,45.74254101479319,97.43810574431097,88.613968768763,2.5950850857801555,19729.4020079927,19.785385806307982
10,409,176,179.72676704545455,132.06824431818183,76.45802443181819,23.035969753979266,172.7005752621458,104.21235838266904,2.3508882278657612,1602.7704753312544,5.919394854749089
10,410,1334,19.964882834055473,60.36908905547226,42.661462218890556,179.3544140688342,78.12418898802808,158.01032288284208,2.1156651848472205,37921.953068214,24.809976421637923
10,411,348,143.85193390804596,151.5697183908046,65.75698936781609,6.645710521540931,174.05592226897411,45.28918855657045,2.609484270519008,48661.4967399873,31.094355032854363
10,412,2624,37.46032810594512,69.64444485518293,80.70196512957317,35.303304386719574,66.35952029798955,254.5103808727795,2.0,9163.145302652678,10.519199617436898
10,413,212,83.95248396226414,166.74046320754715,53.422654716981135,40.68483482836878,89.82838736702426,35.60345519017622,2.0,29871.281083612375,26.548042333394942
10,414,911,75.54650253929748,135.28035257958288,74.05332941822172,327.59713272422414,53.76744237941168,118.85410483789006,2.0,1083699.6619703674,54.880462107812356
10,415,921,206.35259285559172,108.36419402823017,112.13551064060805,10.859597559443124,114.61284949513332,74.70828620125847,4.5,26155.99906165788,20.28576122417609
10,416,776,119.25454291237112,175.0056713917526,143.61415979381445,296.7064972410667,7.486404370660198,134.23322177828715,2.0,5168.796835863858,8.727296490728799
10,417,2763,67.92001223307999,63.652818168657255,126.9225111834962,160.92181721999063,19.754686109980845,291.8512755689863,2.0950468372727094,9498.464427123512,10.65722973588065
10,418,1116,158.69296326164874,129.89793369175626,114.67692428315412,237.2528797466507,149.97894135300137,202.01134097439356,2.0,4398.727597533109,8.323421546207657
10,419,293,187.41183959044366,129.8906552901024,171.66584982935152,47.427362823410746,79.22173684670126,326.6781199392693,2.0,3390.8988692258595,7.574626662671368
10,420,154,132.1315064935065,165.19554155844156,86.53866168831169,188.00954169933246,37.0717236246701,252.03563228823919,2.0,24731.779631831032,26.417374433470656
10,421,1004,146.56047211155376,74.29439083665338,147.29253984063746,206.77088155238218,96.25722065964862,152.24891852607993,2.0,6309.11952513111,9.282942208387249
10,422,74,182.91743243243246,136.44214864864864,80.71487027027028,113.76365982820268,101.91620917752103,302.5336051737389,4.5,1026.6227577647446,5.078571889351899
10,423,938,165.61678464818763,72.24317931769724,62.46539776119403,150.0950834364745,12.454572977719184,141.5755234843861,3.1777442619034795,137406.10126007212,33.24609097030831
10,424,375,77.3542545888,123.96286506666667,97.45085680000001,338.3458479130185,157.80820206583587,300.2267054952423,2.0,195231.99211276302,46.2711458717221
10,425,692,47.077612861271675,44.66583815028901,179.75305057803467,19.30108882563839,177.3670517961232,193.85552899903007,2.080626871741435,3321.23549243025,7.503982095320485
10,426,1369,135.01727048940833,163.64274141709276,58.43889525200876,133.55942455685266,86.2114152383787,36.14936503796407,2.0,6037.692411206112,9.296426968768921
10,427,1819,40.2506553051127,50.78686036283672,108.14594727872458,22.034090652990418,16.041819202493834,252.98075600332564,2.0,6919.150218696685,9.606020382574721
10,428,579,32.32783663212435,164.06915889464594,108.35905267702935,213.89839528819468,135.34224904496668,271.0039190127543,2.0,4305.298368895521,8.26762037238398
10,429,770,117.66510753246752,171.33831844155847,51.10736168831169,327.3242288809805,134.82686741915936,86.18055997384373,2.0,49874.330681095926,25.301874964316315
10,430,868,63.2119797235023,54.008818894009224,42.75224377880184,281.34278397598547,132.37338337693794,211.69883247171148,2.0,3106.578902769484,7.3831635797499855
10,431,805,13.990646660621119,114.26150770186337,100.44342956521739,169.60605459319964,156.78366078097665,285.68727993798535,2.0,27277.705548925725,20.090945390424015
10,432,767,25.884696453715776,83.48524211212516,174.16614797913948,208.1016006586188,39.28716469330074,193.59039814360682,2.0,28347.325700085883,21.64595556639739
10,433,896,127.14026450892857,96.10847633928572,156.81897912946428,264.7942843648497,79.5499694968788,149.33481954817458,2.0,40853.383678114624,28.82192547951406
10,434,322,150.5072049689441,88.12059720496894,45.182222670807455,112.51727295026346,170.60010568202415,88.03359159062339,2.0,22080.45919014433,22.681259538926003
10,435,51,127.18280392156862,140.42645098039216,146.35609803921568,88.27208531391796,114.96372269160533,85.46032467851522,2.0,1030.5716609430324,5.286154877911648
10,436,128,128.287265625,54.05311171875,129.5140859375,276.9847352985863,151.69856283251966,139.78545002531988,2.0,1296.9493606025849,5.767295065764721
10,437,123,186.58162601626017,181.53342845528454,67.00335284552847,112.26836486468375,147.80917840294535,131.22783668410378,3.2404837612170967,16636.09560698415,20.393190013953188
10,438,194,162.52954639175258,69.19746340206186,156.76065463917527,100.5129186678267,25.93618320793733,63.192088476680176,2.0,1534.7862097819382,5.788904087556122
10,439,686,204.65097631195334,130.46197084548103,178.346555393586,296.50334134791416,167.36842164641212,30.388110628325016,2.0135339333501605,21460.412638802147,20.43174345509157
10,440,559,55.604630769230766,42.01838568872988,90.69332898032201,40.34567935342595,65.00764902014399,102.28529041367977,2.0,3113.115701942652,7.560460260436076
10,441,197,24.996676706091375,132.47291370558378,43.54055329949238,300.8993812149382,6.579153113540761,179.97544419072563,3.4799930145021567,8984.201911131067,12.526733699030984
10,442,919,184.68284766050056,99.47108541893363,174.51911534276388,166.77923022300845,49.37131080181231,263.2897530770822,2.0,3832.5440977466224,7.858291314838901
10,443,517,178.32800580270793,83.72414738878143,65.47370986460348,61.20456975309906,177.23659999823715,171.56444208542655,2.0,5627.534113505339,9.048544911181487
10,444,747,126.51231325301205,70.0369998661312,124.47575622489961,212.11040420128697,53.243724809561336,234.07625187207594,2.0,53767.866743435676,33.754450656507004
10,445,630,206.33152273809523,181.19331746031745,67.53668317460317,162.756948710537,130.93003085549162,161.5853746249458,2.1486445984700255,26754.136948890813,20.360372734394307
10,446,61,59.8428475409836,100.14620163934427,60.946077049180325,5.513708950820915,63.25611203437207,310.28976146884463,2.0,2197.6713395732336,7.635754499856841
10,447,913,181.59940963855422,125.09811204819277,40.38403581599123,336.9655221182977,21.46907520177285,320.59600118507547,2.2069760693811467,3818.046267273387,7.924603472531938
10,448,741,48.29430823211876,163.30610256410256,76.17668286099865,244.34690730106712,14.594980524125278,20.39153551790767,2.0,2611.8246861194325,6.895331764942978
10,449,98,78.2667857142857,153.83393571428567,57.8445306122449,95.25439589543664,31.165374308138794,219.04818125232435,2.0,47032.51983326403,31.175180680622475
10,450,1641,156.55576995496648,80.49177751371116,133.60788360755635,64.58516021022018,152.57669560899578,297.33707575253334,4.5,90672.03967083151,40.14326098088798
10,451,1224,75.25575220588236,51.17186429738562,82.9916873366013,119.27426203298988,137.23474800075542,134.03420427893766,3.3108029624023216,7018.578058399847,9.722694887506425
10,452,791,147.49418331226298,35.94103754740834,103.56223982300885,277.1931401868087,159.63834477037884,71.44665372275416,2.0,4358.688037671425,8.278514931086448
10,453,255,143.97782352941178,32.37808117647059,123.56889411764708,126.38250572584634,0.8569797029693027,79.79150162777358,2.0,7069.666137655261,10.493539753795588
10,454,591,20.519832709983078,80.81913536379018,127.10524737732658,233.4203277013484,31.840256897722213,355.90414934904993,2.0,1265359.8707863232,55.30193639302172
10,455,1159,162.6392269197584,149.68344434857636,69.2482377911993,304.7965645706441,148.75227284289363,160.16001691399637,2.0,4047.2121782085655,8.202105710919785
10,456,458,30.3341096069869,39.90287816593886,44.307003711790394,99.80299901560815,130.69634079421058,263.04896128272367,2.0,20753.420514464255,22.02149335245403
10,457,360,186.22134555555556,38.78360083333334,63.594774722222226,349.5250034175713,36.77546584984078,59.6894707138871,2.0,72674.77261427496,21.34211906887462
10,458,1185,191.17801181434598,63.73105088607595,93.34757822784809,296.94702884798613,12.268200529033953,36.98426756967458,2.683618571540945,35983.330998664,28.220713182752633
10,459,614,54.59297182410423,115.72601123778502,67.62186938110749,18.751681591408975,136.26516615424245,105.74249112937022,2.176544113866817,3026.5030753112383,7.256881200011499
10,460,1333,117.37829234808703,135.2193885971493,53.652314103525875,229.24103185380892,136.2829366416961,251.89854887947118,2.0,45588.991393950426,26.152463981869833
10,461,1059,76.49377507082154,47.03208838526912,66.10103814919735,17.375333657440557,170.33517058791648,212.3218009593097,2.4912426101232428,53786.14524601562,30.504723008392755
10,462,229,122.13867641921398,122.74188209606986,161.03541048034933,207.03472715850438,167.84317025708117,189.30575648031885,2.0,5658.295459417925,9.01123352237056
10,463,689,20.194427210595066,60.694824528301886,153.36045718432513,107.25907325448439,121.02180955710008,308.05070382295463,4.5,3349.5169911124267,7.541570561726967
10,464,768,151.3059453125,100.426680078125,90.79409205729166,302.4078494570679,46.859328177006915,253.9730502972447,2.0,4864.7201114297895,8.534310685677786
10,465,425,36.09764870588235,70.68131223529411,168.34509882352938,1.0133248316613708,135.78642991905073,90.86260308966258,2.404506818417035,2018.4563702461994,6.423815875242023
10,466,859,75.23136461001164,174.19712689173457,93.91339383003493,300.26020454392585,112.32527536692112,43.064796231745525,2.579485061109608,4010.7716956740533,8.216571987431747
10,467,355,109.41204563380279,79.47203267605633,47.723235774647875,281.3229191491924,111.61306671356779,170.17195763254702,2.568036032644499,25474.301506190448,23.643707189285383
10,468,994,161.18236519114689,161.85412374245473,37.96772062374246,124.25176293563555,136.60697388877702,268.46712705898835,2.0,4645.3188617361175,8.434457818076401
10,469,1491,146.31449496981892,101.51083474178404,56.76843266264252,96.57026416518009,74.0788569562156,58.3107597874734,2.0,6403.1618405698755,9.33566628800201
10,470,1472,50.2032617527174,185.566190625,122.41771175271738,302.9592004761452,10.434451578059875,202.67489914647953,2.476630025004044,23195.255955547786,14.67879603984835
10,471,762,202.93838371391078,101.72982939632547,132.9617690288714,214.84639475668442,16.76466854715339,229.72036693155871,2.0,8044.282760326619,10.40773775296353
10,472,1573,33.71447422377622,87.5277965670693,44.822064017800386,233.61729816995162,55.90339998159931,138.7514770080402,2.0,102603.1859760537,23.471903162859622
10,473,777,155.81708236808237,178.6357086229086,97.18273474903476,155.41089231588455,60.76044570288968,149.91285653971966,4.5,22098.482097995908,19.369064620833733
10,474,928,211.3397714224138,57.29096810344828,51.46280872844827,296.89702395576074,44.56661465950045,171.33929492480783,3.4556602461813273,18859.837832177698,15.41444086212651
10,475,1380,118.92452876811596,169.55631811594202,124.61128043478261,39.36800461699286,126.57153926928217,256.5795631357987,4.5,5482.9777397704365,8.880678508237253
10,476,1494,90.7615734939759,123.15478206157967,152.63577643908968,309.2100058896638,59.4735251564983,206.75120615615663,4.5,8143.470026436638,10.200593880287299
10,477,337,66.64061602373887,70.26671186943621,157.33386646884276,62.40233737780315,98.3025384372473,304.20407957078476,2.2662194857386555,4302.635594665854,8.428166415345578
10,478,566,24.693824028975264,46.67214045936395,59.636547879858654,79.00409348498661,56.32128751110979,231.0998988674013,2.0,203470.5723956616,44.40940522626389
10,479,586,145.3248037542662,177.88595563139933,122.01957679180886,130.24584331540606,86.88520735399256,140.9532249773717,4.5,3454.2047913240986,7.642930218254883
10,480,635,75.37524472440944,127.12553070866142,154.1400582677165,176.76631606159137,65.83985229976584,260.9192337989572,2.8863248014279277,4654.829442736181,8.365882370908997
10,481,547,53.91359213893968,142.91468190127972,51.44149250457038,144.7014983047864,71.43756365666081,14.515981139679708,2.0,35820.20261335757,25.960967069175
10,482,1053,156.97246818613485,100.95715735992403,180.92943304843305,75.04377472647207,156.22688612021656,207.7600465684006,2.0,24108.948159470117,19.052515410282698
10,483,572,47.80180524475524,134.12258216783218,78.54473933566433,44.51020994326528,128.6563998085976,322.19782021171824,2.0,4296.810260465698,8.319324188790544
10,484,332,160.55805722891566,152.77139759036143,33.65976234939759,302.51840671622597,75.45034960578305,179.71188988963456,3.2662978455261116,21623.129104265983,17.8843041246937
10,485,778,41.85865475578406,91.70827853470436,170.61610154241643,11.444610312125949,19.428503620854357,187.5556831397441,2.0,3967.7627156147896,7.956232577535663
10,486,229,170.1425414847162,172.4534676855895,30.266794323144104,52.33173902537716,124.90775591038022,77.18247727334564,3.187714948644856,37471.93667435313,25.467724085769756
10,487,714,22.943340018767504,89.53669929971988,54.37776344537816,330.5646368776091,12.480610184954168,134.20116021820326,2.6214986727049467,25744.293719204146,24.89007084372683
10,488,255,102.03145921568628,45.36531529411764,88.17969215686274,338.64501379043475,169.81365607950292,147.57028223582873,2.0,28631.918401196934,32.285128242771954
10,489,582,176.52874226804124,180.7405676975945,105.45938505154639,163.29657499969403,36.53497281013622,185.53858649635794,2.0,6663.141191025546,9.51557505512414
10,490,457,204.7881371991247,59.18553807439825,54.63580328227571,218.79375638641608,153.43251685277616,357.3095729996693,2.0,127377.01516510228,33.44818098876505
10,491,939,207.67547523961662,99.85605537806177,166.74396592119277,331.20188719540954,111.66519197587802,207.76970168043886,4.5,7949.8660667619415,10.926734302205531
10,492,1809,189.81534936428966,50.99216174682145,45.1025509673853,342.72323668430977,72.48831516133913,0.5139776974568777,2.083252592149609,6019.285483612936,9.105963606053445
10,493,105,204.53448571428575,167.8987952380952,33.59534761904762,357.20363150372884,37.66278907234909,123.68496120780443,2.0,43815.54246200695,30.030842424657525
10,494,381,5.632626271391077,71.02512125984252,169.3348346456693,308.0019491878279,166.2019815488799,269.76657738119985,2.0,2801.8985308679094,7.333498413652195
10,495,1011,189.1247200791296,168.15539366963404,59.95009802176064,123.43374752350262,121.51861377359886,195.77241549058257,2.4970246999410084,5616.644398903549,9.057766474326264
10,496,1127,107.00455803016858,163.15610292812778,167.31446051464064,310.752489065757,90.1217812602397,232.98034108337606,4.5,9021.99264612476,10.549892946948564
10,497,1460,202.7610431712329,171.79173219178082,118.2661105479452,19.38876855929732,147.40388757424367,338.12769108942416,2.0,35662.774304419916,22.26647962461915
10,498,665,207.8569018045113,116.86655458646618,80.46972105263157,79.47125720590518,102.14652880930778,248.01517081878242,2.0,16407.24557630763,15.298031195297298
10,499,191,35.77444293193718,32.00513612565445,177.19266125654448,207.1406291345506,84.26993838161079,277.7355525983301,2.2712465020972434,16615.088974136695,21.88559245310074
10,500,1582,78.53907281921619,69.25173919089761,162.95654184576486,81.76242633963754,6.649186635676467,51.6758785789199,2.1140669179204647,101915.65860289008,30.81269080528848
