x,y,C_isotropic,C_microstructure_informed
0.0,0.0,0.0,0.0
0.8080808080808081,0.0,0.0,0.0
1.6161616161616161,0.0,0.0,0.0
2.4242424242424243,0.0,0.0,0.0
3.2323232323232323,0.0,0.0,0.0
4.040404040404041,0.0,0.0,0.0
4.848484848484849,0.0,0.0,0.0
5.656565656565657,0.0,0.0,0.0
6.4646464646464645,0.0,0.0,0.0
7.2727272727272725,0.0,0.0,0.0
8.080808080808081,0.0,0.0,0.0
8.88888888888889,0.0,0.0,0.0
9.696969696969697,0.0,0.0,0.0
10.505050505050505,0.0,0.0,0.0
11.313131313131313,0.0,0.0,0.0
12.121212121212121,0.0,0.0,0.0
12.929292929292929,0.0,0.0,0.0
13.737373737373737,0.0,0.0,0.0
14.545454545454545,0.0,0.0,0.0
15.353535353535353,0.0,0.0,0.0
16.161616161616163,0.0,0.0,0.0
16.96969696969697,0.0,0.0,0.0
17.77777777777778,0.0,0.0,0.0
18.585858585858585,0.0,0.0,0.0
19.393939393939394,0.0,0.0,0.0
20.2020202020202,0.0,0.0,0.0
21.01010101010101,0.0,0.0,0.0
21.818181818181817,0.0,0.0,0.0
22.626262626262626,0.0,0.0,0.0
23.434343434343432,0.0,0.0,0.0
24.242424242424242,0.0,0.0,0.0
25.05050505050505,0.0,0.0,0.0
25.858585858585858,0.0,0.0,0.0
26.666666666666668,0.0,0.0,0.0
27.474747474747474,0.0,0.0,0.0
28.282828282828284,0.0,0.0,0.0
29.09090909090909,0.0,0.0,0.0
29.8989898989899,0.0,0.0,0.0
30.707070707070706,0.0,0.0,0.0
31.515151515151516,0.0,0.0,0.0
32.323232323232325,0.0,0.0,0.0
33.13131313131313,0.0,0.0,0.0
33.93939393939394,0.0,0.0,0.0
34.74747474747475,0.0,0.0,0.0
35.55555555555556,0.0,0.0,0.0
36.36363636363636,0.0,0.0,0.0
37.17171717171717,0.0,0.0,0.0
37.97979797979798,0.0,0.0,0.0
38.78787878787879,0.0,0.0,0.0
39.5959595959596,0.0,0.0,0.0
40.4040404040404,0.0,0.0,0.0
41.21212121212121,0.0,0.0,0.0
42.02020202020202,0.0,0.0,0.0
42.82828282828283,0.0,0.0,0.0
43.63636363636363,0.0,0.0,0.0
44.44444444444444,0.0,0.0,0.0
45.25252525252525,0.0,0.0,0.0
46.06060606060606,0.0,0.0,0.0
46.868686868686865,0.0,0.0,0.0
47.676767676767675,0.0,0.0,0.0
48.484848484848484,0.0,0.0,0.0
49.292929292929294,0.0,0.0,0.0
50.1010101010101,0.0,0.0,0.0
50.90909090909091,0.0,0.0,0.0
51.717171717171716,0.0,0.0,0.0
52.525252525252526,0.0,0.0,0.0
53.333333333333336,0.0,0.0,0.0
54.14141414141414,0.0,0.0,0.0
54.94949494949495,0.0,0.0,0.0
55.75757575757576,0.0,0.0,0.0
56.56565656565657,0.0,0.0,0.0
57.37373737373737,0.0,0.0,0.0
58.18181818181818,0.0,0.0,0.0
58.98989898989899,0.0,0.0,0.0
59.7979797979798,0.0,0.0,0.0
60.6060606060606,0.0,0.0,0.0
61.41414141414141,0.0,0.0,0.0
62.22222222222222,0.0,0.0,0.0
63.03030303030303,0.0,0.0,0.0
63.838383838383834,0.0,0.0,0.0
64.64646464646465,0.0,0.0,0.0
65.45454545454545,0.0,0.0,0.0
66.26262626262626,0.0,0.0,0.0
67.07070707070707,0.0,0.0,0.0
67.87878787878788,0.0,0.0,0.0
68.68686868686869,0.0,0.0,0.0
69.4949494949495,0.0,0.0,0.0
70.3030303030303,0.0,0.0,0.0
71.11111111111111,0.0,0.0,0.0
71.91919191919192,0.0,0.0,0.0
72.72727272727272,0.0,0.0,0.0
73.53535353535354,0.0,0.0,0.0
74.34343434343434,0.0,0.0,0.0
75.15151515151516,0.0,0.0,0.0
75.95959595959596,0.0,0.0,0.0
76.76767676767676,0.0,0.0,0.0
77.57575757575758,0.0,0.0,0.0
78.38383838383838,0.0,0.0,0.0
79.1919191919192,0.0,0.0,0.0
80.0,0.0,0.0,0.0
0.0,0.8080808080808081,0.0,0.0
0.8080808080808081,0.8080808080808081,0.0,0.0
1.6161616161616161,0.8080808080808081,0.0,0.0
2.4242424242424243,0.8080808080808081,0.0,0.0
3.2323232323232323,0.8080808080808081,0.0,0.0
4.040404040404041,0.8080808080808081,0.0,0.0
4.848484848484849,0.8080808080808081,0.0,0.0
5.656565656565657,0.8080808080808081,0.0,0.0
6.4646464646464645,0.8080808080808081,0.0,0.0
7.2727272727272725,0.8080808080808081,0.0,0.0
8.080808080808081,0.8080808080808081,0.0,0.0
8.88888888888889,0.8080808080808081,0.0,0.0
9.696969696969697,0.8080808080808081,0.0,0.0
10.505050505050505,0.8080808080808081,0.0,0.0
11.313131313131313,0.8080808080808081,0.0,0.0
12.121212121212121,0.8080808080808081,0.0,0.0
12.929292929292929,0.8080808080808081,0.0,0.0
13.737373737373737,0.8080808080808081,0.0,0.0
14.545454545454545,0.8080808080808081,0.0,0.0
15.353535353535353,0.8080808080808081,0.0,0.0
16.161616161616163,0.8080808080808081,0.0,0.0
16.96969696969697,0.8080808080808081,0.0,0.0
17.77777777777778,0.8080808080808081,0.0,0.0
18.585858585858585,0.8080808080808081,0.0,0.0
19.393939393939394,0.8080808080808081,0.0,0.0
20.2020202020202,0.8080808080808081,0.0,0.0
21.01010101010101,0.8080808080808081,0.0,0.0
21.818181818181817,0.8080808080808081,0.0,0.0
22.626262626262626,0.8080808080808081,0.0,0.0
23.434343434343432,0.8080808080808081,0.0,0.0
24.242424242424242,0.8080808080808081,0.0,0.0
25.05050505050505,0.8080808080808081,0.0,0.0
25.858585858585858,0.8080808080808081,0.0,0.0
26.666666666666668,0.8080808080808081,0.0,0.0
27.474747474747474,0.8080808080808081,0.0,0.0
28.282828282828284,0.8080808080808081,0.0,0.0
29.09090909090909,0.8080808080808081,0.0,0.0
29.8989898989899,0.8080808080808081,0.0,0.0
30.707070707070706,0.8080808080808081,0.0,0.0
31.515151515151516,0.8080808080808081,0.0,0.0
32.323232323232325,0.8080808080808081,0.0,0.0
33.13131313131313,0.8080808080808081,0.0,0.0
33.93939393939394,0.8080808080808081,0.0,0.0
34.74747474747475,0.8080808080808081,0.0,0.0
35.55555555555556,0.8080808080808081,0.0,0.0
36.36363636363636,0.8080808080808081,0.0,0.0
37.17171717171717,0.8080808080808081,0.0,0.0
37.97979797979798,0.8080808080808081,0.0,0.0
38.78787878787879,0.8080808080808081,0.0,0.0
39.5959595959596,0.8080808080808081,0.0,0.0
40.4040404040404,0.8080808080808081,0.0,0.0
41.21212121212121,0.8080808080808081,0.0,0.0
42.02020202020202,0.8080808080808081,0.0,0.0
42.82828282828283,0.8080808080808081,0.0,0.0
43.63636363636363,0.8080808080808081,0.0,0.0
44.44444444444444,0.8080808080808081,0.0,0.0
45.25252525252525,0.8080808080808081,0.0,0.0
46.06060606060606,0.8080808080808081,0.0,0.0
46.868686868686865,0.8080808080808081,0.0,0.0
47.676767676767675,0.8080808080808081,0.0,0.0
48.484848484848484,0.8080808080808081,0.0,0.0
49.292929292929294,0.8080808080808081,0.0,0.0
50.1010101010101,0.8080808080808081,0.0,0.0
50.90909090909091,0.8080808080808081,0.0,0.0
51.717171717171716,0.8080808080808081,0.0,0.0
52.525252525252526,0.8080808080808081,0.0,0.0
53.333333333333336,0.8080808080808081,0.0,0.0
54.14141414141414,0.8080808080808081,0.0,0.0
54.94949494949495,0.8080808080808081,0.0,0.0
55.75757575757576,0.8080808080808081,0.0,0.0
56.56565656565657,0.8080808080808081,0.0,0.0
57.37373737373737,0.8080808080808081,0.0,0.0
58.18181818181818,0.8080808080808081,0.0,0.0
58.98989898989899,0.8080808080808081,0.0,0.0
59.7979797979798,0.8080808080808081,0.0,0.0
60.6060606060606,0.8080808080808081,0.0,0.0
61.41414141414141,0.8080808080808081,0.0,0.0
62.22222222222222,0.8080808080808081,0.0,0.0
63.03030303030303,0.8080808080808081,0.0,0.0
63.838383838383834,0.8080808080808081,0.0,0.0
64.64646464646465,0.8080808080808081,0.0,0.0
65.45454545454545,0.8080808080808081,0.0,0.0
66.26262626262626,0.8080808080808081,0.0,0.0
67.07070707070707,0.8080808080808081,0.0,0.0
67.87878787878788,0.8080808080808081,0.0,0.0
68.68686868686869,0.8080808080808081,0.0,0.0
69.4949494949495,0.8080808080808081,0.0,0.0
70.3030303030303,0.8080808080808081,0.0,0.0
71.11111111111111,0.8080808080808081,0.0,0.0
71.91919191919192,0.8080808080808081,0.0,0.0
72.72727272727272,0.8080808080808081,0.0,0.0
73.53535353535354,0.8080808080808081,0.0,0.0
74.34343434343434,0.8080808080808081,0.0,0.0
75.15151515151516,0.8080808080808081,0.0,0.0
75.95959595959596,0.8080808080808081,0.0,0.0
76.76767676767676,0.8080808080808081,0.0,0.0
77.57575757575758,0.8080808080808081,0.0,0.0
78.38383838383838,0.8080808080808081,0.0,0.0
79.1919191919192,0.8080808080808081,0.0,0.0
80.0,0.8080808080808081,0.0,0.0
0.0,1.6161616161616161,0.0,0.0
0.8080808080808081,1.6161616161616161,0.0,0.0
1.6161616161616161,1.6161616161616161,0.0,0.0
2.4242424242424243,1.6161616161616161,0.0,0.0
3.2323232323232323,1.6161616161616161,0.0,0.0
4.040404040404041,1.6161616161616161,0.0,0.0
4.848484848484849,1.6161616161616161,0.0,0.0
5.656565656565657,1.6161616161616161,0.0,0.0
6.4646464646464645,1.6161616161616161,0.0,0.0
7.2727272727272725,1.6161616161616161,0.0,0.0
8.080808080808081,1.6161616161616161,0.0,0.0
8.88888888888889,1.6161616161616161,0.0,0.0
9.696969696969697,1.6161616161616161,0.0,0.0
10.505050505050505,1.6161616161616161,0.0,0.0
11.313131313131313,1.6161616161616161,0.0,0.0
12.121212121212121,1.6161616161616161,0.0,0.0
12.929292929292929,1.6161616161616161,0.0,0.0
13.737373737373737,1.6161616161616161,0.0,0.0
14.545454545454545,1.6161616161616161,0.0,0.0
15.353535353535353,1.6161616161616161,0.0,0.0
16.161616161616163,1.6161616161616161,0.0,0.0
16.96969696969697,1.6161616161616161,0.0,0.0
17.77777777777778,1.6161616161616161,0.0,0.0
18.585858585858585,1.6161616161616161,0.0,0.0
19.393939393939394,1.6161616161616161,0.0,0.0
20.2020202020202,1.6161616161616161,0.0,0.0
21.01010101010101,1.6161616161616161,0.0,0.0
21.818181818181817,1.6161616161616161,0.0,0.0
22.626262626262626,1.6161616161616161,0.0,0.0
23.434343434343432,1.6161616161616161,0.0,0.0
24.242424242424242,1.6161616161616161,0.0,0.0
25.05050505050505,1.6161616161616161,0.0,0.0
25.858585858585858,1.6161616161616161,0.0,0.0
26.666666666666668,1.6161616161616161,0.0,0.0
27.474747474747474,1.6161616161616161,0.0,0.0
28.282828282828284,1.6161616161616161,0.0,0.0
29.09090909090909,1.6161616161616161,0.0,0.0
29.8989898989899,1.6161616161616161,0.0,0.0
30.707070707070706,1.6161616161616161,0.0,0.0
31.515151515151516,1.6161616161616161,0.0,0.0
32.323232323232325,1.6161616161616161,0.0,0.0
33.13131313131313,1.6161616161616161,0.0,0.0
33.93939393939394,1.6161616161616161,0.0,0.0
34.74747474747475,1.6161616161616161,0.0,0.0
35.55555555555556,1.6161616161616161,0.0,0.0
36.36363636363636,1.6161616161616161,0.0,0.0
37.17171717171717,1.6161616161616161,0.0,0.0
37.97979797979798,1.6161616161616161,0.0,0.0
38.78787878787879,1.6161616161616161,0.0,0.0
39.5959595959596,1.6161616161616161,0.0,0.0
40.4040404040404,1.6161616161616161,0.0,0.0
41.21212121212121,1.6161616161616161,0.0,0.0
42.02020202020202,1.6161616161616161,0.0,0.0
42.82828282828283,1.6161616161616161,0.0,0.0
43.63636363636363,1.6161616161616161,0.0,0.0
44.44444444444444,1.6161616161616161,0.0,0.0
45.25252525252525,1.6161616161616161,0.0,0.0
46.06060606060606,1.6161616161616161,0.0,0.0
46.868686868686865,1.6161616161616161,0.0,0.0
47.676767676767675,1.6161616161616161,0.0,0.0
48.484848484848484,1.6161616161616161,0.0,0.0
49.292929292929294,1.6161616161616161,0.0,0.0
50.1010101010101,1.6161616161616161,0.0,0.0
50.90909090909091,1.6161616161616161,0.0,0.0
51.717171717171716,1.6161616161616161,0.0,0.0
52.525252525252526,1.6161616161616161,0.0,0.0
53.333333333333336,1.6161616161616161,0.0,0.0
54.14141414141414,1.6161616161616161,0.0,0.0
54.94949494949495,1.6161616161616161,0.0,0.0
55.75757575757576,1.6161616161616161,0.0,0.0
56.56565656565657,1.6161616161616161,0.0,0.0
57.37373737373737,1.6161616161616161,0.0,0.0
58.18181818181818,1.6161616161616161,0.0,0.0
58.98989898989899,1.6161616161616161,0.0,0.0
59.7979797979798,1.6161616161616161,0.0,0.0
60.6060606060606,1.6161616161616161,0.0,0.0
61.41414141414141,1.6161616161616161,0.0,0.0
62.22222222222222,1.6161616161616161,0.0,0.0
63.03030303030303,1.6161616161616161,0.0,0.0
63.838383838383834,1.6161616161616161,0.0,0.0
64.64646464646465,1.6161616161616161,0.0,0.0
65.45454545454545,1.6161616161616161,0.0,0.0
66.26262626262626,1.6161616161616161,0.0,0.0
67.07070707070707,1.6161616161616161,0.0,0.0
67.87878787878788,1.6161616161616161,0.0,0.0
68.68686868686869,1.6161616161616161,0.0,0.0
69.4949494949495,1.6161616161616161,0.0,0.0
70.3030303030303,1.6161616161616161,0.0,0.0
71.11111111111111,1.6161616161616161,0.0,0.0
71.91919191919192,1.6161616161616161,0.0,0.0
72.72727272727272,1.6161616161616161,0.0,0.0
73.53535353535354,1.6161616161616161,0.0,0.0
74.34343434343434,1.6161616161616161,0.0,0.0
75.15151515151516,1.6161616161616161,0.0,0.0
75.95959595959596,1.6161616161616161,0.0,0.0
76.76767676767676,1.6161616161616161,0.0,0.0
77.57575757575758,1.6161616161616161,0.0,0.0
78.38383838383838,1.6161616161616161,0.0,0.0
79.1919191919192,1.6161616161616161,0.0,0.0
80.0,1.6161616161616161,0.0,0.0
0.0,2.4242424242424243,0.0,0.0
0.8080808080808081,2.4242424242424243,0.0,0.0
1.6161616161616161,2.4242424242424243,0.0,0.0
2.4242424242424243,2.4242424242424243,0.0,0.0
3.2323232323232323,2.4242424242424243,0.0,0.0
4.040404040404041,2.4242424242424243,0.0,0.0
4.848484848484849,2.4242424242424243,0.0,0.0
5.656565656565657,2.4242424242424243,0.0,0.0
6.4646464646464645,2.4242424242424243,0.0,0.0
7.2727272727272725,2.4242424242424243,0.0,0.0
8.080808080808081,2.4242424242424243,0.0,0.0
8.88888888888889,2.4242424242424243,0.0,0.0
9.696969696969697,2.4242424242424243,0.0,0.0
10.505050505050505,2.4242424242424243,0.0,0.0
11.313131313131313,2.4242424242424243,0.0,0.0
12.121212121212121,2.4242424242424243,0.0,0.0
12.929292929292929,2.4242424242424243,0.0,0.0
13.737373737373737,2.4242424242424243,0.0,0.0
14.545454545454545,2.4242424242424243,0.0,0.0
15.353535353535353,2.4242424242424243,0.0,0.0
16.161616161616163,2.4242424242424243,0.0,0.0
16.96969696969697,2.4242424242424243,0.0,0.0
17.77777777777778,2.4242424242424243,0.0,0.0
18.585858585858585,2.4242424242424243,0.0,0.0
19.393939393939394,2.4242424242424243,0.0,0.0
20.2020202020202,2.4242424242424243,0.0,0.0
21.01010101010101,2.4242424242424243,0.0,0.0
21.818181818181817,2.4242424242424243,0.0,0.0
22.626262626262626,2.4242424242424243,0.0,0.0
23.434343434343432,2.4242424242424243,0.0,0.0
24.242424242424242,2.4242424242424243,0.0,0.0
25.05050505050505,2.4242424242424243,0.0,0.0
25.858585858585858,2.4242424242424243,0.0,0.0
26.666666666666668,2.4242424242424243,0.0,0.0
27.474747474747474,2.4242424242424243,0.0,0.0
28.282828282828284,2.4242424242424243,0.0,0.0
29.09090909090909,2.4242424242424243,0.0,0.0
29.8989898989899,2.4242424242424243,0.0,0.0
30.707070707070706,2.4242424242424243,0.0,0.0
31.515151515151516,2.4242424242424243,0.0,0.0
32.323232323232325,2.4242424242424243,0.0,0.0
33.13131313131313,2.4242424242424243,0.0,0.0
33.93939393939394,2.4242424242424243,0.0,0.0
34.74747474747475,2.4242424242424243,0.0,0.0
35.55555555555556,2.4242424242424243,0.0,0.0
36.36363636363636,2.4242424242424243,0.0,0.0
37.17171717171717,2.4242424242424243,0.0,0.0
37.97979797979798,2.4242424242424243,0.0,0.0
38.78787878787879,2.4242424242424243,0.0,0.0
39.5959595959596,2.4242424242424243,0.0,0.0
40.4040404040404,2.4242424242424243,0.0,0.0
41.21212121212121,2.4242424242424243,0.0,0.0
42.02020202020202,2.4242424242424243,0.0,0.0
42.82828282828283,2.4242424242424243,0.0,0.0
43.63636363636363,2.4242424242424243,0.0,0.0
44.44444444444444,2.4242424242424243,0.0,0.0
45.25252525252525,2.4242424242424243,0.0,0.0
46.06060606060606,2.4242424242424243,0.0,0.0
46.868686868686865,2.4242424242424243,0.0,0.0
47.676767676767675,2.4242424242424243,0.0,0.0
48.484848484848484,2.4242424242424243,0.0,0.0
49.292929292929294,2.4242424242424243,0.0,0.0
50.1010101010101,2.4242424242424243,0.0,0.0
50.90909090909091,2.4242424242424243,0.0,0.0
51.717171717171716,2.4242424242424243,0.0,0.0
52.525252525252526,2.4242424242424243,0.0,0.0
53.333333333333336,2.4242424242424243,0.0,0.0
54.14141414141414,2.4242424242424243,0.0,0.0
54.94949494949495,2.4242424242424243,0.0,0.0
55.75757575757576,2.4242424242424243,0.0,0.0
56.56565656565657,2.4242424242424243,0.0,0.0
57.37373737373737,2.4242424242424243,0.0,0.0
58.18181818181818,2.4242424242424243,0.0,0.0
58.98989898989899,2.4242424242424243,0.0,0.0
59.7979797979798,2.4242424242424243,0.0,0.0
60.6060606060606,2.4242424242424243,0.0,0.0
61.41414141414141,2.4242424242424243,0.0,0.0
62.22222222222222,2.4242424242424243,0.0,0.0
63.03030303030303,2.4242424242424243,0.0,0.0
63.838383838383834,2.4242424242424243,0.0,0.0
64.64646464646465,2.4242424242424243,0.0,0.0
65.45454545454545,2.4242424242424243,0.0,0.0
66.26262626262626,2.4242424242424243,0.0,0.0
67.07070707070707,2.4242424242424243,0.0,0.0
67.87878787878788,2.4242424242424243,0.0,0.0
68.68686868686869,2.4242424242424243,0.0,0.0
69.4949494949495,2.4242424242424243,0.0,0.0
70.3030303030303,2.4242424242424243,0.0,0.0
71.11111111111111,2.4242424242424243,0.0,0.0
71.91919191919192,2.4242424242424243,0.0,0.0
72.72727272727272,2.4242424242424243,0.0,0.0
73.53535353535354,2.4242424242424243,0.0,0.0
74.34343434343434,2.4242424242424243,0.0,0.0
75.15151515151516,2.4242424242424243,0.0,0.0
75.95959595959596,2.4242424242424243,0.0,0.0
76.76767676767676,2.4242424242424243,0.0,0.0
77.57575757575758,2.4242424242424243,0.0,0.0
78.38383838383838,2.4242424242424243,0.0,0.0
79.1919191919192,2.4242424242424243,0.0,0.0
80.0,2.4242424242424243,0.0,0.0
0.0,3.2323232323232323,0.0,0.0
0.8080808080808081,3.2323232323232323,0.0,0.0
1.6161616161616161,3.2323232323232323,0.0,0.0
2.4242424242424243,3.2323232323232323,0.0,0.0
3.2323232323232323,3.2323232323232323,0.0,0.0
4.040404040404041,3.2323232323232323,0.0,0.0
4.848484848484849,3.2323232323232323,0.0,0.0
5.656565656565657,3.2323232323232323,0.0,0.0
6.4646464646464645,3.2323232323232323,0.0,0.0
7.2727272727272725,3.2323232323232323,0.0,0.0
8.080808080808081,3.2323232323232323,0.0,0.0
8.88888888888889,3.2323232323232323,0.0,0.0
9.696969696969697,3.2323232323232323,0.0,0.0
10.505050505050505,3.2323232323232323,0.0,0.0
11.313131313131313,3.2323232323232323,0.0,0.0
12.121212121212121,3.2323232323232323,0.0,0.0
12.929292929292929,3.2323232323232323,0.0,0.0
13.737373737373737,3.2323232323232323,0.0,0.0
14.545454545454545,3.2323232323232323,0.0,0.0
15.353535353535353,3.2323232323232323,0.0,0.0
16.161616161616163,3.2323232323232323,0.0,0.0
16.96969696969697,3.2323232323232323,0.0,0.0
17.77777777777778,3.2323232323232323,0.0,0.0
18.585858585858585,3.2323232323232323,0.0,0.0
19.393939393939394,3.2323232323232323,0.0,0.0
20.2020202020202,3.2323232323232323,0.0,0.0
21.01010101010101,3.2323232323232323,0.0,0.0
21.818181818181817,3.2323232323232323,0.0,0.0
22.626262626262626,3.2323232323232323,0.0,0.0
23.434343434343432,3.2323232323232323,0.0,0.0
24.242424242424242,3.2323232323232323,0.0,0.0
25.05050505050505,3.2323232323232323,0.0,0.0
25.858585858585858,3.2323232323232323,0.0,0.0
26.666666666666668,3.2323232323232323,0.0,0.0
27.474747474747474,3.2323232323232323,0.0,0.0
28.282828282828284,3.2323232323232323,0.0,0.0
29.09090909090909,3.2323232323232323,0.0,0.0
29.8989898989899,3.2323232323232323,0.0,0.0
30.707070707070706,3.2323232323232323,0.0,0.0
31.515151515151516,3.2323232323232323,0.0,0.0
32.323232323232325,3.2323232323232323,0.0,0.0
33.13131313131313,3.2323232323232323,0.0,0.0
33.93939393939394,3.2323232323232323,0.0,0.0
34.74747474747475,3.2323232323232323,0.0,0.0
35.55555555555556,3.2323232323232323,0.0,0.0
36.36363636363636,3.2323232323232323,0.0,0.0
37.17171717171717,3.2323232323232323,0.0,0.0
37.97979797979798,3.2323232323232323,0.0,0.0
38.78787878787879,3.2323232323232323,0.0,0.0
39.5959595959596,3.2323232323232323,0.0,0.0
40.4040404040404,3.2323232323232323,0.0,0.0
41.21212121212121,3.2323232323232323,0.0,0.0
42.02020202020202,3.2323232323232323,0.0,0.0
42.82828282828283,3.2323232323232323,0.0,0.0
43.63636363636363,3.2323232323232323,0.0,0.0
44.44444444444444,3.2323232323232323,0.0,0.0
45.25252525252525,3.2323232323232323,0.0,0.0
46.06060606060606,3.2323232323232323,0.0,0.0
46.868686868686865,3.2323232323232323,0.0,0.0
47.676767676767675,3.2323232323232323,0.0,0.0
48.484848484848484,3.2323232323232323,0.0,0.0
49.292929292929294,3.2323232323232323,0.0,0.0
50.1010101010101,3.2323232323232323,0.0,0.0
50.90909090909091,3.2323232323232323,0.0,0.0
51.717171717171716,3.2323232323232323,0.0,0.0
52.525252525252526,3.2323232323232323,0.0,0.0
53.333333333333336,3.2323232323232323,0.0,0.0
54.14141414141414,3.2323232323232323,0.0,0.0
54.94949494949495,3.2323232323232323,0.0,0.0
55.75757575757576,3.2323232323232323,0.0,0.0
56.56565656565657,3.2323232323232323,0.0,0.0
57.37373737373737,3.2323232323232323,0.0,0.0
58.18181818181818,3.2323232323232323,0.0,0.0
58.98989898989899,3.2323232323232323,0.0,0.0
59.7979797979798,3.2323232323232323,0.0,0.0
60.6060606060606,3.2323232323232323,0.0,0.0
61.41414141414141,3.2323232323232323,0.0,0.0
62.22222222222222,3.2323232323232323,0.0,0.0
63.03030303030303,3.2323232323232323,0.0,0.0
63.838383838383834,3.2323232323232323,0.0,0.0
64.64646464646465,3.2323232323232323,0.0,0.0
65.45454545454545,3.2323232323232323,0.0,0.0
66.26262626262626,3.2323232323232323,0.0,0.0
67.07070707070707,3.2323232323232323,0.0,0.0
67.87878787878788,3.2323232323232323,0.0,0.0
68.68686868686869,3.2323232323232323,0.0,0.0
69.4949494949495,3.2323232323232323,0.0,0.0
70.3030303030303,3.2323232323232323,0.0,0.0
71.11111111111111,3.2323232323232323,0.0,0.0
71.91919191919192,3.2323232323232323,0.0,0.0
72.72727272727272,3.2323232323232323,0.0,0.0
73.53535353535354,3.2323232323232323,0.0,0.0
74.34343434343434,3.2323232323232323,0.0,0.0
75.15151515151516,3.2323232323232323,0.0,0.0
75.95959595959596,3.2323232323232323,0.0,0.0
76.76767676767676,3.2323232323232323,0.0,0.0
77.57575757575758,3.2323232323232323,0.0,0.0
78.38383838383838,3.2323232323232323,0.0,0.0
79.1919191919192,3.2323232323232323,0.0,0.0
80.0,3.2323232323232323,0.0,0.0
0.0,4.040404040404041,0.0,0.0
0.8080808080808081,4.040404040404041,0.0,0.0
1.6161616161616161,4.040404040404041,0.0,0.0
2.4242424242424243,4.040404040404041,0.0,0.0
3.2323232323232323,4.040404040404041,0.0,0.0
4.040404040404041,4.040404040404041,0.0,0.0
4.848484848484849,4.040404040404041,0.0,0.0
5.656565656565657,4.040404040404041,0.0,0.0
6.4646464646464645,4.040404040404041,0.0,0.0
7.2727272727272725,4.040404040404041,0.0,0.0
8.080808080808081,4.040404040404041,0.0,0.0
8.88888888888889,4.040404040404041,0.0,0.0
9.696969696969697,4.040404040404041,0.0,0.0
10.505050505050505,4.040404040404041,0.0,0.0
11.313131313131313,4.040404040404041,0.0,0.0
12.121212121212121,4.040404040404041,0.0,0.0
12.929292929292929,4.040404040404041,0.0,0.0
13.737373737373737,4.040404040404041,0.0,0.0
14.545454545454545,4.040404040404041,0.0,0.0
15.353535353535353,4.040404040404041,0.0,0.0
16.161616161616163,4.040404040404041,0.0,0.0
16.96969696969697,4.040404040404041,0.0,0.0
17.77777777777778,4.040404040404041,0.0,0.0
18.585858585858585,4.040404040404041,0.0,0.0
19.393939393939394,4.040404040404041,0.0,0.0
20.2020202020202,4.040404040404041,0.0,0.0
21.01010101010101,4.040404040404041,0.0,0.0
21.818181818181817,4.040404040404041,0.0,0.0
22.626262626262626,4.040404040404041,0.0,0.0
23.434343434343432,4.040404040404041,0.0,0.0
24.242424242424242,4.040404040404041,0.0,0.0
25.05050505050505,4.040404040404041,0.0,0.0
25.858585858585858,4.040404040404041,0.0,0.0
26.666666666666668,4.040404040404041,0.0,0.0
27.474747474747474,4.040404040404041,0.0,0.0
28.282828282828284,4.040404040404041,0.0,0.0
29.09090909090909,4.040404040404041,0.0,0.0
29.8989898989899,4.040404040404041,0.0,0.0
30.707070707070706,4.040404040404041,0.0,0.0
31.515151515151516,4.040404040404041,0.0,0.0
32.323232323232325,4.040404040404041,0.0,0.0
33.13131313131313,4.040404040404041,0.0,0.0
33.93939393939394,4.040404040404041,0.0,0.0
34.74747474747475,4.040404040404041,0.0,0.0
35.55555555555556,4.040404040404041,0.0,0.0
36.36363636363636,4.040404040404041,0.0,0.0
37.17171717171717,4.040404040404041,0.0,0.0
37.97979797979798,4.040404040404041,0.0,0.0
38.78787878787879,4.040404040404041,0.0,0.0
39.5959595959596,4.040404040404041,0.0,0.0
40.4040404040404,4.040404040404041,0.0,0.0
41.21212121212121,4.040404040404041,0.0,0.0
42.02020202020202,4.040404040404041,0.0,0.0
42.82828282828283,4.040404040404041,0.0,0.0
43.63636363636363,4.040404040404041,0.0,0.0
44.44444444444444,4.040404040404041,0.0,0.0
45.25252525252525,4.040404040404041,0.0,0.0
46.06060606060606,4.040404040404041,0.0,0.0
46.868686868686865,4.040404040404041,0.0,0.0
47.676767676767675,4.040404040404041,0.0,0.0
48.484848484848484,4.040404040404041,0.0,0.0
49.292929292929294,4.040404040404041,0.0,0.0
50.1010101010101,4.040404040404041,0.0,0.0
50.90909090909091,4.040404040404041,0.0,0.0
51.717171717171716,4.040404040404041,0.0,0.0
52.525252525252526,4.040404040404041,0.0,0.0
53.333333333333336,4.040404040404041,0.0,0.0
54.14141414141414,4.040404040404041,0.0,0.0
54.94949494949495,4.040404040404041,0.0,0.0
55.75757575757576,4.040404040404041,0.0,0.0
56.56565656565657,4.040404040404041,0.0,0.0
57.37373737373737,4.040404040404041,0.0,0.0
58.18181818181818,4.040404040404041,0.0,0.0
58.98989898989899,4.040404040404041,0.0,0.0
59.7979797979798,4.040404040404041,0.0,0.0
60.6060606060606,4.040404040404041,0.0,0.0
61.41414141414141,4.040404040404041,0.0,0.0
62.22222222222222,4.040404040404041,0.0,0.0
63.03030303030303,4.040404040404041,0.0,0.0
63.838383838383834,4.040404040404041,0.0,0.0
64.64646464646465,4.040404040404041,0.0,0.0
65.45454545454545,4.040404040404041,0.0,0.0
66.26262626262626,4.040404040404041,0.0,0.0
67.07070707070707,4.040404040404041,0.0,0.0
67.87878787878788,4.040404040404041,0.0,0.0
68.68686868686869,4.040404040404041,0.0,0.0
69.4949494949495,4.040404040404041,0.0,0.0
70.3030303030303,4.040404040404041,0.0,0.0
71.11111111111111,4.040404040404041,0.0,0.0
71.91919191919192,4.040404040404041,0.0,0.0
72.72727272727272,4.040404040404041,0.0,0.0
73.53535353535354,4.040404040404041,0.0,0.0
74.34343434343434,4.040404040404041,0.0,0.0
75.15151515151516,4.040404040404041,0.0,0.0
75.95959595959596,4.040404040404041,0.0,0.0
76.76767676767676,4.040404040404041,0.0,0.0
77.57575757575758,4.040404040404041,0.0,0.0
78.38383838383838,4.040404040404041,0.0,0.0
79.1919191919192,4.040404040404041,0.0,0.0
80.0,4.040404040404041,0.0,0.0
0.0,4.848484848484849,0.0,0.0
0.8080808080808081,4.848484848484849,0.0,0.0
1.6161616161616161,4.848484848484849,0.0,0.0
2.4242424242424243,4.848484848484849,0.0,0.0
3.2323232323232323,4.848484848484849,0.0,0.0
4.040404040404041,4.848484848484849,0.0,0.0
4.848484848484849,4.848484848484849,0.0,0.0
5.656565656565657,4.848484848484849,0.0,0.0
6.4646464646464645,4.848484848484849,0.0,0.0
7.2727272727272725,4.848484848484849,0.0,0.0
8.080808080808081,4.848484848484849,0.0,0.0
8.88888888888889,4.848484848484849,0.0,0.0
9.696969696969697,4.848484848484849,0.0,0.0
10.505050505050505,4.848484848484849,0.0,0.0
11.313131313131313,4.848484848484849,0.0,0.0
12.121212121212121,4.848484848484849,0.0,0.0
12.929292929292929,4.848484848484849,0.0,0.0
13.737373737373737,4.848484848484849,0.0,0.0
14.545454545454545,4.848484848484849,0.0,0.0
15.353535353535353,4.848484848484849,0.0,0.0
16.161616161616163,4.848484848484849,0.0,0.0
16.96969696969697,4.848484848484849,0.0,0.0
17.77777777777778,4.848484848484849,0.0,0.0
18.585858585858585,4.848484848484849,0.0,0.0
19.393939393939394,4.848484848484849,0.0,0.0
20.2020202020202,4.848484848484849,0.0,0.0
21.01010101010101,4.848484848484849,0.0,0.0
21.818181818181817,4.848484848484849,0.0,0.0
22.626262626262626,4.848484848484849,0.0,0.0
23.434343434343432,4.848484848484849,0.0,0.0
24.242424242424242,4.848484848484849,0.0,0.0
25.05050505050505,4.848484848484849,0.0,0.0
25.858585858585858,4.848484848484849,0.0,0.0
26.666666666666668,4.848484848484849,0.0,0.0
27.474747474747474,4.848484848484849,0.0,0.0
28.282828282828284,4.848484848484849,0.0,0.0
29.09090909090909,4.848484848484849,0.0,0.0
29.8989898989899,4.848484848484849,0.0,0.0
30.707070707070706,4.848484848484849,0.0,0.0
31.515151515151516,4.848484848484849,0.0,0.0
32.323232323232325,4.848484848484849,0.0,0.0
33.13131313131313,4.848484848484849,0.0,0.0
33.93939393939394,4.848484848484849,0.0,0.0
34.74747474747475,4.848484848484849,0.0,0.0
35.55555555555556,4.848484848484849,0.0,0.0
36.36363636363636,4.848484848484849,0.0,0.0
37.17171717171717,4.848484848484849,0.0,0.0
37.97979797979798,4.848484848484849,0.0,0.0
38.78787878787879,4.848484848484849,0.0,0.0
39.5959595959596,4.848484848484849,0.0,0.0
40.4040404040404,4.848484848484849,0.0,0.0
41.21212121212121,4.848484848484849,0.0,0.0
42.02020202020202,4.848484848484849,0.0,0.0
42.82828282828283,4.848484848484849,0.0,0.0
43.63636363636363,4.848484848484849,0.0,0.0
44.44444444444444,4.848484848484849,0.0,0.0
45.25252525252525,4.848484848484849,0.0,0.0
46.06060606060606,4.848484848484849,0.0,0.0
46.868686868686865,4.848484848484849,0.0,0.0
47.676767676767675,4.848484848484849,0.0,0.0
48.484848484848484,4.848484848484849,0.0,0.0
49.292929292929294,4.848484848484849,0.0,0.0
50.1010101010101,4.848484848484849,0.0,0.0
50.90909090909091,4.848484848484849,0.0,0.0
51.717171717171716,4.848484848484849,0.0,0.0
52.525252525252526,4.848484848484849,0.0,0.0
53.333333333333336,4.848484848484849,0.0,0.0
54.14141414141414,4.848484848484849,0.0,0.0
54.94949494949495,4.848484848484849,0.0,0.0
55.75757575757576,4.848484848484849,0.0,0.0
56.56565656565657,4.848484848484849,0.0,0.0
57.37373737373737,4.848484848484849,0.0,0.0
58.18181818181818,4.848484848484849,0.0,0.0
58.98989898989899,4.848484848484849,0.0,0.0
59.7979797979798,4.848484848484849,0.0,0.0
60.6060606060606,4.848484848484849,0.0,0.0
61.41414141414141,4.848484848484849,0.0,0.0
62.22222222222222,4.848484848484849,0.0,0.0
63.03030303030303,4.848484848484849,0.0,0.0
63.838383838383834,4.848484848484849,0.0,0.0
64.64646464646465,4.848484848484849,0.0,0.0
65.45454545454545,4.848484848484849,0.0,0.0
66.26262626262626,4.848484848484849,0.0,0.0
67.07070707070707,4.848484848484849,0.0,0.0
67.87878787878788,4.848484848484849,0.0,0.0
68.68686868686869,4.848484848484849,0.0,0.0
69.4949494949495,4.848484848484849,0.0,0.0
70.3030303030303,4.848484848484849,0.0,0.0
71.11111111111111,4.848484848484849,0.0,0.0
71.91919191919192,4.848484848484849,0.0,0.0
72.72727272727272,4.848484848484849,0.0,0.0
73.53535353535354,4.848484848484849,0.0,0.0
74.34343434343434,4.848484848484849,0.0,0.0
75.15151515151516,4.848484848484849,0.0,0.0
75.95959595959596,4.848484848484849,0.0,0.0
76.76767676767676,4.848484848484849,0.0,0.0
77.57575757575758,4.848484848484849,0.0,0.0
78.38383838383838,4.848484848484849,0.0,0.0
79.1919191919192,4.848484848484849,0.0,0.0
80.0,4.848484848484849,0.0,0.0
0.0,5.656565656565657,0.0,0.0
0.8080808080808081,5.656565656565657,0.0,0.0
1.6161616161616161,5.656565656565657,0.0,0.0
2.4242424242424243,5.656565656565657,0.0,0.0
3.2323232323232323,5.656565656565657,0.0,0.0
4.040404040404041,5.656565656565657,0.0,0.0
4.848484848484849,5.656565656565657,0.0,0.0
5.656565656565657,5.656565656565657,0.0,0.0
6.4646464646464645,5.656565656565657,0.0,0.0
7.2727272727272725,5.656565656565657,0.0,0.0
8.080808080808081,5.656565656565657,0.0,0.0
8.88888888888889,5.656565656565657,0.0,0.0
9.696969696969697,5.656565656565657,0.0,0.0
10.505050505050505,5.656565656565657,0.0,0.0
11.313131313131313,5.656565656565657,0.0,0.0
12.121212121212121,5.656565656565657,0.0,0.0
12.929292929292929,5.656565656565657,0.0,0.0
13.737373737373737,5.656565656565657,0.0,0.0
14.545454545454545,5.656565656565657,0.0,0.0
15.353535353535353,5.656565656565657,0.0,0.0
16.161616161616163,5.656565656565657,0.0,0.0
16.96969696969697,5.656565656565657,0.0,0.0
17.77777777777778,5.656565656565657,0.0,0.0
18.585858585858585,5.656565656565657,0.0,0.0
19.393939393939394,5.656565656565657,0.0,0.0
20.2020202020202,5.656565656565657,0.0,0.0
21.01010101010101,5.656565656565657,0.0,0.0
21.818181818181817,5.656565656565657,0.0,0.0
22.626262626262626,5.656565656565657,0.0,0.0
23.434343434343432,5.656565656565657,0.0,0.0
24.242424242424242,5.656565656565657,0.0,0.0
25.05050505050505,5.656565656565657,0.0,0.0
25.858585858585858,5.656565656565657,0.0,0.0
26.666666666666668,5.656565656565657,0.0,0.0
27.474747474747474,5.656565656565657,0.0,0.0
28.282828282828284,5.656565656565657,0.0,0.0
29.09090909090909,5.656565656565657,0.0,0.0
29.8989898989899,5.656565656565657,0.0,0.0
30.707070707070706,5.656565656565657,0.0,0.0
31.515151515151516,5.656565656565657,0.0,0.0
32.323232323232325,5.656565656565657,0.0,0.0
33.13131313131313,5.656565656565657,0.0,0.0
33.93939393939394,5.656565656565657,0.0,0.0
34.74747474747475,5.656565656565657,0.0,0.0
35.55555555555556,5.656565656565657,0.0,0.0
36.36363636363636,5.656565656565657,0.0,0.0
37.17171717171717,5.656565656565657,0.0,0.0
37.97979797979798,5.656565656565657,0.0,0.0
38.78787878787879,5.656565656565657,0.0,0.0
39.5959595959596,5.656565656565657,0.0,0.0
40.4040404040404,5.656565656565657,0.0,0.0
41.21212121212121,5.656565656565657,0.0,0.0
42.02020202020202,5.656565656565657,0.0,0.0
42.82828282828283,5.656565656565657,0.0,0.0
43.63636363636363,5.656565656565657,0.0,0.0
44.44444444444444,5.656565656565657,0.0,0.0
45.25252525252525,5.656565656565657,0.0,0.0
46.06060606060606,5.656565656565657,0.0,0.0
46.868686868686865,5.656565656565657,0.0,0.0
47.676767676767675,5.656565656565657,0.0,0.0
48.484848484848484,5.656565656565657,0.0,0.0
49.292929292929294,5.656565656565657,0.0,0.0
50.1010101010101,5.656565656565657,0.0,0.0
50.90909090909091,5.656565656565657,0.0,0.0
51.717171717171716,5.656565656565657,0.0,0.0
52.525252525252526,5.656565656565657,0.0,0.0
53.333333333333336,5.656565656565657,0.0,0.0
54.14141414141414,5.656565656565657,0.0,0.0
54.94949494949495,5.656565656565657,0.0,0.0
55.75757575757576,5.656565656565657,0.0,0.0
56.56565656565657,5.656565656565657,0.0,0.0
57.37373737373737,5.656565656565657,0.0,0.0
58.18181818181818,5.656565656565657,0.0,0.0
58.98989898989899,5.656565656565657,0.0,0.0
59.7979797979798,5.656565656565657,0.0,0.0
60.6060606060606,5.656565656565657,0.0,0.0
61.41414141414141,5.656565656565657,0.0,0.0
62.22222222222222,5.656565656565657,0.0,0.0
63.03030303030303,5.656565656565657,0.0,0.0
63.838383838383834,5.656565656565657,0.0,0.0
64.64646464646465,5.656565656565657,0.0,0.0
65.45454545454545,5.656565656565657,0.0,0.0
66.26262626262626,5.656565656565657,0.0,0.0
67.07070707070707,5.656565656565657,0.0,0.0
67.87878787878788,5.656565656565657,0.0,0.0
68.68686868686869,5.656565656565657,0.0,0.0
69.4949494949495,5.656565656565657,0.0,0.0
70.3030303030303,5.656565656565657,0.0,0.0
71.11111111111111,5.656565656565657,0.0,0.0
71.91919191919192,5.656565656565657,0.0,0.0
72.72727272727272,5.656565656565657,0.0,0.0
73.53535353535354,5.656565656565657,0.0,0.0
74.34343434343434,5.656565656565657,0.0,0.0
75.15151515151516,5.656565656565657,0.0,0.0
75.95959595959596,5.656565656565657,0.0,0.0
76.76767676767676,5.656565656565657,0.0,0.0
77.57575757575758,5.656565656565657,0.0,0.0
78.38383838383838,5.656565656565657,0.0,0.0
79.1919191919192,5.656565656565657,0.0,0.0
80.0,5.656565656565657,0.0,0.0
0.0,6.4646464646464645,0.0,0.0
0.8080808080808081,6.4646464646464645,0.0,0.0
1.6161616161616161,6.4646464646464645,0.0,0.0
2.4242424242424243,6.4646464646464645,0.0,0.0
3.2323232323232323,6.4646464646464645,0.0,0.0
4.040404040404041,6.4646464646464645,0.0,0.0
4.848484848484849,6.4646464646464645,0.0,0.0
5.656565656565657,6.4646464646464645,0.0,0.0
6.4646464646464645,6.4646464646464645,0.0,0.0
7.2727272727272725,6.4646464646464645,0.0,0.0
8.080808080808081,6.4646464646464645,0.0,0.0
8.88888888888889,6.4646464646464645,0.0,0.0
9.696969696969697,6.4646464646464645,0.0,0.0
10.505050505050505,6.4646464646464645,0.0,0.0
11.313131313131313,6.4646464646464645,0.0,0.0
12.121212121212121,6.4646464646464645,0.0,0.0
12.929292929292929,6.4646464646464645,0.0,0.0
13.737373737373737,6.4646464646464645,0.0,0.0
14.545454545454545,6.4646464646464645,0.0,0.0
15.353535353535353,6.4646464646464645,0.0,0.0
16.161616161616163,6.4646464646464645,0.0,0.0
16.96969696969697,6.4646464646464645,0.0,0.0
17.77777777777778,6.4646464646464645,0.0,0.0
18.585858585858585,6.4646464646464645,0.0,0.0
19.393939393939394,6.4646464646464645,0.0,0.0
20.2020202020202,6.4646464646464645,0.0,0.0
21.01010101010101,6.4646464646464645,0.0,0.0
21.818181818181817,6.4646464646464645,0.0,0.0
22.626262626262626,6.4646464646464645,0.0,0.0
23.434343434343432,6.4646464646464645,0.0,0.0
24.242424242424242,6.4646464646464645,0.0,0.0
25.05050505050505,6.4646464646464645,0.0,0.0
25.858585858585858,6.4646464646464645,0.0,0.0
26.666666666666668,6.4646464646464645,0.0,0.0
27.474747474747474,6.4646464646464645,0.0,0.0
28.282828282828284,6.4646464646464645,0.0,0.0
29.09090909090909,6.4646464646464645,0.0,0.0
29.8989898989899,6.4646464646464645,0.0,0.0
30.707070707070706,6.4646464646464645,0.0,0.0
31.515151515151516,6.4646464646464645,0.0,0.0
32.323232323232325,6.4646464646464645,0.0,0.0
33.13131313131313,6.4646464646464645,0.0,0.0
33.93939393939394,6.4646464646464645,0.0,0.0
34.74747474747475,6.4646464646464645,0.0,0.0
35.55555555555556,6.4646464646464645,0.0,0.0
36.36363636363636,6.4646464646464645,0.0,0.0
37.17171717171717,6.4646464646464645,0.0,0.0
37.97979797979798,6.4646464646464645,0.0,0.0
38.78787878787879,6.4646464646464645,0.0,0.0
39.5959595959596,6.4646464646464645,0.0,0.0
40.4040404040404,6.4646464646464645,0.0,0.0
41.21212121212121,6.4646464646464645,0.0,0.0
42.02020202020202,6.4646464646464645,0.0,0.0
42.82828282828283,6.4646464646464645,0.0,0.0
43.63636363636363,6.4646464646464645,0.0,0.0
44.44444444444444,6.4646464646464645,0.0,0.0
45.25252525252525,6.4646464646464645,0.0,0.0
46.06060606060606,6.4646464646464645,0.0,0.0
46.868686868686865,6.4646464646464645,0.0,0.0
47.676767676767675,6.4646464646464645,0.0,0.0
48.484848484848484,6.4646464646464645,0.0,0.0
49.292929292929294,6.4646464646464645,0.0,0.0
50.1010101010101,6.4646464646464645,0.0,0.0
50.90909090909091,6.4646464646464645,0.0,0.0
51.717171717171716,6.4646464646464645,0.0,0.0
52.525252525252526,6.4646464646464645,0.0,0.0
53.333333333333336,6.4646464646464645,0.0,0.0
54.14141414141414,6.4646464646464645,0.0,0.0
54.94949494949495,6.4646464646464645,0.0,0.0
55.75757575757576,6.4646464646464645,0.0,0.0
56.56565656565657,6.4646464646464645,0.0,0.0
57.37373737373737,6.4646464646464645,0.0,0.0
58.18181818181818,6.4646464646464645,0.0,0.0
58.98989898989899,6.4646464646464645,0.0,0.0
59.7979797979798,6.4646464646464645,0.0,0.0
60.6060606060606,6.4646464646464645,0.0,0.0
61.41414141414141,6.4646464646464645,0.0,0.0
62.22222222222222,6.4646464646464645,0.0,0.0
63.03030303030303,6.4646464646464645,0.0,0.0
63.838383838383834,6.4646464646464645,0.0,0.0
64.64646464646465,6.4646464646464645,0.0,0.0
65.45454545454545,6.4646464646464645,0.0,0.0
66.26262626262626,6.4646464646464645,0.0,0.0
67.07070707070707,6.4646464646464645,0.0,0.0
67.87878787878788,6.4646464646464645,0.0,0.0
68.68686868686869,6.4646464646464645,0.0,0.0
69.4949494949495,6.4646464646464645,0.0,0.0
70.3030303030303,6.4646464646464645,0.0,0.0
71.11111111111111,6.4646464646464645,0.0,0.0
71.91919191919192,6.4646464646464645,0.0,0.0
72.72727272727272,6.4646464646464645,0.0,0.0
73.53535353535354,6.4646464646464645,0.0,0.0
74.34343434343434,6.4646464646464645,0.0,0.0
75.15151515151516,6.4646464646464645,0.0,0.0
75.95959595959596,6.4646464646464645,0.0,0.0
76.76767676767676,6.4646464646464645,0.0,0.0
77.57575757575758,6.4646464646464645,0.0,0.0
78.38383838383838,6.4646464646464645,0.0,0.0
79.1919191919192,6.4646464646464645,0.0,0.0
80.0,6.4646464646464645,0.0,0.0
0.0,7.2727272727272725,0.0,0.0
0.8080808080808081,7.2727272727272725,0.0,0.0
1.6161616161616161,7.2727272727272725,0.0,0.0
2.4242424242424243,7.2727272727272725,0.0,0.0
3.2323232323232323,7.2727272727272725,0.0,0.0
4.040404040404041,7.2727272727272725,0.0,0.0
4.848484848484849,7.2727272727272725,0.0,0.0
5.656565656565657,7.2727272727272725,0.0,0.0
6.4646464646464645,7.2727272727272725,0.0,0.0
7.2727272727272725,7.2727272727272725,0.0,0.0
8.080808080808081,7.2727272727272725,0.0,0.0
8.88888888888889,7.2727272727272725,0.0,0.0
9.696969696969697,7.2727272727272725,0.0,0.0
10.505050505050505,7.2727272727272725,0.0,0.0
11.313131313131313,7.2727272727272725,0.0,0.0
12.121212121212121,7.2727272727272725,0.0,0.0
12.929292929292929,7.2727272727272725,0.0,0.0
13.737373737373737,7.2727272727272725,0.0,0.0
14.545454545454545,7.2727272727272725,0.0,0.0
15.353535353535353,7.2727272727272725,0.0,0.0
16.161616161616163,7.2727272727272725,0.0,0.0
16.96969696969697,7.2727272727272725,0.0,0.0
17.77777777777778,7.2727272727272725,0.0,0.0
18.585858585858585,7.2727272727272725,0.0,0.0
19.393939393939394,7.2727272727272725,0.0,0.0
20.2020202020202,7.2727272727272725,0.0,0.0
21.01010101010101,7.2727272727272725,0.0,0.0
21.818181818181817,7.2727272727272725,0.0,0.0
22.626262626262626,7.2727272727272725,0.0,0.0
23.434343434343432,7.2727272727272725,0.0,0.0
24.242424242424242,7.2727272727272725,0.0,0.0
25.05050505050505,7.2727272727272725,0.0,0.0
25.858585858585858,7.2727272727272725,0.0,0.0
26.666666666666668,7.2727272727272725,0.0,0.0
27.474747474747474,7.2727272727272725,0.0,0.0
28.282828282828284,7.2727272727272725,0.0,0.0
29.09090909090909,7.2727272727272725,0.0,0.0
29.8989898989899,7.2727272727272725,0.0,0.0
30.707070707070706,7.2727272727272725,0.0,0.0
31.515151515151516,7.2727272727272725,0.0,0.0
32.323232323232325,7.2727272727272725,0.0,0.0
33.13131313131313,7.2727272727272725,0.0,0.0
33.93939393939394,7.2727272727272725,0.0,0.0
34.74747474747475,7.2727272727272725,0.0,0.0
35.55555555555556,7.2727272727272725,0.0,0.0
36.36363636363636,7.2727272727272725,0.0,0.0
37.17171717171717,7.2727272727272725,0.0,0.0
37.97979797979798,7.2727272727272725,0.0,0.0
38.78787878787879,7.2727272727272725,0.0,0.0
39.5959595959596,7.2727272727272725,0.0,0.0
40.4040404040404,7.2727272727272725,0.0,0.0
41.21212121212121,7.2727272727272725,0.0,0.0
42.02020202020202,7.2727272727272725,0.0,0.0
42.82828282828283,7.2727272727272725,0.0,0.0
43.63636363636363,7.2727272727272725,0.0,0.0
44.44444444444444,7.2727272727272725,0.0,0.0
45.25252525252525,7.2727272727272725,0.0,0.0
46.06060606060606,7.2727272727272725,0.0,0.0
46.868686868686865,7.2727272727272725,0.0,0.0
47.676767676767675,7.2727272727272725,0.0,0.0
48.484848484848484,7.2727272727272725,0.0,0.0
49.292929292929294,7.2727272727272725,0.0,0.0
50.1010101010101,7.2727272727272725,0.0,0.0
50.90909090909091,7.2727272727272725,0.0,0.0
51.717171717171716,7.2727272727272725,0.0,0.0
52.525252525252526,7.2727272727272725,0.0,0.0
53.333333333333336,7.2727272727272725,0.0,0.0
54.14141414141414,7.2727272727272725,0.0,0.0
54.94949494949495,7.2727272727272725,0.0,0.0
55.75757575757576,7.2727272727272725,0.0,0.0
56.56565656565657,7.2727272727272725,0.0,0.0
57.37373737373737,7.2727272727272725,0.0,0.0
58.18181818181818,7.2727272727272725,0.0,0.0
58.98989898989899,7.2727272727272725,0.0,0.0
59.7979797979798,7.2727272727272725,0.0,0.0
60.6060606060606,7.2727272727272725,0.0,0.0
61.41414141414141,7.2727272727272725,0.0,0.0
62.22222222222222,7.2727272727272725,0.0,0.0
63.03030303030303,7.2727272727272725,0.0,0.0
63.838383838383834,7.2727272727272725,0.0,0.0
64.64646464646465,7.2727272727272725,0.0,0.0
65.45454545454545,7.2727272727272725,0.0,0.0
66.26262626262626,7.2727272727272725,0.0,0.0
67.07070707070707,7.2727272727272725,0.0,0.0
67.87878787878788,7.2727272727272725,0.0,0.0
68.68686868686869,7.2727272727272725,0.0,0.0
69.4949494949495,7.2727272727272725,0.0,0.0
70.3030303030303,7.2727272727272725,0.0,0.0
71.11111111111111,7.2727272727272725,0.0,0.0
71.91919191919192,7.2727272727272725,0.0,0.0
72.72727272727272,7.2727272727272725,0.0,0.0
73.53535353535354,7.2727272727272725,0.0,0.0
74.34343434343434,7.2727272727272725,0.0,0.0
75.15151515151516,7.2727272727272725,0.0,0.0
75.95959595959596,7.2727272727272725,0.0,0.0
76.76767676767676,7.2727272727272725,0.0,0.0
77.57575757575758,7.2727272727272725,0.0,0.0
78.38383838383838,7.2727272727272725,0.0,0.0
79.1919191919192,7.2727272727272725,0.0,0.0
80.0,7.2727272727272725,0.0,0.0
0.0,8.080808080808081,0.0,0.0
0.8080808080808081,8.080808080808081,0.0,0.0
1.6161616161616161,8.080808080808081,0.0,0.0
2.4242424242424243,8.080808080808081,0.0,0.0
3.2323232323232323,8.080808080808081,0.0,0.0
4.040404040404041,8.080808080808081,0.0,0.0
4.848484848484849,8.080808080808081,0.0,0.0
5.656565656565657,8.080808080808081,0.0,0.0
6.4646464646464645,8.080808080808081,0.0,0.0
7.2727272727272725,8.080808080808081,0.0,0.0
8.080808080808081,8.080808080808081,0.0,0.0
8.88888888888889,8.080808080808081,0.0,0.0
9.696969696969697,8.080808080808081,0.0,0.0
10.505050505050505,8.080808080808081,0.0,0.0
11.313131313131313,8.080808080808081,0.0,0.0
12.121212121212121,8.080808080808081,0.0,0.0
12.929292929292929,8.080808080808081,0.0,0.0
13.737373737373737,8.080808080808081,0.0,0.0
14.545454545454545,8.080808080808081,0.0,0.0
15.353535353535353,8.080808080808081,0.0,0.0
16.161616161616163,8.080808080808081,0.0,0.0
16.96969696969697,8.080808080808081,0.0,0.0
17.77777777777778,8.080808080808081,0.0,0.0
18.585858585858585,8.080808080808081,0.0,0.0
19.393939393939394,8.080808080808081,0.0,0.0
20.2020202020202,8.080808080808081,0.0,0.0
21.01010101010101,8.080808080808081,0.0,0.0
21.818181818181817,8.080808080808081,0.0,0.0
22.626262626262626,8.080808080808081,0.0,0.0
23.434343434343432,8.080808080808081,0.0,0.0
24.242424242424242,8.080808080808081,0.0,0.0
25.05050505050505,8.080808080808081,0.0,0.0
25.858585858585858,8.080808080808081,0.0,0.0
26.666666666666668,8.080808080808081,0.0,0.0
27.474747474747474,8.080808080808081,0.0,0.0
28.282828282828284,8.080808080808081,0.0,0.0
29.09090909090909,8.080808080808081,0.0,0.0
29.8989898989899,8.080808080808081,0.0,0.0
30.707070707070706,8.080808080808081,0.0,0.0
31.515151515151516,8.080808080808081,0.0,0.0
32.323232323232325,8.080808080808081,0.0,0.0
33.13131313131313,8.080808080808081,0.0,0.0
33.93939393939394,8.080808080808081,0.0,0.0
34.74747474747475,8.080808080808081,0.0,0.0
35.55555555555556,8.080808080808081,0.0,0.0
36.36363636363636,8.080808080808081,0.0,0.0
37.17171717171717,8.080808080808081,0.0,0.0
37.97979797979798,8.080808080808081,0.0,0.0
38.78787878787879,8.080808080808081,0.0,0.0
39.5959595959596,8.080808080808081,0.0,0.0
40.4040404040404,8.080808080808081,0.0,0.0
41.21212121212121,8.080808080808081,0.0,0.0
42.02020202020202,8.080808080808081,0.0,0.0
42.82828282828283,8.080808080808081,0.0,0.0
43.63636363636363,8.080808080808081,0.0,0.0
44.44444444444444,8.080808080808081,0.0,0.0
45.25252525252525,8.080808080808081,0.0,0.0
46.06060606060606,8.080808080808081,0.0,0.0
46.868686868686865,8.080808080808081,0.0,0.0
47.676767676767675,8.080808080808081,0.0,0.0
48.484848484848484,8.080808080808081,0.0,0.0
49.292929292929294,8.080808080808081,0.0,0.0
50.1010101010101,8.080808080808081,0.0,0.0
50.90909090909091,8.080808080808081,0.0,0.0
51.717171717171716,8.080808080808081,0.0,0.0
52.525252525252526,8.080808080808081,0.0,0.0
53.333333333333336,8.080808080808081,0.0,0.0
54.14141414141414,8.080808080808081,0.0,0.0
54.94949494949495,8.080808080808081,0.0,0.0
55.75757575757576,8.080808080808081,0.0,0.0
56.56565656565657,8.080808080808081,0.0,0.0
57.37373737373737,8.080808080808081,0.0,0.0
58.18181818181818,8.080808080808081,0.0,0.0
58.98989898989899,8.080808080808081,0.0,0.0
59.7979797979798,8.080808080808081,0.0,0.0
60.6060606060606,8.080808080808081,0.0,0.0
61.41414141414141,8.080808080808081,0.0,0.0
62.22222222222222,8.080808080808081,0.0,0.0
63.03030303030303,8.080808080808081,0.0,0.0
63.838383838383834,8.080808080808081,0.0,0.0
64.64646464646465,8.080808080808081,0.0,0.0
65.45454545454545,8.080808080808081,0.0,0.0
66.26262626262626,8.080808080808081,0.0,0.0
67.07070707070707,8.080808080808081,0.0,0.0
67.87878787878788,8.080808080808081,0.0,0.0
68.68686868686869,8.080808080808081,0.0,0.0
69.4949494949495,8.080808080808081,0.0,0.0
70.3030303030303,8.080808080808081,0.0,0.0
71.11111111111111,8.080808080808081,0.0,0.0
71.91919191919192,8.080808080808081,0.0,0.0
72.72727272727272,8.080808080808081,0.0,0.0
73.53535353535354,8.080808080808081,0.0,0.0
74.34343434343434,8.080808080808081,0.0,0.0
75.15151515151516,8.080808080808081,0.0,0.0
75.95959595959596,8.080808080808081,0.0,0.0
76.76767676767676,8.080808080808081,0.0,0.0
77.57575757575758,8.080808080808081,0.0,0.0
78.38383838383838,8.080808080808081,0.0,0.0
79.1919191919192,8.080808080808081,0.0,0.0
80.0,8.080808080808081,0.0,0.0
0.0,8.88888888888889,0.0,0.0
0.8080808080808081,8.88888888888889,0.0,0.0
1.6161616161616161,8.88888888888889,0.0,0.0
2.4242424242424243,8.88888888888889,0.0,0.0
3.2323232323232323,8.88888888888889,0.0,0.0
4.040404040404041,8.88888888888889,0.0,0.0
4.848484848484849,8.88888888888889,0.0,0.0
5.656565656565657,8.88888888888889,0.0,0.0
6.4646464646464645,8.88888888888889,0.0,0.0
7.2727272727272725,8.88888888888889,0.0,0.0
8.080808080808081,8.88888888888889,0.0,0.0
8.88888888888889,8.88888888888889,0.0,0.0
9.696969696969697,8.88888888888889,0.0,0.0
10.505050505050505,8.88888888888889,0.0,0.0
11.313131313131313,8.88888888888889,0.0,0.0
12.121212121212121,8.88888888888889,0.0,0.0
12.929292929292929,8.88888888888889,0.0,0.0
13.737373737373737,8.88888888888889,0.0,0.0
14.545454545454545,8.88888888888889,0.0,0.0
15.353535353535353,8.88888888888889,0.0,0.0
16.161616161616163,8.88888888888889,0.0,0.0
16.96969696969697,8.88888888888889,0.0,0.0
17.77777777777778,8.88888888888889,0.0,0.0
18.585858585858585,8.88888888888889,0.0,0.0
19.393939393939394,8.88888888888889,0.0,0.0
20.2020202020202,8.88888888888889,0.0,0.0
21.01010101010101,8.88888888888889,0.0,0.0
21.818181818181817,8.88888888888889,0.0,0.0
22.626262626262626,8.88888888888889,0.0,0.0
23.434343434343432,8.88888888888889,0.0,0.0
24.242424242424242,8.88888888888889,0.0,0.0
25.05050505050505,8.88888888888889,0.0,0.0
25.858585858585858,8.88888888888889,0.0,0.0
26.666666666666668,8.88888888888889,0.0,0.0
27.474747474747474,8.88888888888889,0.0,0.0
28.282828282828284,8.88888888888889,0.0,0.0
29.09090909090909,8.88888888888889,0.0,0.0
29.8989898989899,8.88888888888889,0.0,0.0
30.707070707070706,8.88888888888889,0.0,0.0
31.515151515151516,8.88888888888889,0.0,0.0
32.323232323232325,8.88888888888889,0.0,0.0
33.13131313131313,8.88888888888889,0.0,0.0
33.93939393939394,8.88888888888889,0.0,0.0
34.74747474747475,8.88888888888889,0.0,0.0
35.55555555555556,8.88888888888889,0.0,0.0
36.36363636363636,8.88888888888889,0.0,0.0
37.17171717171717,8.88888888888889,0.0,0.0
37.97979797979798,8.88888888888889,0.0,0.0
38.78787878787879,8.88888888888889,0.0,0.0
39.5959595959596,8.88888888888889,0.0,0.0
40.4040404040404,8.88888888888889,0.0,0.0
41.21212121212121,8.88888888888889,0.0,0.0
42.02020202020202,8.88888888888889,0.0,0.0
42.82828282828283,8.88888888888889,0.0,0.0
43.63636363636363,8.88888888888889,0.0,0.0
44.44444444444444,8.88888888888889,0.0,0.0
45.25252525252525,8.88888888888889,0.0,0.0
46.06060606060606,8.88888888888889,0.0,0.0
46.868686868686865,8.88888888888889,0.0,0.0
47.676767676767675,8.88888888888889,0.0,0.0
48.484848484848484,8.88888888888889,0.0,0.0
49.292929292929294,8.88888888888889,0.0,0.0
50.1010101010101,8.88888888888889,0.0,0.0
50.90909090909091,8.88888888888889,0.0,0.0
51.717171717171716,8.88888888888889,0.0,0.0
52.525252525252526,8.88888888888889,0.0,0.0
53.333333333333336,8.88888888888889,0.0,0.0
54.14141414141414,8.88888888888889,0.0,0.0
54.94949494949495,8.88888888888889,0.0,0.0
55.75757575757576,8.88888888888889,0.0,0.0
56.56565656565657,8.88888888888889,0.0,0.0
57.37373737373737,8.88888888888889,0.0,0.0
58.18181818181818,8.88888888888889,0.0,0.0
58.98989898989899,8.88888888888889,0.0,0.0
59.7979797979798,8.88888888888889,0.0,0.0
60.6060606060606,8.88888888888889,0.0,0.0
61.41414141414141,8.88888888888889,0.0,0.0
62.22222222222222,8.88888888888889,0.0,0.0
63.03030303030303,8.88888888888889,0.0,0.0
63.838383838383834,8.88888888888889,0.0,0.0
64.64646464646465,8.88888888888889,0.0,0.0
65.45454545454545,8.88888888888889,0.0,0.0
66.26262626262626,8.88888888888889,0.0,0.0
67.07070707070707,8.88888888888889,0.0,0.0
67.87878787878788,8.88888888888889,0.0,0.0
68.68686868686869,8.88888888888889,0.0,0.0
69.4949494949495,8.88888888888889,0.0,0.0
70.3030303030303,8.88888888888889,0.0,0.0
71.11111111111111,8.88888888888889,0.0,0.0
71.91919191919192,8.88888888888889,0.0,0.0
72.72727272727272,8.88888888888889,0.0,0.0
73.53535353535354,8.88888888888889,0.0,0.0
74.34343434343434,8.88888888888889,0.0,0.0
75.15151515151516,8.88888888888889,0.0,0.0
75.95959595959596,8.88888888888889,0.0,0.0
76.76767676767676,8.88888888888889,0.0,0.0
77.57575757575758,8.88888888888889,0.0,0.0
78.38383838383838,8.88888888888889,0.0,0.0
79.1919191919192,8.88888888888889,0.0,0.0
80.0,8.88888888888889,0.0,0.0
0.0,9.696969696969697,0.0,0.0
0.8080808080808081,9.696969696969697,0.0,0.0
1.6161616161616161,9.696969696969697,0.0,0.0
2.4242424242424243,9.696969696969697,0.0,0.0
3.2323232323232323,9.696969696969697,0.0,0.0
4.040404040404041,9.696969696969697,0.0,0.0
4.848484848484849,9.696969696969697,0.0,0.0
5.656565656565657,9.696969696969697,0.0,0.0
6.4646464646464645,9.696969696969697,0.0,0.0
7.2727272727272725,9.696969696969697,0.0,0.0
8.080808080808081,9.696969696969697,0.0,0.0
8.88888888888889,9.696969696969697,0.0,0.0
9.696969696969697,9.696969696969697,0.0,0.0
10.505050505050505,9.696969696969697,0.0,0.0
11.313131313131313,9.696969696969697,0.0,0.0
12.121212121212121,9.696969696969697,0.0,0.0
12.929292929292929,9.696969696969697,0.0,0.0
13.737373737373737,9.696969696969697,0.0,0.0
14.545454545454545,9.696969696969697,0.0,0.0
15.353535353535353,9.696969696969697,0.0,0.0
16.161616161616163,9.696969696969697,0.0,0.0
16.96969696969697,9.696969696969697,0.0,0.0
17.77777777777778,9.696969696969697,0.0,0.0
18.585858585858585,9.696969696969697,0.0,0.0
19.393939393939394,9.696969696969697,0.0,0.0
20.2020202020202,9.696969696969697,0.0,0.0
21.01010101010101,9.696969696969697,0.0,0.0
21.818181818181817,9.696969696969697,0.0,0.0
22.626262626262626,9.696969696969697,0.0,0.0
23.434343434343432,9.696969696969697,0.0,0.0
24.242424242424242,9.696969696969697,0.0,0.0
25.05050505050505,9.696969696969697,0.0,0.0
25.858585858585858,9.696969696969697,0.0,0.0
26.666666666666668,9.696969696969697,0.0,0.0
27.474747474747474,9.696969696969697,0.0,0.0
28.282828282828284,9.696969696969697,0.0,0.0
29.09090909090909,9.696969696969697,0.0,0.0
29.8989898989899,9.696969696969697,0.0,0.0
30.707070707070706,9.696969696969697,0.0,0.0
31.515151515151516,9.696969696969697,0.0,0.0
32.323232323232325,9.696969696969697,0.0,0.0
33.13131313131313,9.696969696969697,0.0,0.0
33.93939393939394,9.696969696969697,0.0,0.0
34.74747474747475,9.696969696969697,0.0,0.0
35.55555555555556,9.696969696969697,0.0,0.0
36.36363636363636,9.696969696969697,0.0,0.0
37.17171717171717,9.696969696969697,0.0,0.0
37.97979797979798,9.696969696969697,0.0,0.0
38.78787878787879,9.696969696969697,0.0,0.0
39.5959595959596,9.696969696969697,0.0,0.0
40.4040404040404,9.696969696969697,0.0,0.0
41.21212121212121,9.696969696969697,0.0,0.0
42.02020202020202,9.696969696969697,0.0,0.0
42.82828282828283,9.696969696969697,0.0,0.0
43.63636363636363,9.696969696969697,0.0,0.0
44.44444444444444,9.696969696969697,0.0,0.0
45.25252525252525,9.696969696969697,0.0,0.0
46.06060606060606,9.696969696969697,0.0,0.0
46.868686868686865,9.696969696969697,0.0,0.0
47.676767676767675,9.696969696969697,0.0,0.0
48.484848484848484,9.696969696969697,0.0,0.0
49.292929292929294,9.696969696969697,0.0,0.0
50.1010101010101,9.696969696969697,0.0,0.0
50.90909090909091,9.696969696969697,0.0,0.0
51.717171717171716,9.696969696969697,0.0,0.0
52.525252525252526,9.696969696969697,0.0,0.0
53.333333333333336,9.696969696969697,0.0,0.0
54.14141414141414,9.696969696969697,0.0,0.0
54.94949494949495,9.696969696969697,0.0,0.0
55.75757575757576,9.696969696969697,0.0,0.0
56.56565656565657,9.696969696969697,0.0,0.0
57.37373737373737,9.696969696969697,0.0,0.0
58.18181818181818,9.696969696969697,0.0,0.0
58.98989898989899,9.696969696969697,0.0,0.0
59.7979797979798,9.696969696969697,0.0,0.0
60.6060606060606,9.696969696969697,0.0,0.0
61.41414141414141,9.696969696969697,0.0,0.0
62.22222222222222,9.696969696969697,0.0,0.0
63.03030303030303,9.696969696969697,0.0,0.0
63.838383838383834,9.696969696969697,0.0,0.0
64.64646464646465,9.696969696969697,0.0,0.0
65.45454545454545,9.696969696969697,0.0,0.0
66.26262626262626,9.696969696969697,0.0,0.0
67.07070707070707,9.696969696969697,0.0,0.0
67.87878787878788,9.696969696969697,0.0,0.0
68.68686868686869,9.696969696969697,0.0,0.0
69.4949494949495,9.696969696969697,0.0,0.0
70.3030303030303,9.696969696969697,0.0,0.0
71.11111111111111,9.696969696969697,0.0,0.0
71.91919191919192,9.696969696969697,0.0,0.0
72.72727272727272,9.696969696969697,0.0,0.0
73.53535353535354,9.696969696969697,0.0,0.0
74.34343434343434,9.696969696969697,0.0,0.0
75.15151515151516,9.696969696969697,0.0,0.0
75.95959595959596,9.696969696969697,0.0,0.0
76.76767676767676,9.696969696969697,0.0,0.0
77.57575757575758,9.696969696969697,0.0,0.0
78.38383838383838,9.696969696969697,0.0,0.0
79.1919191919192,9.696969696969697,0.0,0.0
80.0,9.696969696969697,0.0,0.0
0.0,10.505050505050505,0.0,0.0
0.8080808080808081,10.505050505050505,0.0,0.0
1.6161616161616161,10.505050505050505,0.0,0.0
2.4242424242424243,10.505050505050505,0.0,0.0
3.2323232323232323,10.505050505050505,0.0,0.0
4.040404040404041,10.505050505050505,0.0,0.0
4.848484848484849,10.505050505050505,0.0,0.0
5.656565656565657,10.505050505050505,0.0,0.0
6.4646464646464645,10.505050505050505,0.0,0.0
7.2727272727272725,10.505050505050505,0.0,0.0
8.080808080808081,10.505050505050505,0.0,0.0
8.88888888888889,10.505050505050505,0.0,0.0
9.696969696969697,10.505050505050505,0.0,0.0
10.505050505050505,10.505050505050505,0.0,0.0
11.313131313131313,10.505050505050505,0.0,0.0
12.121212121212121,10.505050505050505,0.0,0.0
12.929292929292929,10.505050505050505,0.0,0.0
13.737373737373737,10.505050505050505,0.0,0.0
14.545454545454545,10.505050505050505,0.0,0.0
15.353535353535353,10.505050505050505,0.0,0.0
16.161616161616163,10.505050505050505,0.0,0.0
16.96969696969697,10.505050505050505,0.0,0.0
17.77777777777778,10.505050505050505,0.0,0.0
18.585858585858585,10.505050505050505,0.0,0.0
19.393939393939394,10.505050505050505,0.0,0.0
20.2020202020202,10.505050505050505,0.0,0.0
21.01010101010101,10.505050505050505,0.0,0.0
21.818181818181817,10.505050505050505,0.0,0.0
22.626262626262626,10.505050505050505,0.0,0.0
23.434343434343432,10.505050505050505,0.0,0.0
24.242424242424242,10.505050505050505,0.0,0.0
25.05050505050505,10.505050505050505,0.0,0.0
25.858585858585858,10.505050505050505,0.0,0.0
26.666666666666668,10.505050505050505,0.0,0.0
27.474747474747474,10.505050505050505,0.0,0.0
28.282828282828284,10.505050505050505,0.0,0.0
29.09090909090909,10.505050505050505,0.0,0.0
29.8989898989899,10.505050505050505,0.0,0.0
30.707070707070706,10.505050505050505,0.0,0.0
31.515151515151516,10.505050505050505,0.0,0.0
32.323232323232325,10.505050505050505,0.0,0.0
33.13131313131313,10.505050505050505,0.0,0.0
33.93939393939394,10.505050505050505,0.0,0.0
34.74747474747475,10.505050505050505,0.0,0.0
35.55555555555556,10.505050505050505,0.0,0.0
36.36363636363636,10.505050505050505,0.0,0.0
37.17171717171717,10.505050505050505,0.0,0.0
37.97979797979798,10.505050505050505,0.0,0.0
38.78787878787879,10.505050505050505,0.0,0.0
39.5959595959596,10.505050505050505,0.0,0.0
40.4040404040404,10.505050505050505,0.0,0.0
41.21212121212121,10.505050505050505,0.0,0.0
42.02020202020202,10.505050505050505,0.0,0.0
42.82828282828283,10.505050505050505,0.0,0.0
43.63636363636363,10.505050505050505,0.0,0.0
44.44444444444444,10.505050505050505,0.0,0.0
45.25252525252525,10.505050505050505,0.0,0.0
46.06060606060606,10.505050505050505,0.0,0.0
46.868686868686865,10.505050505050505,0.0,0.0
47.676767676767675,10.505050505050505,0.0,0.0
48.484848484848484,10.505050505050505,0.0,0.0
49.292929292929294,10.505050505050505,0.0,0.0
50.1010101010101,10.505050505050505,0.0,0.0
50.90909090909091,10.505050505050505,0.0,0.0
51.717171717171716,10.505050505050505,0.0,0.0
52.525252525252526,10.505050505050505,0.0,0.0
53.333333333333336,10.505050505050505,0.0,0.0
54.14141414141414,10.505050505050505,0.0,0.0
54.94949494949495,10.505050505050505,0.0,0.0
55.75757575757576,10.505050505050505,0.0,0.0
56.56565656565657,10.505050505050505,0.0,0.0
57.37373737373737,10.505050505050505,0.0,0.0
58.18181818181818,10.505050505050505,0.0,0.0
58.98989898989899,10.505050505050505,0.0,0.0
59.7979797979798,10.505050505050505,0.0,0.0
60.6060606060606,10.505050505050505,0.0,0.0
61.41414141414141,10.505050505050505,0.0,0.0
62.22222222222222,10.505050505050505,0.0,0.0
63.03030303030303,10.505050505050505,0.0,0.0
63.838383838383834,10.505050505050505,0.0,0.0
64.64646464646465,10.505050505050505,0.0,0.0
65.45454545454545,10.505050505050505,0.0,0.0
66.26262626262626,10.505050505050505,0.0,0.0
67.07070707070707,10.505050505050505,0.0,0.0
67.87878787878788,10.505050505050505,0.0,0.0
68.68686868686869,10.505050505050505,0.0,0.0
69.4949494949495,10.505050505050505,0.0,0.0
70.3030303030303,10.505050505050505,0.0,0.0
71.11111111111111,10.505050505050505,0.0,0.0
71.91919191919192,10.505050505050505,0.0,0.0
72.72727272727272,10.505050505050505,0.0,0.0
73.53535353535354,10.505050505050505,0.0,0.0
74.34343434343434,10.505050505050505,0.0,0.0
75.15151515151516,10.505050505050505,0.0,0.0
75.95959595959596,10.505050505050505,0.0,0.0
76.76767676767676,10.505050505050505,0.0,0.0
77.57575757575758,10.505050505050505,0.0,0.0
78.38383838383838,10.505050505050505,0.0,0.0
79.1919191919192,10.505050505050505,0.0,0.0
80.0,10.505050505050505,0.0,0.0
0.0,11.313131313131313,0.0,0.0
0.8080808080808081,11.313131313131313,0.0,0.0
1.6161616161616161,11.313131313131313,0.0,0.0
2.4242424242424243,11.313131313131313,0.0,0.0
3.2323232323232323,11.313131313131313,0.0,0.0
4.040404040404041,11.313131313131313,0.0,0.0
4.848484848484849,11.313131313131313,0.0,0.0
5.656565656565657,11.313131313131313,0.0,0.0
6.4646464646464645,11.313131313131313,0.0,0.0
7.2727272727272725,11.313131313131313,0.0,0.0
8.080808080808081,11.313131313131313,0.0,0.0
8.88888888888889,11.313131313131313,0.0,0.0
9.696969696969697,11.313131313131313,0.0,0.0
10.505050505050505,11.313131313131313,0.0,0.0
11.313131313131313,11.313131313131313,0.0,0.0
12.121212121212121,11.313131313131313,0.0,0.0
12.929292929292929,11.313131313131313,0.0,0.0
13.737373737373737,11.313131313131313,0.0,0.0
14.545454545454545,11.313131313131313,0.0,0.0
15.353535353535353,11.313131313131313,0.0,0.0
16.161616161616163,11.313131313131313,0.0,0.0
16.96969696969697,11.313131313131313,0.0,0.0
17.77777777777778,11.313131313131313,0.0,0.0
18.585858585858585,11.313131313131313,0.0,0.0
19.393939393939394,11.313131313131313,0.0,0.0
20.2020202020202,11.313131313131313,0.0,0.0
21.01010101010101,11.313131313131313,0.0,0.0
21.818181818181817,11.313131313131313,0.0,0.0
22.626262626262626,11.313131313131313,0.0,0.0
23.434343434343432,11.313131313131313,0.0,0.0
24.242424242424242,11.313131313131313,0.0,0.0
25.05050505050505,11.313131313131313,0.0,0.0
25.858585858585858,11.313131313131313,0.0,0.0
26.666666666666668,11.313131313131313,0.0,0.0
27.474747474747474,11.313131313131313,0.0,0.0
28.282828282828284,11.313131313131313,0.0,0.0
29.09090909090909,11.313131313131313,0.0,0.0
29.8989898989899,11.313131313131313,0.0,0.0
30.707070707070706,11.313131313131313,0.0,0.0
31.515151515151516,11.313131313131313,0.0,0.0
32.323232323232325,11.313131313131313,0.0,0.0
33.13131313131313,11.313131313131313,0.0,0.0
33.93939393939394,11.313131313131313,0.0,0.0
34.74747474747475,11.313131313131313,0.0,0.0
35.55555555555556,11.313131313131313,0.0,0.0
36.36363636363636,11.313131313131313,0.0,0.0
37.17171717171717,11.313131313131313,0.0,0.0
37.97979797979798,11.313131313131313,0.0,0.0
38.78787878787879,11.313131313131313,0.0,0.0
39.5959595959596,11.313131313131313,0.0,0.0
40.4040404040404,11.313131313131313,0.0,0.0
41.21212121212121,11.313131313131313,0.0,0.0
42.02020202020202,11.313131313131313,0.0,0.0
42.82828282828283,11.313131313131313,0.0,0.0
43.63636363636363,11.313131313131313,0.0,0.0
44.44444444444444,11.313131313131313,0.0,0.0
45.25252525252525,11.313131313131313,0.0,0.0
46.06060606060606,11.313131313131313,0.0,0.0
46.868686868686865,11.313131313131313,0.0,0.0
47.676767676767675,11.313131313131313,0.0,0.0
48.484848484848484,11.313131313131313,0.0,0.0
49.292929292929294,11.313131313131313,0.0,0.0
50.1010101010101,11.313131313131313,0.0,0.0
50.90909090909091,11.313131313131313,0.0,0.0
51.717171717171716,11.313131313131313,0.0,0.0
52.525252525252526,11.313131313131313,0.0,0.0
53.333333333333336,11.313131313131313,0.0,0.0
54.14141414141414,11.313131313131313,0.0,0.0
54.94949494949495,11.313131313131313,0.0,0.0
55.75757575757576,11.313131313131313,0.0,0.0
56.56565656565657,11.313131313131313,0.0,0.0
57.37373737373737,11.313131313131313,0.0,0.0
58.18181818181818,11.313131313131313,0.0,0.0
58.98989898989899,11.313131313131313,0.0,0.0
59.7979797979798,11.313131313131313,0.0,0.0
60.6060606060606,11.313131313131313,0.0,0.0
61.41414141414141,11.313131313131313,0.0,0.0
62.22222222222222,11.313131313131313,0.0,0.0
63.03030303030303,11.313131313131313,0.0,0.0
63.838383838383834,11.313131313131313,0.0,0.0
64.64646464646465,11.313131313131313,0.0,0.0
65.45454545454545,11.313131313131313,0.0,0.0
66.26262626262626,11.313131313131313,0.0,0.0
67.07070707070707,11.313131313131313,0.0,0.0
67.87878787878788,11.313131313131313,0.0,0.0
68.68686868686869,11.313131313131313,0.0,0.0
69.4949494949495,11.313131313131313,0.0,0.0
70.3030303030303,11.313131313131313,0.0,0.0
71.11111111111111,11.313131313131313,0.0,0.0
71.91919191919192,11.313131313131313,0.0,0.0
72.72727272727272,11.313131313131313,0.0,0.0
73.53535353535354,11.313131313131313,0.0,0.0
74.34343434343434,11.313131313131313,0.0,0.0
75.15151515151516,11.313131313131313,0.0,0.0
75.95959595959596,11.313131313131313,0.0,0.0
76.76767676767676,11.313131313131313,0.0,0.0
77.57575757575758,11.313131313131313,0.0,0.0
78.38383838383838,11.313131313131313,0.0,0.0
79.1919191919192,11.313131313131313,0.0,0.0
80.0,11.313131313131313,0.0,0.0
0.0,12.121212121212121,0.0,0.0
0.8080808080808081,12.121212121212121,0.0,0.0
1.6161616161616161,12.121212121212121,0.0,0.0
2.4242424242424243,12.121212121212121,0.0,0.0
3.2323232323232323,12.121212121212121,0.0,0.0
4.040404040404041,12.121212121212121,0.0,0.0
4.848484848484849,12.121212121212121,0.0,0.0
5.656565656565657,12.121212121212121,0.0,0.0
6.4646464646464645,12.121212121212121,0.0,0.0
7.2727272727272725,12.121212121212121,0.0,0.0
8.080808080808081,12.121212121212121,0.0,0.0
8.88888888888889,12.121212121212121,0.0,0.0
9.696969696969697,12.121212121212121,0.0,0.0
10.505050505050505,12.121212121212121,0.0,0.0
11.313131313131313,12.121212121212121,0.0,0.0
12.121212121212121,12.121212121212121,0.0,0.0
12.929292929292929,12.121212121212121,0.0,0.0
13.737373737373737,12.121212121212121,0.0,0.0
14.545454545454545,12.121212121212121,0.0,0.0
15.353535353535353,12.121212121212121,0.0,0.0
16.161616161616163,12.121212121212121,0.0,0.0
16.96969696969697,12.121212121212121,0.0,0.0
17.77777777777778,12.121212121212121,0.0,0.0
18.585858585858585,12.121212121212121,0.0,0.0
19.393939393939394,12.121212121212121,0.0,0.0
20.2020202020202,12.121212121212121,0.0,0.0
21.01010101010101,12.121212121212121,0.0,0.0
21.818181818181817,12.121212121212121,0.0,0.0
22.626262626262626,12.121212121212121,0.0,0.0
23.434343434343432,12.121212121212121,0.0,0.0
24.242424242424242,12.121212121212121,0.0,0.0
25.05050505050505,12.121212121212121,0.0,0.0
25.858585858585858,12.121212121212121,0.0,0.0
26.666666666666668,12.121212121212121,0.0,0.0
27.474747474747474,12.121212121212121,0.0,0.0
28.282828282828284,12.121212121212121,0.0,0.0
29.09090909090909,12.121212121212121,0.0,0.0
29.8989898989899,12.121212121212121,0.0,0.0
30.707070707070706,12.121212121212121,0.0,0.0
31.515151515151516,12.121212121212121,0.0,0.0
32.323232323232325,12.121212121212121,0.0,0.0
33.13131313131313,12.121212121212121,0.0,0.0
33.93939393939394,12.121212121212121,0.0,0.0
34.74747474747475,12.121212121212121,0.0,0.0
35.55555555555556,12.121212121212121,0.0,0.0
36.36363636363636,12.121212121212121,0.0,0.0
37.17171717171717,12.121212121212121,0.0,0.0
37.97979797979798,12.121212121212121,0.0,0.0
38.78787878787879,12.121212121212121,0.0,0.0
39.5959595959596,12.121212121212121,0.0,0.0
40.4040404040404,12.121212121212121,0.0,0.0
41.21212121212121,12.121212121212121,0.0,0.0
42.02020202020202,12.121212121212121,0.0,0.0
42.82828282828283,12.121212121212121,0.0,0.0
43.63636363636363,12.121212121212121,0.0,0.0
44.44444444444444,12.121212121212121,0.0,0.0
45.25252525252525,12.121212121212121,0.0,0.0
46.06060606060606,12.121212121212121,0.0,0.0
46.868686868686865,12.121212121212121,0.0,0.0
47.676767676767675,12.121212121212121,0.0,0.0
48.484848484848484,12.121212121212121,0.0,0.0
49.292929292929294,12.121212121212121,0.0,0.0
50.1010101010101,12.121212121212121,0.0,0.0
50.90909090909091,12.121212121212121,0.0,0.0
51.717171717171716,12.121212121212121,0.0,0.0
52.525252525252526,12.121212121212121,0.0,0.0
53.333333333333336,12.121212121212121,0.0,0.0
54.14141414141414,12.121212121212121,0.0,0.0
54.94949494949495,12.121212121212121,0.0,0.0
55.75757575757576,12.121212121212121,0.0,0.0
56.56565656565657,12.121212121212121,0.0,0.0
57.37373737373737,12.121212121212121,0.0,0.0
58.18181818181818,12.121212121212121,0.0,0.0
58.98989898989899,12.121212121212121,0.0,0.0
59.7979797979798,12.121212121212121,0.0,0.0
60.6060606060606,12.121212121212121,0.0,0.0
61.41414141414141,12.121212121212121,0.0,0.0
62.22222222222222,12.121212121212121,0.0,0.0
63.03030303030303,12.121212121212121,0.0,0.0
63.838383838383834,12.121212121212121,0.0,0.0
64.64646464646465,12.121212121212121,0.0,0.0
65.45454545454545,12.121212121212121,0.0,0.0
66.26262626262626,12.121212121212121,0.0,0.0
67.07070707070707,12.121212121212121,0.0,0.0
67.87878787878788,12.121212121212121,0.0,0.0
68.68686868686869,12.121212121212121,0.0,0.0
69.4949494949495,12.121212121212121,0.0,0.0
70.3030303030303,12.121212121212121,0.0,0.0
71.11111111111111,12.121212121212121,0.0,0.0
71.91919191919192,12.121212121212121,0.0,0.0
72.72727272727272,12.121212121212121,0.0,0.0
73.53535353535354,12.121212121212121,0.0,0.0
74.34343434343434,12.121212121212121,0.0,0.0
75.15151515151516,12.121212121212121,0.0,0.0
75.95959595959596,12.121212121212121,0.0,0.0
76.76767676767676,12.121212121212121,0.0,0.0
77.57575757575758,12.121212121212121,0.0,0.0
78.38383838383838,12.121212121212121,0.0,0.0
79.1919191919192,12.121212121212121,0.0,0.0
80.0,12.121212121212121,0.0,0.0
0.0,12.929292929292929,0.0,0.0
0.8080808080808081,12.929292929292929,0.0,0.0
1.6161616161616161,12.929292929292929,0.0,0.0
2.4242424242424243,12.929292929292929,0.0,0.0
3.2323232323232323,12.929292929292929,0.0,0.0
4.040404040404041,12.929292929292929,0.0,0.0
4.848484848484849,12.929292929292929,0.0,0.0
5.656565656565657,12.929292929292929,0.0,0.0
6.4646464646464645,12.929292929292929,0.0,0.0
7.2727272727272725,12.929292929292929,0.0,0.0
8.080808080808081,12.929292929292929,0.0,0.0
8.88888888888889,12.929292929292929,0.0,0.0
9.696969696969697,12.929292929292929,0.0,0.0
10.505050505050505,12.929292929292929,0.0,0.0
11.313131313131313,12.929292929292929,0.0,0.0
12.121212121212121,12.929292929292929,0.0,0.0
12.929292929292929,12.929292929292929,0.0,0.0
13.737373737373737,12.929292929292929,0.0,0.0
14.545454545454545,12.929292929292929,0.0,0.0
15.353535353535353,12.929292929292929,0.0,0.0
16.161616161616163,12.929292929292929,0.0,0.0
16.96969696969697,12.929292929292929,0.0,0.0
17.77777777777778,12.929292929292929,0.0,0.0
18.585858585858585,12.929292929292929,0.0,0.0
19.393939393939394,12.929292929292929,0.0,0.0
20.2020202020202,12.929292929292929,0.0,0.0
21.01010101010101,12.929292929292929,0.0,0.0
21.818181818181817,12.929292929292929,0.0,0.0
22.626262626262626,12.929292929292929,0.0,0.0
23.434343434343432,12.929292929292929,0.0,0.0
24.242424242424242,12.929292929292929,0.0,0.0
25.05050505050505,12.929292929292929,0.0,0.0
25.858585858585858,12.929292929292929,0.0,0.0
26.666666666666668,12.929292929292929,0.0,0.0
27.474747474747474,12.929292929292929,0.0,0.0
28.282828282828284,12.929292929292929,0.0,0.0
29.09090909090909,12.929292929292929,0.0,0.0
29.8989898989899,12.929292929292929,0.0,0.0
30.707070707070706,12.929292929292929,0.0,0.0
31.515151515151516,12.929292929292929,0.0,0.0
32.323232323232325,12.929292929292929,0.0,0.0
33.13131313131313,12.929292929292929,0.0,0.0
33.93939393939394,12.929292929292929,0.0,0.0
34.74747474747475,12.929292929292929,0.0,0.0
35.55555555555556,12.929292929292929,0.0,0.0
36.36363636363636,12.929292929292929,0.0,0.0
37.17171717171717,12.929292929292929,0.0,0.0
37.97979797979798,12.929292929292929,0.0,0.0
38.78787878787879,12.929292929292929,0.0,0.0
39.5959595959596,12.929292929292929,0.0,0.0
40.4040404040404,12.929292929292929,0.0,0.0
41.21212121212121,12.929292929292929,0.0,0.0
42.02020202020202,12.929292929292929,0.0,0.0
42.82828282828283,12.929292929292929,0.0,0.0
43.63636363636363,12.929292929292929,0.0,0.0
44.44444444444444,12.929292929292929,0.0,0.0
45.25252525252525,12.929292929292929,0.0,0.0
46.06060606060606,12.929292929292929,0.0,0.0
46.868686868686865,12.929292929292929,0.0,0.0
47.676767676767675,12.929292929292929,0.0,0.0
48.484848484848484,12.929292929292929,0.0,0.0
49.292929292929294,12.929292929292929,0.0,0.0
50.1010101010101,12.929292929292929,0.0,0.0
50.90909090909091,12.929292929292929,0.0,0.0
51.717171717171716,12.929292929292929,0.0,0.0
52.525252525252526,12.929292929292929,0.0,0.0
53.333333333333336,12.929292929292929,0.0,0.0
54.14141414141414,12.929292929292929,0.0,0.0
54.94949494949495,12.929292929292929,0.0,0.0
55.75757575757576,12.929292929292929,0.0,0.0
56.56565656565657,12.929292929292929,0.0,0.0
57.37373737373737,12.929292929292929,0.0,0.0
58.18181818181818,12.929292929292929,0.0,0.0
58.98989898989899,12.929292929292929,0.0,0.0
59.7979797979798,12.929292929292929,0.0,0.0
60.6060606060606,12.929292929292929,0.0,0.0
61.41414141414141,12.929292929292929,0.0,0.0
62.22222222222222,12.929292929292929,0.0,0.0
63.03030303030303,12.929292929292929,0.0,0.0
63.838383838383834,12.929292929292929,0.0,0.0
64.64646464646465,12.929292929292929,0.0,0.0
65.45454545454545,12.929292929292929,0.0,0.0
66.26262626262626,12.929292929292929,0.0,0.0
67.07070707070707,12.929292929292929,0.0,0.0
67.87878787878788,12.929292929292929,0.0,0.0
68.68686868686869,12.929292929292929,0.0,0.0
69.4949494949495,12.929292929292929,0.0,0.0
70.3030303030303,12.929292929292929,0.0,0.0
71.11111111111111,12.929292929292929,0.0,0.0
71.91919191919192,12.929292929292929,0.0,0.0
72.72727272727272,12.929292929292929,0.0,0.0
73.53535353535354,12.929292929292929,0.0,0.0
74.34343434343434,12.929292929292929,0.0,0.0
75.15151515151516,12.929292929292929,0.0,0.0
75.95959595959596,12.929292929292929,0.0,0.0
76.76767676767676,12.929292929292929,0.0,0.0
77.57575757575758,12.929292929292929,0.0,0.0
78.38383838383838,12.929292929292929,0.0,0.0
79.1919191919192,12.929292929292929,0.0,0.0
80.0,12.929292929292929,0.0,0.0
0.0,13.737373737373737,0.0,0.0
0.8080808080808081,13.737373737373737,0.0,0.0
1.6161616161616161,13.737373737373737,0.0,0.0
2.4242424242424243,13.737373737373737,0.0,0.0
3.2323232323232323,13.737373737373737,0.0,0.0
4.040404040404041,13.737373737373737,0.0,0.0
4.848484848484849,13.737373737373737,0.0,0.0
5.656565656565657,13.737373737373737,0.0,0.0
6.4646464646464645,13.737373737373737,0.0,0.0
7.2727272727272725,13.737373737373737,0.0,0.0
8.080808080808081,13.737373737373737,0.0,0.0
8.88888888888889,13.737373737373737,0.0,0.0
9.696969696969697,13.737373737373737,0.0,0.0
10.505050505050505,13.737373737373737,0.0,0.0
11.313131313131313,13.737373737373737,0.0,0.0
12.121212121212121,13.737373737373737,0.0,0.0
12.929292929292929,13.737373737373737,0.0,0.0
13.737373737373737,13.737373737373737,0.0,0.0
14.545454545454545,13.737373737373737,0.0,0.0
15.353535353535353,13.737373737373737,0.0,0.0
16.161616161616163,13.737373737373737,0.0,0.0
16.96969696969697,13.737373737373737,0.0,0.0
17.77777777777778,13.737373737373737,0.0,0.0
18.585858585858585,13.737373737373737,0.0,0.0
19.393939393939394,13.737373737373737,0.0,0.0
20.2020202020202,13.737373737373737,0.0,0.0
21.01010101010101,13.737373737373737,0.0,0.0
21.818181818181817,13.737373737373737,0.0,0.0
22.626262626262626,13.737373737373737,0.0,0.0
23.434343434343432,13.737373737373737,0.0,0.0
24.242424242424242,13.737373737373737,0.0,0.0
25.05050505050505,13.737373737373737,0.0,0.0
25.858585858585858,13.737373737373737,0.0,0.0
26.666666666666668,13.737373737373737,0.0,0.0
27.474747474747474,13.737373737373737,0.0,0.0
28.282828282828284,13.737373737373737,0.0,0.0
29.09090909090909,13.737373737373737,0.0,0.0
29.8989898989899,13.737373737373737,0.0,0.0
30.707070707070706,13.737373737373737,0.0,0.0
31.515151515151516,13.737373737373737,0.0,0.0
32.323232323232325,13.737373737373737,0.0,0.0
33.13131313131313,13.737373737373737,0.0,0.0
33.93939393939394,13.737373737373737,0.0,0.0
34.74747474747475,13.737373737373737,0.0,0.0
35.55555555555556,13.737373737373737,0.0,0.0
36.36363636363636,13.737373737373737,0.0,0.0
37.17171717171717,13.737373737373737,0.0,0.0
37.97979797979798,13.737373737373737,0.0,0.0
38.78787878787879,13.737373737373737,0.0,0.0
39.5959595959596,13.737373737373737,0.0,0.0
40.4040404040404,13.737373737373737,0.0,0.0
41.21212121212121,13.737373737373737,0.0,0.0
42.02020202020202,13.737373737373737,0.0,0.0
42.82828282828283,13.737373737373737,0.0,0.0
43.63636363636363,13.737373737373737,0.0,0.0
44.44444444444444,13.737373737373737,0.0,0.0
45.25252525252525,13.737373737373737,0.0,0.0
46.06060606060606,13.737373737373737,0.0,0.0
46.868686868686865,13.737373737373737,0.0,0.0
47.676767676767675,13.737373737373737,0.0,0.0
48.484848484848484,13.737373737373737,0.0,0.0
49.292929292929294,13.737373737373737,0.0,0.0
50.1010101010101,13.737373737373737,0.0,0.0
50.90909090909091,13.737373737373737,0.0,0.0
51.717171717171716,13.737373737373737,0.0,0.0
52.525252525252526,13.737373737373737,0.0,0.0
53.333333333333336,13.737373737373737,0.0,0.0
54.14141414141414,13.737373737373737,0.0,0.0
54.94949494949495,13.737373737373737,0.0,0.0
55.75757575757576,13.737373737373737,0.0,0.0
56.56565656565657,13.737373737373737,0.0,0.0
57.37373737373737,13.737373737373737,0.0,0.0
58.18181818181818,13.737373737373737,0.0,0.0
58.98989898989899,13.737373737373737,0.0,0.0
59.7979797979798,13.737373737373737,0.0,0.0
60.6060606060606,13.737373737373737,0.0,0.0
61.41414141414141,13.737373737373737,0.0,0.0
62.22222222222222,13.737373737373737,0.0,0.0
63.03030303030303,13.737373737373737,0.0,0.0
63.838383838383834,13.737373737373737,0.0,0.0
64.64646464646465,13.737373737373737,0.0,0.0
65.45454545454545,13.737373737373737,0.0,0.0
66.26262626262626,13.737373737373737,0.0,0.0
67.07070707070707,13.737373737373737,0.0,0.0
67.87878787878788,13.737373737373737,0.0,0.0
68.68686868686869,13.737373737373737,0.0,0.0
69.4949494949495,13.737373737373737,0.0,0.0
70.3030303030303,13.737373737373737,0.0,0.0
71.11111111111111,13.737373737373737,0.0,0.0
71.91919191919192,13.737373737373737,0.0,0.0
72.72727272727272,13.737373737373737,0.0,0.0
73.53535353535354,13.737373737373737,0.0,0.0
74.34343434343434,13.737373737373737,0.0,0.0
75.15151515151516,13.737373737373737,0.0,0.0
75.95959595959596,13.737373737373737,0.0,0.0
76.76767676767676,13.737373737373737,0.0,0.0
77.57575757575758,13.737373737373737,0.0,0.0
78.38383838383838,13.737373737373737,0.0,0.0
79.1919191919192,13.737373737373737,0.0,0.0
80.0,13.737373737373737,0.0,0.0
0.0,14.545454545454545,0.0,0.0
0.8080808080808081,14.545454545454545,0.0,0.0
1.6161616161616161,14.545454545454545,0.0,0.0
2.4242424242424243,14.545454545454545,0.0,0.0
3.2323232323232323,14.545454545454545,0.0,0.0
4.040404040404041,14.545454545454545,0.0,0.0
4.848484848484849,14.545454545454545,0.0,0.0
5.656565656565657,14.545454545454545,0.0,0.0
6.4646464646464645,14.545454545454545,0.0,0.0
7.2727272727272725,14.545454545454545,0.0,0.0
8.080808080808081,14.545454545454545,0.0,0.0
8.88888888888889,14.545454545454545,0.0,0.0
9.696969696969697,14.545454545454545,0.0,0.0
10.505050505050505,14.545454545454545,0.0,0.0
11.313131313131313,14.545454545454545,0.0,0.0
12.121212121212121,14.545454545454545,0.0,0.0
12.929292929292929,14.545454545454545,0.0,0.0
13.737373737373737,14.545454545454545,0.0,0.0
14.545454545454545,14.545454545454545,0.0,0.0
15.353535353535353,14.545454545454545,0.0,0.0
16.161616161616163,14.545454545454545,0.0,0.0
16.96969696969697,14.545454545454545,0.0,0.0
17.77777777777778,14.545454545454545,0.0,0.0
18.585858585858585,14.545454545454545,0.0,0.0
19.393939393939394,14.545454545454545,0.0,0.0
20.2020202020202,14.545454545454545,0.0,0.0
21.01010101010101,14.545454545454545,0.0,0.0
21.818181818181817,14.545454545454545,0.0,0.0
22.626262626262626,14.545454545454545,0.0,0.0
23.434343434343432,14.545454545454545,0.0,0.0
24.242424242424242,14.545454545454545,0.0,0.0
25.05050505050505,14.545454545454545,0.0,0.0
25.858585858585858,14.545454545454545,0.0,0.0
26.666666666666668,14.545454545454545,0.0,0.0
27.474747474747474,14.545454545454545,0.0,0.0
28.282828282828284,14.545454545454545,0.0,0.0
29.09090909090909,14.545454545454545,0.0,0.0
29.8989898989899,14.545454545454545,0.0,0.0
30.707070707070706,14.545454545454545,0.0,0.0
31.515151515151516,14.545454545454545,0.0,0.0
32.323232323232325,14.545454545454545,0.0,0.0
33.13131313131313,14.545454545454545,0.0,0.0
33.93939393939394,14.545454545454545,0.0,0.0
34.74747474747475,14.545454545454545,0.0,0.0
35.55555555555556,14.545454545454545,0.0,0.0
36.36363636363636,14.545454545454545,0.0,0.0
37.17171717171717,14.545454545454545,0.0,0.0
37.97979797979798,14.545454545454545,0.0,0.0
38.78787878787879,14.545454545454545,0.0,0.0
39.5959595959596,14.545454545454545,0.0,0.0
40.4040404040404,14.545454545454545,0.0,0.0
41.21212121212121,14.545454545454545,0.0,0.0
42.02020202020202,14.545454545454545,0.0,0.0
42.82828282828283,14.545454545454545,0.0,0.0
43.63636363636363,14.545454545454545,0.0,0.0
44.44444444444444,14.545454545454545,0.0,0.0
45.25252525252525,14.545454545454545,0.0,0.0
46.06060606060606,14.545454545454545,0.0,0.0
46.868686868686865,14.545454545454545,0.0,0.0
47.676767676767675,14.545454545454545,0.0,0.0
48.484848484848484,14.545454545454545,0.0,0.0
49.292929292929294,14.545454545454545,0.0,0.0
50.1010101010101,14.545454545454545,0.0,0.0
50.90909090909091,14.545454545454545,0.0,0.0
51.717171717171716,14.545454545454545,0.0,0.0
52.525252525252526,14.545454545454545,0.0,0.0
53.333333333333336,14.545454545454545,0.0,0.0
54.14141414141414,14.545454545454545,0.0,0.0
54.94949494949495,14.545454545454545,0.0,0.0
55.75757575757576,14.545454545454545,0.0,0.0
56.56565656565657,14.545454545454545,0.0,0.0
57.37373737373737,14.545454545454545,0.0,0.0
58.18181818181818,14.545454545454545,0.0,0.0
58.98989898989899,14.545454545454545,0.0,0.0
59.7979797979798,14.545454545454545,0.0,0.0
60.6060606060606,14.545454545454545,0.0,0.0
61.41414141414141,14.545454545454545,0.0,0.0
62.22222222222222,14.545454545454545,0.0,0.0
63.03030303030303,14.545454545454545,0.0,0.0
63.838383838383834,14.545454545454545,0.0,0.0
64.64646464646465,14.545454545454545,0.0,0.0
65.45454545454545,14.545454545454545,0.0,0.0
66.26262626262626,14.545454545454545,0.0,0.0
67.07070707070707,14.545454545454545,0.0,0.0
67.87878787878788,14.545454545454545,0.0,0.0
68.68686868686869,14.545454545454545,0.0,0.0
69.4949494949495,14.545454545454545,0.0,0.0
70.3030303030303,14.545454545454545,0.0,0.0
71.11111111111111,14.545454545454545,0.0,0.0
71.91919191919192,14.545454545454545,0.0,0.0
72.72727272727272,14.545454545454545,0.0,0.0
73.53535353535354,14.545454545454545,0.0,0.0
74.34343434343434,14.545454545454545,0.0,0.0
75.15151515151516,14.545454545454545,0.0,0.0
75.95959595959596,14.545454545454545,0.0,0.0
76.76767676767676,14.545454545454545,0.0,0.0
77.57575757575758,14.545454545454545,0.0,0.0
78.38383838383838,14.545454545454545,0.0,0.0
79.1919191919192,14.545454545454545,0.0,0.0
80.0,14.545454545454545,0.0,0.0
0.0,15.353535353535353,0.0,0.0
0.8080808080808081,15.353535353535353,0.0,0.0
1.6161616161616161,15.353535353535353,0.0,0.0
2.4242424242424243,15.353535353535353,0.0,0.0
3.2323232323232323,15.353535353535353,0.0,0.0
4.040404040404041,15.353535353535353,0.0,0.0
4.848484848484849,15.353535353535353,0.0,0.0
5.656565656565657,15.353535353535353,0.0,0.0
6.4646464646464645,15.353535353535353,0.0,0.0
7.2727272727272725,15.353535353535353,0.0,0.0
8.080808080808081,15.353535353535353,0.0,0.0
8.88888888888889,15.353535353535353,0.0,0.0
9.696969696969697,15.353535353535353,0.0,0.0
10.505050505050505,15.353535353535353,0.0,0.0
11.313131313131313,15.353535353535353,0.0,0.0
12.121212121212121,15.353535353535353,0.0,0.0
12.929292929292929,15.353535353535353,0.0,0.0
13.737373737373737,15.353535353535353,0.0,0.0
14.545454545454545,15.353535353535353,0.0,0.0
15.353535353535353,15.353535353535353,0.0,0.0
16.161616161616163,15.353535353535353,0.0,0.0
16.96969696969697,15.353535353535353,0.0,0.0
17.77777777777778,15.353535353535353,0.0,0.0
18.585858585858585,15.353535353535353,0.0,0.0
19.393939393939394,15.353535353535353,0.0,0.0
20.2020202020202,15.353535353535353,0.0,0.0
21.01010101010101,15.353535353535353,0.0,0.0
21.818181818181817,15.353535353535353,0.0,0.0
22.626262626262626,15.353535353535353,0.0,0.0
23.434343434343432,15.353535353535353,0.0,0.0
24.242424242424242,15.353535353535353,0.0,0.0
25.05050505050505,15.353535353535353,0.0,0.0
25.858585858585858,15.353535353535353,0.0,0.0
26.666666666666668,15.353535353535353,0.0,0.0
27.474747474747474,15.353535353535353,0.0,0.0
28.282828282828284,15.353535353535353,0.0,0.0
29.09090909090909,15.353535353535353,0.0,0.0
29.8989898989899,15.353535353535353,0.0,0.0
30.707070707070706,15.353535353535353,0.0,0.0
31.515151515151516,15.353535353535353,0.0,0.0
32.323232323232325,15.353535353535353,0.0,0.0
33.13131313131313,15.353535353535353,0.0,0.0
33.93939393939394,15.353535353535353,0.0,0.0
34.74747474747475,15.353535353535353,0.0,0.0
35.55555555555556,15.353535353535353,0.0,0.0
36.36363636363636,15.353535353535353,0.0,0.0
37.17171717171717,15.353535353535353,0.0,0.0
37.97979797979798,15.353535353535353,0.0,0.0
38.78787878787879,15.353535353535353,0.0,0.0
39.5959595959596,15.353535353535353,0.0,0.0
40.4040404040404,15.353535353535353,0.0,0.0
41.21212121212121,15.353535353535353,0.0,0.0
42.02020202020202,15.353535353535353,0.0,0.0
42.82828282828283,15.353535353535353,0.0,0.0
43.63636363636363,15.353535353535353,0.0,0.0
44.44444444444444,15.353535353535353,0.0,0.0
45.25252525252525,15.353535353535353,0.0,0.0
46.06060606060606,15.353535353535353,0.0,0.0
46.868686868686865,15.353535353535353,0.0,0.0
47.676767676767675,15.353535353535353,0.0,0.0
48.484848484848484,15.353535353535353,0.0,0.0
49.292929292929294,15.353535353535353,0.0,0.0
50.1010101010101,15.353535353535353,0.0,0.0
50.90909090909091,15.353535353535353,0.0,0.0
51.717171717171716,15.353535353535353,0.0,0.0
52.525252525252526,15.353535353535353,0.0,0.0
53.333333333333336,15.353535353535353,0.0,0.0
54.14141414141414,15.353535353535353,0.0,0.0
54.94949494949495,15.353535353535353,0.0,0.0
55.75757575757576,15.353535353535353,0.0,0.0
56.56565656565657,15.353535353535353,0.0,0.0
57.37373737373737,15.353535353535353,0.0,0.0
58.18181818181818,15.353535353535353,0.0,0.0
58.98989898989899,15.353535353535353,0.0,0.0
59.7979797979798,15.353535353535353,0.0,0.0
60.6060606060606,15.353535353535353,0.0,0.0
61.41414141414141,15.353535353535353,0.0,0.0
62.22222222222222,15.353535353535353,0.0,0.0
63.03030303030303,15.353535353535353,0.0,0.0
63.838383838383834,15.353535353535353,0.0,0.0
64.64646464646465,15.353535353535353,0.0,0.0
65.45454545454545,15.353535353535353,0.0,0.0
66.26262626262626,15.353535353535353,0.0,0.0
67.07070707070707,15.353535353535353,0.0,0.0
67.87878787878788,15.353535353535353,0.0,0.0
68.68686868686869,15.353535353535353,0.0,0.0
69.4949494949495,15.353535353535353,0.0,0.0
70.3030303030303,15.353535353535353,0.0,0.0
71.11111111111111,15.353535353535353,0.0,0.0
71.91919191919192,15.353535353535353,0.0,0.0
72.72727272727272,15.353535353535353,0.0,0.0
73.53535353535354,15.353535353535353,0.0,0.0
74.34343434343434,15.353535353535353,0.0,0.0
75.15151515151516,15.353535353535353,0.0,0.0
75.95959595959596,15.353535353535353,0.0,0.0
76.76767676767676,15.353535353535353,0.0,0.0
77.57575757575758,15.353535353535353,0.0,0.0
78.38383838383838,15.353535353535353,0.0,0.0
79.1919191919192,15.353535353535353,0.0,0.0
80.0,15.353535353535353,0.0,0.0
0.0,16.161616161616163,0.0,0.0
0.8080808080808081,16.161616161616163,0.0,0.0
1.6161616161616161,16.161616161616163,0.0,0.0
2.4242424242424243,16.161616161616163,0.0,0.0
3.2323232323232323,16.161616161616163,0.0,0.0
4.040404040404041,16.161616161616163,0.0,0.0
4.848484848484849,16.161616161616163,0.0,0.0
5.656565656565657,16.161616161616163,0.0,0.0
6.4646464646464645,16.161616161616163,0.0,0.0
7.2727272727272725,16.161616161616163,0.0,0.0
8.080808080808081,16.161616161616163,0.0,0.0
8.88888888888889,16.161616161616163,0.0,0.0
9.696969696969697,16.161616161616163,0.0,0.0
10.505050505050505,16.161616161616163,0.0,0.0
11.313131313131313,16.161616161616163,0.0,0.0
12.121212121212121,16.161616161616163,0.0,0.0
12.929292929292929,16.161616161616163,0.0,0.0
13.737373737373737,16.161616161616163,0.0,0.0
14.545454545454545,16.161616161616163,0.0,0.0
15.353535353535353,16.161616161616163,0.0,0.0
16.161616161616163,16.161616161616163,0.0,0.0
16.96969696969697,16.161616161616163,0.0,0.0
17.77777777777778,16.161616161616163,0.0,0.0
18.585858585858585,16.161616161616163,0.0,0.0
19.393939393939394,16.161616161616163,0.0,0.0
20.2020202020202,16.161616161616163,0.0,0.0
21.01010101010101,16.161616161616163,0.0,0.0
21.818181818181817,16.161616161616163,0.0,0.0
22.626262626262626,16.161616161616163,0.0,0.0
23.434343434343432,16.161616161616163,0.0,0.0
24.242424242424242,16.161616161616163,0.0,0.0
25.05050505050505,16.161616161616163,0.0,0.0
25.858585858585858,16.161616161616163,0.0,0.0
26.666666666666668,16.161616161616163,0.0,0.0
27.474747474747474,16.161616161616163,0.0,0.0
28.282828282828284,16.161616161616163,0.0,0.0
29.09090909090909,16.161616161616163,0.0,0.0
29.8989898989899,16.161616161616163,0.0,0.0
30.707070707070706,16.161616161616163,0.0,0.0
31.515151515151516,16.161616161616163,0.0,0.0
32.323232323232325,16.161616161616163,0.0,0.0
33.13131313131313,16.161616161616163,0.0,0.0
33.93939393939394,16.161616161616163,0.0,0.0
34.74747474747475,16.161616161616163,0.0,0.0
35.55555555555556,16.161616161616163,0.0,0.0
36.36363636363636,16.161616161616163,0.0,0.0
37.17171717171717,16.161616161616163,0.0,0.0
37.97979797979798,16.161616161616163,0.0,0.0
38.78787878787879,16.161616161616163,0.0,0.0
39.5959595959596,16.161616161616163,0.0,0.0
40.4040404040404,16.161616161616163,0.0,0.0
41.21212121212121,16.161616161616163,0.0,0.0
42.02020202020202,16.161616161616163,0.0,0.0
42.82828282828283,16.161616161616163,0.0,0.0
43.63636363636363,16.161616161616163,0.0,0.0
44.44444444444444,16.161616161616163,0.0,0.0
45.25252525252525,16.161616161616163,0.0,0.0
46.06060606060606,16.161616161616163,0.0,0.0
46.868686868686865,16.161616161616163,0.0,0.0
47.676767676767675,16.161616161616163,0.0,0.0
48.484848484848484,16.161616161616163,0.0,0.0
49.292929292929294,16.161616161616163,0.0,0.0
50.1010101010101,16.161616161616163,0.0,0.0
50.90909090909091,16.161616161616163,0.0,0.0
51.717171717171716,16.161616161616163,0.0,0.0
52.525252525252526,16.161616161616163,0.0,0.0
53.333333333333336,16.161616161616163,0.0,0.0
54.14141414141414,16.161616161616163,0.0,0.0
54.94949494949495,16.161616161616163,0.0,0.0
55.75757575757576,16.161616161616163,0.0,0.0
56.56565656565657,16.161616161616163,0.0,0.0
57.37373737373737,16.161616161616163,0.0,0.0
58.18181818181818,16.161616161616163,0.0,0.0
58.98989898989899,16.161616161616163,0.0,0.0
59.7979797979798,16.161616161616163,0.0,0.0
60.6060606060606,16.161616161616163,0.0,0.0
61.41414141414141,16.161616161616163,0.0,0.0
62.22222222222222,16.161616161616163,0.0,0.0
63.03030303030303,16.161616161616163,0.0,0.0
63.838383838383834,16.161616161616163,0.0,0.0
64.64646464646465,16.161616161616163,0.0,0.0
65.45454545454545,16.161616161616163,0.0,0.0
66.26262626262626,16.161616161616163,0.0,0.0
67.07070707070707,16.161616161616163,0.0,0.0
67.87878787878788,16.161616161616163,0.0,0.0
68.68686868686869,16.161616161616163,0.0,0.0
69.4949494949495,16.161616161616163,0.0,0.0
70.3030303030303,16.161616161616163,0.0,0.0
71.11111111111111,16.161616161616163,0.0,0.0
71.91919191919192,16.161616161616163,0.0,0.0
72.72727272727272,16.161616161616163,0.0,0.0
73.53535353535354,16.161616161616163,0.0,0.0
74.34343434343434,16.161616161616163,0.0,0.0
75.15151515151516,16.161616161616163,0.0,0.0
75.95959595959596,16.161616161616163,0.0,0.0
76.76767676767676,16.161616161616163,0.0,0.0
77.57575757575758,16.161616161616163,0.0,0.0
78.38383838383838,16.161616161616163,0.0,0.0
79.1919191919192,16.161616161616163,0.0,0.0
80.0,16.161616161616163,0.0,0.0
0.0,16.96969696969697,0.0,0.0
0.8080808080808081,16.96969696969697,0.0,0.0
1.6161616161616161,16.96969696969697,0.0,0.0
2.4242424242424243,16.96969696969697,0.0,0.0
3.2323232323232323,16.96969696969697,0.0,0.0
4.040404040404041,16.96969696969697,0.0,0.0
4.848484848484849,16.96969696969697,0.0,0.0
5.656565656565657,16.96969696969697,0.0,0.0
6.4646464646464645,16.96969696969697,0.0,0.0
7.2727272727272725,16.96969696969697,0.0,0.0
8.080808080808081,16.96969696969697,0.0,0.0
8.88888888888889,16.96969696969697,0.0,0.0
9.696969696969697,16.96969696969697,0.0,0.0
10.505050505050505,16.96969696969697,0.0,0.0
11.313131313131313,16.96969696969697,0.0,0.0
12.121212121212121,16.96969696969697,0.0,0.0
12.929292929292929,16.96969696969697,0.0,0.0
13.737373737373737,16.96969696969697,0.0,0.0
14.545454545454545,16.96969696969697,0.0,0.0
15.353535353535353,16.96969696969697,0.0,0.0
16.161616161616163,16.96969696969697,0.0,0.0
16.96969696969697,16.96969696969697,0.0,0.0
17.77777777777778,16.96969696969697,0.0,0.0
18.585858585858585,16.96969696969697,0.0,0.0
19.393939393939394,16.96969696969697,0.0,0.0
20.2020202020202,16.96969696969697,0.0,0.0
21.01010101010101,16.96969696969697,0.0,0.0
21.818181818181817,16.96969696969697,0.0,0.0
22.626262626262626,16.96969696969697,0.0,0.0
23.434343434343432,16.96969696969697,0.0,0.0
24.242424242424242,16.96969696969697,0.0,0.0
25.05050505050505,16.96969696969697,0.0,0.0
25.858585858585858,16.96969696969697,0.0,0.0
26.666666666666668,16.96969696969697,0.0,0.0
27.474747474747474,16.96969696969697,0.0,0.0
28.282828282828284,16.96969696969697,0.0,0.0
29.09090909090909,16.96969696969697,0.0,0.0
29.8989898989899,16.96969696969697,0.0,0.0
30.707070707070706,16.96969696969697,0.0,0.0
31.515151515151516,16.96969696969697,0.0,0.0
32.323232323232325,16.96969696969697,0.0,0.0
33.13131313131313,16.96969696969697,0.0,0.0
33.93939393939394,16.96969696969697,0.0,0.0
34.74747474747475,16.96969696969697,0.0,0.0
35.55555555555556,16.96969696969697,0.0,0.0
36.36363636363636,16.96969696969697,0.0,0.0
37.17171717171717,16.96969696969697,0.0,0.0
37.97979797979798,16.96969696969697,0.0,0.0
38.78787878787879,16.96969696969697,0.0,0.0
39.5959595959596,16.96969696969697,0.0,0.0
40.4040404040404,16.96969696969697,0.0,0.0
41.21212121212121,16.96969696969697,0.0,0.0
42.02020202020202,16.96969696969697,0.0,0.0
42.82828282828283,16.96969696969697,0.0,0.0
43.63636363636363,16.96969696969697,0.0,0.0
44.44444444444444,16.96969696969697,0.0,0.0
45.25252525252525,16.96969696969697,0.0,0.0
46.06060606060606,16.96969696969697,0.0,0.0
46.868686868686865,16.96969696969697,0.0,0.0
47.676767676767675,16.96969696969697,0.0,0.0
48.484848484848484,16.96969696969697,0.0,0.0
49.292929292929294,16.96969696969697,0.0,0.0
50.1010101010101,16.96969696969697,0.0,0.0
50.90909090909091,16.96969696969697,0.0,0.0
51.717171717171716,16.96969696969697,0.0,0.0
52.525252525252526,16.96969696969697,0.0,0.0
53.333333333333336,16.96969696969697,0.0,0.0
54.14141414141414,16.96969696969697,0.0,0.0
54.94949494949495,16.96969696969697,0.0,0.0
55.75757575757576,16.96969696969697,0.0,0.0
56.56565656565657,16.96969696969697,0.0,0.0
57.37373737373737,16.96969696969697,0.0,0.0
58.18181818181818,16.96969696969697,0.0,0.0
58.98989898989899,16.96969696969697,0.0,0.0
59.7979797979798,16.96969696969697,0.0,0.0
60.6060606060606,16.96969696969697,0.0,0.0
61.41414141414141,16.96969696969697,0.0,0.0
62.22222222222222,16.96969696969697,0.0,0.0
63.03030303030303,16.96969696969697,0.0,0.0
63.838383838383834,16.96969696969697,0.0,0.0
64.64646464646465,16.96969696969697,0.0,0.0
65.45454545454545,16.96969696969697,0.0,0.0
66.26262626262626,16.96969696969697,0.0,0.0
67.07070707070707,16.96969696969697,0.0,0.0
67.87878787878788,16.96969696969697,0.0,0.0
68.68686868686869,16.96969696969697,0.0,0.0
69.4949494949495,16.96969696969697,0.0,0.0
70.3030303030303,16.96969696969697,0.0,0.0
71.11111111111111,16.96969696969697,0.0,0.0
71.91919191919192,16.96969696969697,0.0,0.0
72.72727272727272,16.96969696969697,0.0,0.0
73.53535353535354,16.96969696969697,0.0,0.0
74.34343434343434,16.96969696969697,0.0,0.0
75.15151515151516,16.96969696969697,0.0,0.0
75.95959595959596,16.96969696969697,0.0,0.0
76.76767676767676,16.96969696969697,0.0,0.0
77.57575757575758,16.96969696969697,0.0,0.0
78.38383838383838,16.96969696969697,0.0,0.0
79.1919191919192,16.96969696969697,0.0,0.0
80.0,16.96969696969697,0.0,0.0
0.0,17.77777777777778,0.0,0.0
0.8080808080808081,17.77777777777778,0.0,0.0
1.6161616161616161,17.77777777777778,0.0,0.0
2.4242424242424243,17.77777777777778,0.0,0.0
3.2323232323232323,17.77777777777778,0.0,0.0
4.040404040404041,17.77777777777778,0.0,0.0
4.848484848484849,17.77777777777778,0.0,0.0
5.656565656565657,17.77777777777778,0.0,0.0
6.4646464646464645,17.77777777777778,0.0,0.0
7.2727272727272725,17.77777777777778,0.0,0.0
8.080808080808081,17.77777777777778,0.0,0.0
8.88888888888889,17.77777777777778,0.0,0.0
9.696969696969697,17.77777777777778,0.0,0.0
10.505050505050505,17.77777777777778,0.0,0.0
11.313131313131313,17.77777777777778,0.0,0.0
12.121212121212121,17.77777777777778,0.0,0.0
12.929292929292929,17.77777777777778,0.0,0.0
13.737373737373737,17.77777777777778,0.0,0.0
14.545454545454545,17.77777777777778,0.0,0.0
15.353535353535353,17.77777777777778,0.0,0.0
16.161616161616163,17.77777777777778,0.0,0.0
16.96969696969697,17.77777777777778,0.0,0.0
17.77777777777778,17.77777777777778,0.0,0.0
18.585858585858585,17.77777777777778,0.0,0.0
19.393939393939394,17.77777777777778,0.0,0.0
20.2020202020202,17.77777777777778,0.0,0.0
21.01010101010101,17.77777777777778,0.0,0.0
21.818181818181817,17.77777777777778,0.0,0.0
22.626262626262626,17.77777777777778,0.0,0.0
23.434343434343432,17.77777777777778,0.0,0.0
24.242424242424242,17.77777777777778,0.0,0.0
25.05050505050505,17.77777777777778,0.0,0.0
25.858585858585858,17.77777777777778,0.0,0.0
26.666666666666668,17.77777777777778,0.0,0.0
27.474747474747474,17.77777777777778,0.0,0.0
28.282828282828284,17.77777777777778,0.0,0.0
29.09090909090909,17.77777777777778,0.0,0.0
29.8989898989899,17.77777777777778,0.0,0.0
30.707070707070706,17.77777777777778,0.0,0.0
31.515151515151516,17.77777777777778,0.0,0.0
32.323232323232325,17.77777777777778,0.0,0.0
33.13131313131313,17.77777777777778,0.0,0.0
33.93939393939394,17.77777777777778,0.0,0.0
34.74747474747475,17.77777777777778,0.0,0.0
35.55555555555556,17.77777777777778,0.0,0.0
36.36363636363636,17.77777777777778,0.0,0.0
37.17171717171717,17.77777777777778,0.0,0.0
37.97979797979798,17.77777777777778,0.0,0.0
38.78787878787879,17.77777777777778,0.0,0.0
39.5959595959596,17.77777777777778,0.0,0.0
40.4040404040404,17.77777777777778,0.0,0.0
41.21212121212121,17.77777777777778,0.0,0.0
42.02020202020202,17.77777777777778,0.0,0.0
42.82828282828283,17.77777777777778,0.0,0.0
43.63636363636363,17.77777777777778,0.0,0.0
44.44444444444444,17.77777777777778,0.0,0.0
45.25252525252525,17.77777777777778,0.0,0.0
46.06060606060606,17.77777777777778,0.0,0.0
46.868686868686865,17.77777777777778,0.0,0.0
47.676767676767675,17.77777777777778,0.0,0.0
48.484848484848484,17.77777777777778,0.0,0.0
49.292929292929294,17.77777777777778,0.0,0.0
50.1010101010101,17.77777777777778,0.0,0.0
50.90909090909091,17.77777777777778,0.0,0.0
51.717171717171716,17.77777777777778,0.0,0.0
52.525252525252526,17.77777777777778,0.0,0.0
53.333333333333336,17.77777777777778,0.0,0.0
54.14141414141414,17.77777777777778,0.0,0.0
54.94949494949495,17.77777777777778,0.0,0.0
55.75757575757576,17.77777777777778,0.0,0.0
56.56565656565657,17.77777777777778,0.0,0.0
57.37373737373737,17.77777777777778,0.0,0.0
58.18181818181818,17.77777777777778,0.0,0.0
58.98989898989899,17.77777777777778,0.0,0.0
59.7979797979798,17.77777777777778,0.0,0.0
60.6060606060606,17.77777777777778,0.0,0.0
61.41414141414141,17.77777777777778,0.0,0.0
62.22222222222222,17.77777777777778,0.0,0.0
63.03030303030303,17.77777777777778,0.0,0.0
63.838383838383834,17.77777777777778,0.0,0.0
64.64646464646465,17.77777777777778,0.0,0.0
65.45454545454545,17.77777777777778,0.0,0.0
66.26262626262626,17.77777777777778,0.0,0.0
67.07070707070707,17.77777777777778,0.0,0.0
67.87878787878788,17.77777777777778,0.0,0.0
68.68686868686869,17.77777777777778,0.0,0.0
69.4949494949495,17.77777777777778,0.0,0.0
70.3030303030303,17.77777777777778,0.0,0.0
71.11111111111111,17.77777777777778,0.0,0.0
71.91919191919192,17.77777777777778,0.0,0.0
72.72727272727272,17.77777777777778,0.0,0.0
73.53535353535354,17.77777777777778,0.0,0.0
74.34343434343434,17.77777777777778,0.0,0.0
75.15151515151516,17.77777777777778,0.0,0.0
75.95959595959596,17.77777777777778,0.0,0.0
76.76767676767676,17.77777777777778,0.0,0.0
77.57575757575758,17.77777777777778,0.0,0.0
78.38383838383838,17.77777777777778,0.0,0.0
79.1919191919192,17.77777777777778,0.0,0.0
80.0,17.77777777777778,0.0,0.0
0.0,18.585858585858585,0.0,0.0
0.8080808080808081,18.585858585858585,0.0,0.0
1.6161616161616161,18.585858585858585,0.0,0.0
2.4242424242424243,18.585858585858585,0.0,0.0
3.2323232323232323,18.585858585858585,0.0,0.0
4.040404040404041,18.585858585858585,0.0,0.0
4.848484848484849,18.585858585858585,0.0,0.0
5.656565656565657,18.585858585858585,0.0,0.0
6.4646464646464645,18.585858585858585,0.0,0.0
7.2727272727272725,18.585858585858585,0.0,0.0
8.080808080808081,18.585858585858585,0.0,0.0
8.88888888888889,18.585858585858585,0.0,0.0
9.696969696969697,18.585858585858585,0.0,0.0
10.505050505050505,18.585858585858585,0.0,0.0
11.313131313131313,18.585858585858585,0.0,0.0
12.121212121212121,18.585858585858585,0.0,0.0
12.929292929292929,18.585858585858585,0.0,0.0
13.737373737373737,18.585858585858585,0.0,0.0
14.545454545454545,18.585858585858585,0.0,0.0
15.353535353535353,18.585858585858585,0.0,0.0
16.161616161616163,18.585858585858585,0.0,0.0
16.96969696969697,18.585858585858585,0.0,0.0
17.77777777777778,18.585858585858585,0.0,0.0
18.585858585858585,18.585858585858585,0.0,0.0
19.393939393939394,18.585858585858585,0.0,0.0
20.2020202020202,18.585858585858585,0.0,0.0
21.01010101010101,18.585858585858585,0.0,0.0
21.818181818181817,18.585858585858585,0.0,0.0
22.626262626262626,18.585858585858585,0.0,0.0
23.434343434343432,18.585858585858585,0.0,0.0
24.242424242424242,18.585858585858585,0.0,0.0
25.05050505050505,18.585858585858585,0.0,0.0
25.858585858585858,18.585858585858585,0.0,0.0
26.666666666666668,18.585858585858585,0.0,0.0
27.474747474747474,18.585858585858585,0.0,0.0
28.282828282828284,18.585858585858585,0.0,0.0
29.09090909090909,18.585858585858585,0.0,0.0
29.8989898989899,18.585858585858585,0.0,0.0
30.707070707070706,18.585858585858585,0.0,0.0
31.515151515151516,18.585858585858585,0.0,0.0
32.323232323232325,18.585858585858585,0.0,0.0
33.13131313131313,18.585858585858585,0.0,0.0
33.93939393939394,18.585858585858585,0.0,0.0
34.74747474747475,18.585858585858585,0.0,0.0
35.55555555555556,18.585858585858585,0.0,0.0
36.36363636363636,18.585858585858585,0.0,0.0
37.17171717171717,18.585858585858585,0.0,0.0
37.97979797979798,18.585858585858585,0.0,0.0
38.78787878787879,18.585858585858585,0.0,0.0
39.5959595959596,18.585858585858585,0.0,0.0
40.4040404040404,18.585858585858585,0.0,0.0
41.21212121212121,18.585858585858585,0.0,0.0
42.02020202020202,18.585858585858585,0.0,0.0
42.82828282828283,18.585858585858585,0.0,0.0
43.63636363636363,18.585858585858585,0.0,0.0
44.44444444444444,18.585858585858585,0.0,0.0
45.25252525252525,18.585858585858585,0.0,0.0
46.06060606060606,18.585858585858585,0.0,0.0
46.868686868686865,18.585858585858585,0.0,0.0
47.676767676767675,18.585858585858585,0.0,0.0
48.484848484848484,18.585858585858585,0.0,0.0
49.292929292929294,18.585858585858585,0.0,0.0
50.1010101010101,18.585858585858585,0.0,0.0
50.90909090909091,18.585858585858585,0.0,0.0
51.717171717171716,18.585858585858585,0.0,0.0
52.525252525252526,18.585858585858585,0.0,0.0
53.333333333333336,18.585858585858585,0.0,0.0
54.14141414141414,18.585858585858585,0.0,0.0
54.94949494949495,18.585858585858585,0.0,0.0
55.75757575757576,18.585858585858585,0.0,0.0
56.56565656565657,18.585858585858585,0.0,0.0
57.37373737373737,18.585858585858585,0.0,0.0
58.18181818181818,18.585858585858585,0.0,0.0
58.98989898989899,18.585858585858585,0.0,0.0
59.7979797979798,18.585858585858585,0.0,0.0
60.6060606060606,18.585858585858585,0.0,0.0
61.41414141414141,18.585858585858585,0.0,0.0
62.22222222222222,18.585858585858585,0.0,0.0
63.03030303030303,18.585858585858585,0.0,0.0
63.838383838383834,18.585858585858585,0.0,0.0
64.64646464646465,18.585858585858585,0.0,0.0
65.45454545454545,18.585858585858585,0.0,0.0
66.26262626262626,18.585858585858585,0.0,0.0
67.07070707070707,18.585858585858585,0.0,0.0
67.87878787878788,18.585858585858585,0.0,0.0
68.68686868686869,18.585858585858585,0.0,0.0
69.4949494949495,18.585858585858585,0.0,0.0
70.3030303030303,18.585858585858585,0.0,0.0
71.11111111111111,18.585858585858585,0.0,0.0
71.91919191919192,18.585858585858585,0.0,0.0
72.72727272727272,18.585858585858585,0.0,0.0
73.53535353535354,18.585858585858585,0.0,0.0
74.34343434343434,18.585858585858585,0.0,0.0
75.15151515151516,18.585858585858585,0.0,0.0
75.95959595959596,18.585858585858585,0.0,0.0
76.76767676767676,18.585858585858585,0.0,0.0
77.57575757575758,18.585858585858585,0.0,0.0
78.38383838383838,18.585858585858585,0.0,0.0
79.1919191919192,18.585858585858585,0.0,0.0
80.0,18.585858585858585,0.0,0.0
0.0,19.393939393939394,0.0,0.0
0.8080808080808081,19.393939393939394,0.0,0.0
1.6161616161616161,19.393939393939394,0.0,0.0
2.4242424242424243,19.393939393939394,0.0,0.0
3.2323232323232323,19.393939393939394,0.0,0.0
4.040404040404041,19.393939393939394,0.0,0.0
4.848484848484849,19.393939393939394,0.0,0.0
5.656565656565657,19.393939393939394,0.0,0.0
6.4646464646464645,19.393939393939394,0.0,0.0
7.2727272727272725,19.393939393939394,0.0,0.0
8.080808080808081,19.393939393939394,0.0,0.0
8.88888888888889,19.393939393939394,0.0,0.0
9.696969696969697,19.393939393939394,0.0,0.0
10.505050505050505,19.393939393939394,0.0,0.0
11.313131313131313,19.393939393939394,0.0,0.0
12.121212121212121,19.393939393939394,0.0,0.0
12.929292929292929,19.393939393939394,0.0,0.0
13.737373737373737,19.393939393939394,0.0,0.0
14.545454545454545,19.393939393939394,0.0,0.0
15.353535353535353,19.393939393939394,0.0,0.0
16.161616161616163,19.393939393939394,0.0,0.0
16.96969696969697,19.393939393939394,0.0,0.0
17.77777777777778,19.393939393939394,0.0,0.0
18.585858585858585,19.393939393939394,0.0,0.0
19.393939393939394,19.393939393939394,0.0,0.0
20.2020202020202,19.393939393939394,0.0,0.0
21.01010101010101,19.393939393939394,0.0,0.0
21.818181818181817,19.393939393939394,0.0,0.0
22.626262626262626,19.393939393939394,0.0,0.0
23.434343434343432,19.393939393939394,0.0,0.0
24.242424242424242,19.393939393939394,0.0,0.0
25.05050505050505,19.393939393939394,0.0,0.0
25.858585858585858,19.393939393939394,0.0,0.0
26.666666666666668,19.393939393939394,0.0,0.0
27.474747474747474,19.393939393939394,0.0,0.0
28.282828282828284,19.393939393939394,0.0,0.0
29.09090909090909,19.393939393939394,0.0,0.0
29.8989898989899,19.393939393939394,0.0,0.0
30.707070707070706,19.393939393939394,0.0,0.0
31.515151515151516,19.393939393939394,0.0,0.0
32.323232323232325,19.393939393939394,0.0,0.0
33.13131313131313,19.393939393939394,0.0,0.0
33.93939393939394,19.393939393939394,0.0,0.0
34.74747474747475,19.393939393939394,0.0,0.0
35.55555555555556,19.393939393939394,0.0,0.0
36.36363636363636,19.393939393939394,0.0,0.0
37.17171717171717,19.393939393939394,0.0,0.0
37.97979797979798,19.393939393939394,0.0,0.0
38.78787878787879,19.393939393939394,0.0,0.0
39.5959595959596,19.393939393939394,0.0,0.0
40.4040404040404,19.393939393939394,0.0,0.0
41.21212121212121,19.393939393939394,0.0,0.0
42.02020202020202,19.393939393939394,0.0,0.0
42.82828282828283,19.393939393939394,0.0,0.0
43.63636363636363,19.393939393939394,0.0,0.0
44.44444444444444,19.393939393939394,0.0,0.0
45.25252525252525,19.393939393939394,0.0,0.0
46.06060606060606,19.393939393939394,0.0,0.0
46.868686868686865,19.393939393939394,0.0,0.0
47.676767676767675,19.393939393939394,0.0,0.0
48.484848484848484,19.393939393939394,0.0,0.0
49.292929292929294,19.393939393939394,0.0,0.0
50.1010101010101,19.393939393939394,0.0,0.0
50.90909090909091,19.393939393939394,0.0,0.0
51.717171717171716,19.393939393939394,0.0,0.0
52.525252525252526,19.393939393939394,0.0,0.0
53.333333333333336,19.393939393939394,0.0,0.0
54.14141414141414,19.393939393939394,0.0,0.0
54.94949494949495,19.393939393939394,0.0,0.0
55.75757575757576,19.393939393939394,0.0,0.0
56.56565656565657,19.393939393939394,0.0,0.0
57.37373737373737,19.393939393939394,0.0,0.0
58.18181818181818,19.393939393939394,0.0,0.0
58.98989898989899,19.393939393939394,0.0,0.0
59.7979797979798,19.393939393939394,0.0,0.0
60.6060606060606,19.393939393939394,0.0,0.0
61.41414141414141,19.393939393939394,0.0,0.0
62.22222222222222,19.393939393939394,0.0,0.0
63.03030303030303,19.393939393939394,0.0,0.0
63.838383838383834,19.393939393939394,0.0,0.0
64.64646464646465,19.393939393939394,0.0,0.0
65.45454545454545,19.393939393939394,0.0,0.0
66.26262626262626,19.393939393939394,0.0,0.0
67.07070707070707,19.393939393939394,0.0,0.0
67.87878787878788,19.393939393939394,0.0,0.0
68.68686868686869,19.393939393939394,0.0,0.0
69.4949494949495,19.393939393939394,0.0,0.0
70.3030303030303,19.393939393939394,0.0,0.0
71.11111111111111,19.393939393939394,0.0,0.0
71.91919191919192,19.393939393939394,0.0,0.0
72.72727272727272,19.393939393939394,0.0,0.0
73.53535353535354,19.393939393939394,0.0,0.0
74.34343434343434,19.393939393939394,0.0,0.0
75.15151515151516,19.393939393939394,0.0,0.0
75.95959595959596,19.393939393939394,0.0,0.0
76.76767676767676,19.393939393939394,0.0,0.0
77.57575757575758,19.393939393939394,0.0,0.0
78.38383838383838,19.393939393939394,0.0,0.0
79.1919191919192,19.393939393939394,0.0,0.0
80.0,19.393939393939394,0.0,0.0
0.0,20.2020202020202,0.0,0.0
0.8080808080808081,20.2020202020202,0.0,0.0
1.6161616161616161,20.2020202020202,0.0,0.0
2.4242424242424243,20.2020202020202,0.0,0.0
3.2323232323232323,20.2020202020202,0.0,0.0
4.040404040404041,20.2020202020202,0.0,0.0
4.848484848484849,20.2020202020202,0.0,0.0
5.656565656565657,20.2020202020202,0.0,0.0
6.4646464646464645,20.2020202020202,0.0,0.0
7.2727272727272725,20.2020202020202,0.0,0.0
8.080808080808081,20.2020202020202,0.0,0.0
8.88888888888889,20.2020202020202,0.0,0.0
9.696969696969697,20.2020202020202,0.0,0.0
10.505050505050505,20.2020202020202,0.0,0.0
11.313131313131313,20.2020202020202,0.0,0.0
12.121212121212121,20.2020202020202,0.0,0.0
12.929292929292929,20.2020202020202,0.0,0.0
13.737373737373737,20.2020202020202,0.0,0.0
14.545454545454545,20.2020202020202,0.0,0.0
15.353535353535353,20.2020202020202,0.0,0.0
16.161616161616163,20.2020202020202,0.0,0.0
16.96969696969697,20.2020202020202,0.0,0.0
17.77777777777778,20.2020202020202,0.0,0.0
18.585858585858585,20.2020202020202,0.0,0.0
19.393939393939394,20.2020202020202,0.0,0.0
20.2020202020202,20.2020202020202,0.0,0.0
21.01010101010101,20.2020202020202,0.0,0.0
21.818181818181817,20.2020202020202,0.0,0.0
22.626262626262626,20.2020202020202,0.0,0.0
23.434343434343432,20.2020202020202,0.0,0.0
24.242424242424242,20.2020202020202,0.0,0.0
25.05050505050505,20.2020202020202,0.0,0.0
25.858585858585858,20.2020202020202,0.0,0.0
26.666666666666668,20.2020202020202,0.0,0.0
27.474747474747474,20.2020202020202,0.0,0.0
28.282828282828284,20.2020202020202,0.0,0.0
29.09090909090909,20.2020202020202,0.0,0.0
29.8989898989899,20.2020202020202,0.0,0.0
30.707070707070706,20.2020202020202,0.0,0.0
31.515151515151516,20.2020202020202,0.0,0.0
32.323232323232325,20.2020202020202,0.0,0.0
33.13131313131313,20.2020202020202,0.0,0.0
33.93939393939394,20.2020202020202,0.0,0.0
34.74747474747475,20.2020202020202,0.0,0.0
35.55555555555556,20.2020202020202,0.0,0.0
36.36363636363636,20.2020202020202,0.0,0.0
37.17171717171717,20.2020202020202,0.0,0.0
37.97979797979798,20.2020202020202,0.0,0.0
38.78787878787879,20.2020202020202,0.0,0.0
39.5959595959596,20.2020202020202,0.0,0.0
40.4040404040404,20.2020202020202,0.0,0.0
41.21212121212121,20.2020202020202,0.0,0.0
42.02020202020202,20.2020202020202,0.0,0.0
42.82828282828283,20.2020202020202,0.0,0.0
43.63636363636363,20.2020202020202,0.0,0.0
44.44444444444444,20.2020202020202,0.0,0.0
45.25252525252525,20.2020202020202,0.0,0.0
46.06060606060606,20.2020202020202,0.0,0.0
46.868686868686865,20.2020202020202,0.0,0.0
47.676767676767675,20.2020202020202,0.0,0.0
48.484848484848484,20.2020202020202,0.0,0.0
49.292929292929294,20.2020202020202,0.0,0.0
50.1010101010101,20.2020202020202,0.0,0.0
50.90909090909091,20.2020202020202,0.0,0.0
51.717171717171716,20.2020202020202,0.0,0.0
52.525252525252526,20.2020202020202,0.0,0.0
53.333333333333336,20.2020202020202,0.0,0.0
54.14141414141414,20.2020202020202,0.0,0.0
54.94949494949495,20.2020202020202,0.0,0.0
55.75757575757576,20.2020202020202,0.0,0.0
56.56565656565657,20.2020202020202,0.0,0.0
57.37373737373737,20.2020202020202,0.0,0.0
58.18181818181818,20.2020202020202,0.0,0.0
58.98989898989899,20.2020202020202,0.0,0.0
59.7979797979798,20.2020202020202,0.0,0.0
60.6060606060606,20.2020202020202,0.0,0.0
61.41414141414141,20.2020202020202,0.0,0.0
62.22222222222222,20.2020202020202,0.0,0.0
63.03030303030303,20.2020202020202,0.0,0.0
63.838383838383834,20.2020202020202,0.0,0.0
64.64646464646465,20.2020202020202,0.0,0.0
65.45454545454545,20.2020202020202,0.0,0.0
66.26262626262626,20.2020202020202,0.0,0.0
67.07070707070707,20.2020202020202,0.0,0.0
67.87878787878788,20.2020202020202,0.0,0.0
68.68686868686869,20.2020202020202,0.0,0.0
69.4949494949495,20.2020202020202,0.0,0.0
70.3030303030303,20.2020202020202,0.0,0.0
71.11111111111111,20.2020202020202,0.0,0.0
71.91919191919192,20.2020202020202,0.0,0.0
72.72727272727272,20.2020202020202,0.0,0.0
73.53535353535354,20.2020202020202,0.0,0.0
74.34343434343434,20.2020202020202,0.0,0.0
75.15151515151516,20.2020202020202,0.0,0.0
75.95959595959596,20.2020202020202,0.0,0.0
76.76767676767676,20.2020202020202,0.0,0.0
77.57575757575758,20.2020202020202,0.0,0.0
78.38383838383838,20.2020202020202,0.0,0.0
79.1919191919192,20.2020202020202,0.0,0.0
80.0,20.2020202020202,0.0,0.0
0.0,21.01010101010101,0.0,0.0
0.8080808080808081,21.01010101010101,0.0,0.0
1.6161616161616161,21.01010101010101,0.0,0.0
2.4242424242424243,21.01010101010101,0.0,0.0
3.2323232323232323,21.01010101010101,0.0,0.0
4.040404040404041,21.01010101010101,0.0,0.0
4.848484848484849,21.01010101010101,0.0,0.0
5.656565656565657,21.01010101010101,0.0,0.0
6.4646464646464645,21.01010101010101,0.0,0.0
7.2727272727272725,21.01010101010101,0.0,0.0
8.080808080808081,21.01010101010101,0.0,0.0
8.88888888888889,21.01010101010101,0.0,0.0
9.696969696969697,21.01010101010101,0.0,0.0
10.505050505050505,21.01010101010101,0.0,0.0
11.313131313131313,21.01010101010101,0.0,0.0
12.121212121212121,21.01010101010101,0.0,0.0
12.929292929292929,21.01010101010101,0.0,0.0
13.737373737373737,21.01010101010101,0.0,0.0
14.545454545454545,21.01010101010101,0.0,0.0
15.353535353535353,21.01010101010101,0.0,0.0
16.161616161616163,21.01010101010101,0.0,0.0
16.96969696969697,21.01010101010101,0.0,0.0
17.77777777777778,21.01010101010101,0.0,0.0
18.585858585858585,21.01010101010101,0.0,0.0
19.393939393939394,21.01010101010101,0.0,0.0
20.2020202020202,21.01010101010101,0.0,0.0
21.01010101010101,21.01010101010101,0.0,0.0
21.818181818181817,21.01010101010101,0.0,0.0
22.626262626262626,21.01010101010101,0.0,0.0
23.434343434343432,21.01010101010101,0.0,0.0
24.242424242424242,21.01010101010101,0.0,0.0
25.05050505050505,21.01010101010101,0.0,0.0
25.858585858585858,21.01010101010101,0.0,0.0
26.666666666666668,21.01010101010101,0.0,0.0
27.474747474747474,21.01010101010101,0.0,0.0
28.282828282828284,21.01010101010101,0.0,0.0
29.09090909090909,21.01010101010101,0.0,0.0
29.8989898989899,21.01010101010101,0.0,0.0
30.707070707070706,21.01010101010101,0.0,0.0
31.515151515151516,21.01010101010101,0.0,0.0
32.323232323232325,21.01010101010101,0.0,0.0
33.13131313131313,21.01010101010101,0.0,0.0
33.93939393939394,21.01010101010101,0.0,0.0
34.74747474747475,21.01010101010101,0.0,0.0
35.55555555555556,21.01010101010101,0.0,0.0
36.36363636363636,21.01010101010101,0.0,0.0
37.17171717171717,21.01010101010101,0.0,0.0
37.97979797979798,21.01010101010101,0.0,0.0
38.78787878787879,21.01010101010101,0.0,0.0
39.5959595959596,21.01010101010101,0.0,0.0
40.4040404040404,21.01010101010101,0.0,0.0
41.21212121212121,21.01010101010101,0.0,0.0
42.02020202020202,21.01010101010101,0.0,0.0
42.82828282828283,21.01010101010101,0.0,0.0
43.63636363636363,21.01010101010101,0.0,0.0
44.44444444444444,21.01010101010101,0.0,0.0
45.25252525252525,21.01010101010101,0.0,0.0
46.06060606060606,21.01010101010101,0.0,0.0
46.868686868686865,21.01010101010101,0.0,0.0
47.676767676767675,21.01010101010101,0.0,0.0
48.484848484848484,21.01010101010101,0.0,0.0
49.292929292929294,21.01010101010101,0.0,0.0
50.1010101010101,21.01010101010101,0.0,0.0
50.90909090909091,21.01010101010101,0.0,0.0
51.717171717171716,21.01010101010101,0.0,0.0
52.525252525252526,21.01010101010101,0.0,0.0
53.333333333333336,21.01010101010101,0.0,0.0
54.14141414141414,21.01010101010101,0.0,0.0
54.94949494949495,21.01010101010101,0.0,0.0
55.75757575757576,21.01010101010101,0.0,0.0
56.56565656565657,21.01010101010101,0.0,0.0
57.37373737373737,21.01010101010101,0.0,0.0
58.18181818181818,21.01010101010101,0.0,0.0
58.98989898989899,21.01010101010101,0.0,0.0
59.7979797979798,21.01010101010101,0.0,0.0
60.6060606060606,21.01010101010101,0.0,0.0
61.41414141414141,21.01010101010101,0.0,0.0
62.22222222222222,21.01010101010101,0.0,0.0
63.03030303030303,21.01010101010101,0.0,0.0
63.838383838383834,21.01010101010101,0.0,0.0
64.64646464646465,21.01010101010101,0.0,0.0
65.45454545454545,21.01010101010101,0.0,0.0
66.26262626262626,21.01010101010101,0.0,0.0
67.07070707070707,21.01010101010101,0.0,0.0
67.87878787878788,21.01010101010101,0.0,0.0
68.68686868686869,21.01010101010101,0.0,0.0
69.4949494949495,21.01010101010101,0.0,0.0
70.3030303030303,21.01010101010101,0.0,0.0
71.11111111111111,21.01010101010101,0.0,0.0
71.91919191919192,21.01010101010101,0.0,0.0
72.72727272727272,21.01010101010101,0.0,0.0
73.53535353535354,21.01010101010101,0.0,0.0
74.34343434343434,21.01010101010101,0.0,0.0
75.15151515151516,21.01010101010101,0.0,0.0
75.95959595959596,21.01010101010101,0.0,0.0
76.76767676767676,21.01010101010101,0.0,0.0
77.57575757575758,21.01010101010101,0.0,0.0
78.38383838383838,21.01010101010101,0.0,0.0
79.1919191919192,21.01010101010101,0.0,0.0
80.0,21.01010101010101,0.0,0.0
0.0,21.818181818181817,0.0,0.0
0.8080808080808081,21.818181818181817,0.0,0.0
1.6161616161616161,21.818181818181817,0.0,0.0
2.4242424242424243,21.818181818181817,0.0,0.0
3.2323232323232323,21.818181818181817,0.0,0.0
4.040404040404041,21.818181818181817,0.0,0.0
4.848484848484849,21.818181818181817,0.0,0.0
5.656565656565657,21.818181818181817,0.0,0.0
6.4646464646464645,21.818181818181817,0.0,0.0
7.2727272727272725,21.818181818181817,0.0,0.0
8.080808080808081,21.818181818181817,0.0,0.0
8.88888888888889,21.818181818181817,0.0,0.0
9.696969696969697,21.818181818181817,0.0,0.0
10.505050505050505,21.818181818181817,0.0,0.0
11.313131313131313,21.818181818181817,0.0,0.0
12.121212121212121,21.818181818181817,0.0,0.0
12.929292929292929,21.818181818181817,0.0,0.0
13.737373737373737,21.818181818181817,0.0,0.0
14.545454545454545,21.818181818181817,0.0,0.0
15.353535353535353,21.818181818181817,0.0,0.0
16.161616161616163,21.818181818181817,0.0,0.0
16.96969696969697,21.818181818181817,0.0,0.0
17.77777777777778,21.818181818181817,0.0,0.0
18.585858585858585,21.818181818181817,0.0,0.0
19.393939393939394,21.818181818181817,0.0,0.0
20.2020202020202,21.818181818181817,0.0,0.0
21.01010101010101,21.818181818181817,0.0,0.0
21.818181818181817,21.818181818181817,0.0,0.0
22.626262626262626,21.818181818181817,0.0,0.0
23.434343434343432,21.818181818181817,0.0,0.0
24.242424242424242,21.818181818181817,0.0,0.0
25.05050505050505,21.818181818181817,0.0,0.0
25.858585858585858,21.818181818181817,0.0,0.0
26.666666666666668,21.818181818181817,0.0,0.0
27.474747474747474,21.818181818181817,0.0,0.0
28.282828282828284,21.818181818181817,0.0,0.0
29.09090909090909,21.818181818181817,0.0,0.0
29.8989898989899,21.818181818181817,0.0,0.0
30.707070707070706,21.818181818181817,0.0,0.0
31.515151515151516,21.818181818181817,0.0,0.0
32.323232323232325,21.818181818181817,0.0,0.0
33.13131313131313,21.818181818181817,0.0,0.0
33.93939393939394,21.818181818181817,0.0,0.0
34.74747474747475,21.818181818181817,0.0,0.0
35.55555555555556,21.818181818181817,0.0,0.0
36.36363636363636,21.818181818181817,0.0,0.0
37.17171717171717,21.818181818181817,0.0,0.0
37.97979797979798,21.818181818181817,0.0,0.0
38.78787878787879,21.818181818181817,0.0,0.0
39.5959595959596,21.818181818181817,0.0,0.0
40.4040404040404,21.818181818181817,0.0,0.0
41.21212121212121,21.818181818181817,0.0,0.0
42.02020202020202,21.818181818181817,0.0,0.0
42.82828282828283,21.818181818181817,0.0,0.0
43.63636363636363,21.818181818181817,0.0,0.0
44.44444444444444,21.818181818181817,0.0,0.0
45.25252525252525,21.818181818181817,0.0,0.0
46.06060606060606,21.818181818181817,0.0,0.0
46.868686868686865,21.818181818181817,0.0,0.0
47.676767676767675,21.818181818181817,0.0,0.0
48.484848484848484,21.818181818181817,0.0,0.0
49.292929292929294,21.818181818181817,0.0,0.0
50.1010101010101,21.818181818181817,0.0,0.0
50.90909090909091,21.818181818181817,0.0,0.0
51.717171717171716,21.818181818181817,0.0,0.0
52.525252525252526,21.818181818181817,0.0,0.0
53.333333333333336,21.818181818181817,0.0,0.0
54.14141414141414,21.818181818181817,0.0,0.0
54.94949494949495,21.818181818181817,0.0,0.0
55.75757575757576,21.818181818181817,0.0,0.0
56.56565656565657,21.818181818181817,0.0,0.0
57.37373737373737,21.818181818181817,0.0,0.0
58.18181818181818,21.818181818181817,0.0,0.0
58.98989898989899,21.818181818181817,0.0,0.0
59.7979797979798,21.818181818181817,0.0,0.0
60.6060606060606,21.818181818181817,0.0,0.0
61.41414141414141,21.818181818181817,0.0,0.0
62.22222222222222,21.818181818181817,0.0,0.0
63.03030303030303,21.818181818181817,0.0,0.0
63.838383838383834,21.818181818181817,0.0,0.0
64.64646464646465,21.818181818181817,0.0,0.0
65.45454545454545,21.818181818181817,0.0,0.0
66.26262626262626,21.818181818181817,0.0,0.0
67.07070707070707,21.818181818181817,0.0,0.0
67.87878787878788,21.818181818181817,0.0,0.0
68.68686868686869,21.818181818181817,0.0,0.0
69.4949494949495,21.818181818181817,0.0,0.0
70.3030303030303,21.818181818181817,0.0,0.0
71.11111111111111,21.818181818181817,0.0,0.0
71.91919191919192,21.818181818181817,0.0,0.0
72.72727272727272,21.818181818181817,0.0,0.0
73.53535353535354,21.818181818181817,0.0,0.0
74.34343434343434,21.818181818181817,0.0,0.0
75.15151515151516,21.818181818181817,0.0,0.0
75.95959595959596,21.818181818181817,0.0,0.0
76.76767676767676,21.818181818181817,0.0,0.0
77.57575757575758,21.818181818181817,0.0,0.0
78.38383838383838,21.818181818181817,0.0,0.0
79.1919191919192,21.818181818181817,0.0,0.0
80.0,21.818181818181817,0.0,0.0
0.0,22.626262626262626,0.0,0.0
0.8080808080808081,22.626262626262626,0.0,0.0
1.6161616161616161,22.626262626262626,0.0,0.0
2.4242424242424243,22.626262626262626,0.0,0.0
3.2323232323232323,22.626262626262626,0.0,0.0
4.040404040404041,22.626262626262626,0.0,0.0
4.848484848484849,22.626262626262626,0.0,0.0
5.656565656565657,22.626262626262626,0.0,0.0
6.4646464646464645,22.626262626262626,0.0,0.0
7.2727272727272725,22.626262626262626,0.0,0.0
8.080808080808081,22.626262626262626,0.0,0.0
8.88888888888889,22.626262626262626,0.0,0.0
9.696969696969697,22.626262626262626,0.0,0.0
10.505050505050505,22.626262626262626,0.0,0.0
11.313131313131313,22.626262626262626,0.0,0.0
12.121212121212121,22.626262626262626,0.0,0.0
12.929292929292929,22.626262626262626,0.0,0.0
13.737373737373737,22.626262626262626,0.0,0.0
14.545454545454545,22.626262626262626,0.0,0.0
15.353535353535353,22.626262626262626,0.0,0.0
16.161616161616163,22.626262626262626,0.0,0.0
16.96969696969697,22.626262626262626,0.0,0.0
17.77777777777778,22.626262626262626,0.0,0.0
18.585858585858585,22.626262626262626,0.0,0.0
19.393939393939394,22.626262626262626,0.0,0.0
20.2020202020202,22.626262626262626,0.0,0.0
21.01010101010101,22.626262626262626,0.0,0.0
21.818181818181817,22.626262626262626,0.0,0.0
22.626262626262626,22.626262626262626,0.0,0.0
23.434343434343432,22.626262626262626,0.0,0.0
24.242424242424242,22.626262626262626,0.0,0.0
25.05050505050505,22.626262626262626,0.37040393972522956,0.37299329772960277
25.858585858585858,22.626262626262626,0.37542241024295264,0.3780468505329366
26.666666666666668,22.626262626262626,0.37971459960418685,0.38236904501476165
27.474747474747474,22.626262626262626,0.383254182790704,0.38593337212830875
28.282828282828284,22.626262626262626,0.3860192983054333,0.3887178175508041
29.09090909090909,22.626262626262626,0.38799277303893953,0.3907050881219071
29.8989898989899,22.626262626262626,0.38916229990157875,0.3918827907176266
30.707070707070706,22.626262626262626,0.38952056565087284,0.3922435609712905
31.515151515151516,22.626262626262626,0.3890653270566554,0.39178513997113346
32.323232323232325,22.626262626262626,0.387799434294232,0.39051039781699065
33.13131313131313,22.626262626262626,0.38573080122425757,0.3884273036924123
33.93939393939394,22.626262626262626,0.38287232299289814,0.385548842888799
34.74747474747475,22.626262626262626,0.37924174215257966,0.381892881990249
35.55555555555556,22.626262626262626,0.3748614652478922,0.37999866423163026
36.36363636363636,22.626262626262626,0.36975833251920454,0.37482559684521416
37.17171717171717,22.626262626262626,0.0,0.0
37.97979797979798,22.626262626262626,0.0,0.0
38.78787878787879,22.626262626262626,0.0,0.0
39.5959595959596,22.626262626262626,0.0,0.0
40.4040404040404,22.626262626262626,0.0,0.0
41.21212121212121,22.626262626262626,0.0,0.0
42.02020202020202,22.626262626262626,0.0,0.0
42.82828282828283,22.626262626262626,0.0,0.0
43.63636363636363,22.626262626262626,0.0,0.0
44.44444444444444,22.626262626262626,0.0,0.0
45.25252525252525,22.626262626262626,0.0,0.0
46.06060606060606,22.626262626262626,0.0,0.0
46.868686868686865,22.626262626262626,0.0,0.0
47.676767676767675,22.626262626262626,0.0,0.0
48.484848484848484,22.626262626262626,0.0,0.0
49.292929292929294,22.626262626262626,0.0,0.0
50.1010101010101,22.626262626262626,0.0,0.0
50.90909090909091,22.626262626262626,0.0,0.0
51.717171717171716,22.626262626262626,0.0,0.0
52.525252525252526,22.626262626262626,0.0,0.0
53.333333333333336,22.626262626262626,0.0,0.0
54.14141414141414,22.626262626262626,0.0,0.0
54.94949494949495,22.626262626262626,0.0,0.0
55.75757575757576,22.626262626262626,0.0,0.0
56.56565656565657,22.626262626262626,0.0,0.0
57.37373737373737,22.626262626262626,0.0,0.0
58.18181818181818,22.626262626262626,0.0,0.0
58.98989898989899,22.626262626262626,0.0,0.0
59.7979797979798,22.626262626262626,0.0,0.0
60.6060606060606,22.626262626262626,0.0,0.0
61.41414141414141,22.626262626262626,0.0,0.0
62.22222222222222,22.626262626262626,0.0,0.0
63.03030303030303,22.626262626262626,0.0,0.0
63.838383838383834,22.626262626262626,0.0,0.0
64.64646464646465,22.626262626262626,0.0,0.0
65.45454545454545,22.626262626262626,0.0,0.0
66.26262626262626,22.626262626262626,0.0,0.0
67.07070707070707,22.626262626262626,0.0,0.0
67.87878787878788,22.626262626262626,0.0,0.0
68.68686868686869,22.626262626262626,0.0,0.0
69.4949494949495,22.626262626262626,0.0,0.0
70.3030303030303,22.626262626262626,0.0,0.0
71.11111111111111,22.626262626262626,0.0,0.0
71.91919191919192,22.626262626262626,0.0,0.0
72.72727272727272,22.626262626262626,0.0,0.0
73.53535353535354,22.626262626262626,0.0,0.0
74.34343434343434,22.626262626262626,0.0,0.0
75.15151515151516,22.626262626262626,0.0,0.0
75.95959595959596,22.626262626262626,0.0,0.0
76.76767676767676,22.626262626262626,0.0,0.0
77.57575757575758,22.626262626262626,0.0,0.0
78.38383838383838,22.626262626262626,0.0,0.0
79.1919191919192,22.626262626262626,0.0,0.0
80.0,22.626262626262626,0.0,0.0
0.0,23.434343434343432,0.0,0.0
0.8080808080808081,23.434343434343432,0.0,0.0
1.6161616161616161,23.434343434343432,0.0,0.0
2.4242424242424243,23.434343434343432,0.0,0.0
3.2323232323232323,23.434343434343432,0.0,0.0
4.040404040404041,23.434343434343432,0.0,0.0
4.848484848484849,23.434343434343432,0.0,0.0
5.656565656565657,23.434343434343432,0.0,0.0
6.4646464646464645,23.434343434343432,0.0,0.0
7.2727272727272725,23.434343434343432,0.0,0.0
8.080808080808081,23.434343434343432,0.0,0.0
8.88888888888889,23.434343434343432,0.0,0.0
9.696969696969697,23.434343434343432,0.0,0.0
10.505050505050505,23.434343434343432,0.0,0.0
11.313131313131313,23.434343434343432,0.0,0.0
12.121212121212121,23.434343434343432,0.0,0.0
12.929292929292929,23.434343434343432,0.0,0.0
13.737373737373737,23.434343434343432,0.0,0.0
14.545454545454545,23.434343434343432,0.0,0.0
15.353535353535353,23.434343434343432,0.0,0.0
16.161616161616163,23.434343434343432,0.0,0.0
16.96969696969697,23.434343434343432,0.0,0.0
17.77777777777778,23.434343434343432,0.0,0.0
18.585858585858585,23.434343434343432,0.0,0.0
19.393939393939394,23.434343434343432,0.0,0.0
20.2020202020202,23.434343434343432,0.0,0.0
21.01010101010101,23.434343434343432,0.0,0.0
21.818181818181817,23.434343434343432,0.0,0.0
22.626262626262626,23.434343434343432,0.37368392696684766,0.3762962141582717
23.434343434343432,23.434343434343432,0.3811285627880666,0.38379289269633543
24.242424242424242,23.434343434343432,0.38791009503955176,0.3906218321509684
25.05050505050505,23.434343434343432,0.3939881614922733,0.3967423881356105
25.858585858585858,23.434343434343432,0.39932616619667155,0.4021177088718495
26.666666666666668,23.434343434343432,0.40389164624114343,0.4067151045117811
27.474747474747474,23.434343434343432,0.40765660045070007,0.41050637813447854
28.282828282828284,23.434343434343432,0.41059777537116693,0.41346811372940323
29.09090909090909,23.434343434343432,0.4126969044532775,0.41558191705254643
29.8989898989899,23.434343434343432,0.41394089699495745,0.41683460588954
30.707070707070706,23.434343434343432,0.41432197410767585,0.4172183469724981
31.515151515151516,23.434343434343432,0.4138377497311504,0.4167307375610667
32.323232323232325,23.434343434343432,0.41249125551598753,0.41537483049900903
33.13131313131313,23.434343434343432,0.4102909092112317,0.41315910238076375
33.93939393939394,23.434343434343432,0.4072504270179959,0.410097365292372
34.74747474747475,23.434343434343432,0.40338868118589916,0.4062086234124238
35.55555555555556,23.434343434343432,0.39872950492069764,0.40151687655586993
36.36363636363636,23.434343434343432,0.393301447424554,0.39869135271843636
37.17171717171717,23.434343434343432,0.3871374825910229,0.3924429153081957
37.97979797979798,23.434343434343432,0.38027467551241384,0.38548605853705153
38.78787878787879,23.434343434343432,0.37275381151652764,0.3778621266655411
39.5959595959596,23.434343434343432,0.0,0.0
40.4040404040404,23.434343434343432,0.0,0.0
41.21212121212121,23.434343434343432,0.0,0.0
42.02020202020202,23.434343434343432,0.0,0.0
42.82828282828283,23.434343434343432,0.0,0.0
43.63636363636363,23.434343434343432,0.0,0.0
44.44444444444444,23.434343434343432,0.0,0.0
45.25252525252525,23.434343434343432,0.0,0.0
46.06060606060606,23.434343434343432,0.0,0.0
46.868686868686865,23.434343434343432,0.0,0.0
47.676767676767675,23.434343434343432,0.0,0.0
48.484848484848484,23.434343434343432,0.0,0.0
49.292929292929294,23.434343434343432,0.0,0.0
50.1010101010101,23.434343434343432,0.0,0.0
50.90909090909091,23.434343434343432,0.0,0.0
51.717171717171716,23.434343434343432,0.0,0.0
52.525252525252526,23.434343434343432,0.0,0.0
53.333333333333336,23.434343434343432,0.0,0.0
54.14141414141414,23.434343434343432,0.0,0.0
54.94949494949495,23.434343434343432,0.0,0.0
55.75757575757576,23.434343434343432,0.0,0.0
56.56565656565657,23.434343434343432,0.0,0.0
57.37373737373737,23.434343434343432,0.0,0.0
58.18181818181818,23.434343434343432,0.0,0.0
58.98989898989899,23.434343434343432,0.0,0.0
59.7979797979798,23.434343434343432,0.0,0.0
60.6060606060606,23.434343434343432,0.0,0.0
61.41414141414141,23.434343434343432,0.0,0.0
62.22222222222222,23.434343434343432,0.0,0.0
63.03030303030303,23.434343434343432,0.0,0.0
63.838383838383834,23.434343434343432,0.0,0.0
64.64646464646465,23.434343434343432,0.0,0.0
65.45454545454545,23.434343434343432,0.0,0.0
66.26262626262626,23.434343434343432,0.0,0.0
67.07070707070707,23.434343434343432,0.0,0.0
67.87878787878788,23.434343434343432,0.0,0.0
68.68686868686869,23.434343434343432,0.0,0.0
69.4949494949495,23.434343434343432,0.0,0.0
70.3030303030303,23.434343434343432,0.0,0.0
71.11111111111111,23.434343434343432,0.0,0.0
71.91919191919192,23.434343434343432,0.0,0.0
72.72727272727272,23.434343434343432,0.0,0.0
73.53535353535354,23.434343434343432,0.0,0.0
74.34343434343434,23.434343434343432,0.0,0.0
75.15151515151516,23.434343434343432,0.0,0.0
75.95959595959596,23.434343434343432,0.0,0.0
76.76767676767676,23.434343434343432,0.0,0.0
77.57575757575758,23.434343434343432,0.0,0.0
78.38383838383838,23.434343434343432,0.0,0.0
79.1919191919192,23.434343434343432,0.0,0.0
80.0,23.434343434343432,0.0,0.0
0.0,24.242424242424242,0.0,0.0
0.8080808080808081,24.242424242424242,0.0,0.0
1.6161616161616161,24.242424242424242,0.0,0.0
2.4242424242424243,24.242424242424242,0.0,0.0
3.2323232323232323,24.242424242424242,0.0,0.0
4.040404040404041,24.242424242424242,0.0,0.0
4.848484848484849,24.242424242424242,0.0,0.0
5.656565656565657,24.242424242424242,0.0,0.0
6.4646464646464645,24.242424242424242,0.0,0.0
7.2727272727272725,24.242424242424242,0.0,0.0
8.080808080808081,24.242424242424242,0.0,0.0
8.88888888888889,24.242424242424242,0.0,0.0
9.696969696969697,24.242424242424242,0.0,0.0
10.505050505050505,24.242424242424242,0.0,0.0
11.313131313131313,24.242424242424242,0.0,0.0
12.121212121212121,24.242424242424242,0.0,0.0
12.929292929292929,24.242424242424242,0.0,0.0
13.737373737373737,24.242424242424242,0.0,0.0
14.545454545454545,24.242424242424242,0.0,0.0
15.353535353535353,24.242424242424242,0.0,0.0
16.161616161616163,24.242424242424242,0.0,0.0
16.96969696969697,24.242424242424242,0.0,0.0
17.77777777777778,24.242424242424242,0.0,0.0
18.585858585858585,24.242424242424242,0.0,0.0
19.393939393939394,24.242424242424242,0.0,0.0
20.2020202020202,24.242424242424242,0.36919711337505934,0.37177803489932376
21.01010101010101,24.242424242424242,0.3789202877480222,0.381569180415923
21.818181818181817,24.242424242424242,0.38808774233425897,0.39080072131271637
22.626262626262626,24.242424242424242,0.3966472969774289,0.3994201126610401
23.434343434343432,24.242424242424242,0.4045494154855385,0.4073774719795624
24.242424242424242,24.242424242424242,0.41174768183525895,0.41462605876757
25.05050505050505,24.242424242424242,0.4181992534853692,0.42112273098735936
25.858585858585858,24.242424242424242,0.4238652856169576,0.4268283722701459
26.666666666666668,24.242424242424242,0.42871132042970167,0.43170828393377114
27.474747474747474,24.242424242424242,0.4327076360394894,0.43573253631933906
28.282828282828284,24.242424242424242,0.4358295500367282,0.4388762744715901
29.09090909090909,24.242424242424242,0.438057673368615,0.4411199737959689
29.8989898989899,24.242424242424242,0.43937811089217266,0.44244964201365317
30.707070707070706,24.242424242424242,0.439782605695914,0.44285696449211787
31.515151515151516,24.242424242424242,0.439268625093006,0.44233939083944585
32.323232323232325,24.242424242424242,0.4378393870329825,0.440900161500675
33.13131313131313,24.242424242424242,0.43550382654666514,0.43854827396814855
33.93939393939394,24.242424242424242,0.4322765027138101,0.43529838909880586
34.74747474747475,24.242424242424242,0.42817744750865816,0.431170678903068
35.55555555555556,24.242424242424242,0.42323195871888347,0.4261906180161584
36.36363636363636,24.242424242424242,0.41747033993276284,0.4231914620134898
37.17171717171717,24.242424242424242,0.41092759133308626,0.4165590498858886
37.97979797979798,24.242424242424242,0.4036430557109551,0.4091746850936125
38.78787878787879,24.242424242424242,0.3956600247063387,0.40108225255652075
39.5959595959596,24.242424242424242,0.38702531078502755,0.39232920627060636
40.4040404040404,24.242424242424242,0.37778879086540607,0.3829661066805112
41.21212121212121,24.242424242424242,0.3680029278074272,0.3730461356108614
42.02020202020202,24.242424242424242,0.0,0.0
42.82828282828283,24.242424242424242,0.0,0.0
43.63636363636363,24.242424242424242,0.0,0.0
44.44444444444444,24.242424242424242,0.0,0.0
45.25252525252525,24.242424242424242,0.0,0.0
46.06060606060606,24.242424242424242,0.0,0.0
46.868686868686865,24.242424242424242,0.0,0.0
47.676767676767675,24.242424242424242,0.0,0.0
48.484848484848484,24.242424242424242,0.0,0.0
49.292929292929294,24.242424242424242,0.0,0.0
50.1010101010101,24.242424242424242,0.0,0.0
50.90909090909091,24.242424242424242,0.0,0.0
51.717171717171716,24.242424242424242,0.0,0.0
52.525252525252526,24.242424242424242,0.0,0.0
53.333333333333336,24.242424242424242,0.0,0.0
54.14141414141414,24.242424242424242,0.0,0.0
54.94949494949495,24.242424242424242,0.0,0.0
55.75757575757576,24.242424242424242,0.0,0.0
56.56565656565657,24.242424242424242,0.0,0.0
57.37373737373737,24.242424242424242,0.0,0.0
58.18181818181818,24.242424242424242,0.0,0.0
58.98989898989899,24.242424242424242,0.0,0.0
59.7979797979798,24.242424242424242,0.0,0.0
60.6060606060606,24.242424242424242,0.0,0.0
61.41414141414141,24.242424242424242,0.0,0.0
62.22222222222222,24.242424242424242,0.0,0.0
63.03030303030303,24.242424242424242,0.0,0.0
63.838383838383834,24.242424242424242,0.0,0.0
64.64646464646465,24.242424242424242,0.0,0.0
65.45454545454545,24.242424242424242,0.0,0.0
66.26262626262626,24.242424242424242,0.0,0.0
67.07070707070707,24.242424242424242,0.0,0.0
67.87878787878788,24.242424242424242,0.0,0.0
68.68686868686869,24.242424242424242,0.0,0.0
69.4949494949495,24.242424242424242,0.0,0.0
70.3030303030303,24.242424242424242,0.0,0.0
71.11111111111111,24.242424242424242,0.0,0.0
71.91919191919192,24.242424242424242,0.0,0.0
72.72727272727272,24.242424242424242,0.0,0.0
73.53535353535354,24.242424242424242,0.0,0.0
74.34343434343434,24.242424242424242,0.0,0.0
75.15151515151516,24.242424242424242,0.0,0.0
75.95959595959596,24.242424242424242,0.0,0.0
76.76767676767676,24.242424242424242,0.0,0.0
77.57575757575758,24.242424242424242,0.0,0.0
78.38383838383838,24.242424242424242,0.0,0.0
79.1919191919192,24.242424242424242,0.0,0.0
80.0,24.242424242424242,0.0,0.0
0.0,25.05050505050505,0.0,0.0
0.8080808080808081,25.05050505050505,0.0,0.0
1.6161616161616161,25.05050505050505,0.0,0.0
2.4242424242424243,25.05050505050505,0.0,0.0
3.2323232323232323,25.05050505050505,0.0,0.0
4.040404040404041,25.05050505050505,0.0,0.0
4.848484848484849,25.05050505050505,0.0,0.0
5.656565656565657,25.05050505050505,0.0,0.0
6.4646464646464645,25.05050505050505,0.0,0.0
7.2727272727272725,25.05050505050505,0.0,0.0
8.080808080808081,25.05050505050505,0.0,0.0
8.88888888888889,25.05050505050505,0.0,0.0
9.696969696969697,25.05050505050505,0.0,0.0
10.505050505050505,25.05050505050505,0.0,0.0
11.313131313131313,25.05050505050505,0.0,0.0
12.121212121212121,25.05050505050505,0.0,0.0
12.929292929292929,25.05050505050505,0.0,0.0
13.737373737373737,25.05050505050505,0.0,0.0
14.545454545454545,25.05050505050505,0.0,0.0
15.353535353535353,25.05050505050505,0.0,0.0
16.161616161616163,25.05050505050505,0.0,0.0
16.96969696969697,25.05050505050505,0.0,0.0
17.77777777777778,25.05050505050505,0.0,0.0
18.585858585858585,25.05050505050505,0.3689345070026154,0.3715135927421066
19.393939393939394,25.05050505050505,0.3802365208078867,0.38289461477805153
20.2020202020202,25.05050505050505,0.39106674211418246,0.3938005461868084
21.01010101010101,25.05050505050505,0.4013658749819411,0.4041716765126637
21.818181818181817,25.05050505050505,0.41107636964357547,0.41395005367872606
22.626262626262626,25.05050505050505,0.4201429550175847,0.42308002022364816
23.434343434343432,25.05050505050505,0.4285131606037463,0.43150873884519714
24.242424242424242,25.05050505050505,0.4361378208957016,0.43918670033900314
25.05050505050505,25.05050505050505,0.4429715555467138,0.44606820712098
25.858585858585858,25.05050505050505,0.44897321874001084,0.452111825739051
26.666666666666668,25.05050505050505,0.4541063115452799,0.4572808021122766
27.474747474747474,25.05050505050505,0.4583393514834664,0.4615434336791453
28.282828282828284,25.05050505050505,0.46164619406655166,0.4648733931851177
29.09090909090909,25.05050505050505,0.4640063017187055,0.46724999948370827
29.8989898989899,25.05050505050505,0.4654049562092093,0.46865843145444896
30.707070707070706,25.05050505050505,0.4658334115231069,0.46908988194220297
31.515151515151516,25.05050505050505,0.46528898494823034,0.46854164948094595
32.323232323232325,25.05050505050505,0.46377508505142584,0.4670171664655642
33.13131313131313,25.05050505050505,0.4613011761358194,0.46452596336065327
33.93939393939394,25.05050505050505,0.4578826796976309,0.46108356946845364
34.74747474747475,25.05050505050505,0.45354081431799437,0.45671135170141264
35.55555555555556,25.05050505050505,0.4483023763153258,0.45143629370117416
36.36363636363636,25.05050505050505,0.44219946433046675,0.44529071849839763
37.17171717171717,25.05050505050505,0.43526915180457115,0.44123419343088044
37.97979797979798,25.05050505050505,0.42755311202430474,0.4334124110352949
38.78787878787879,25.05050505050505,0.4190972010378059,0.42484061804610024
39.5959595959596,25.05050505050505,0.40995100427741893,0.41556907942729776
40.4040404040404,25.05050505050505,0.4001673531529052,0.4056513506040244
41.21212121212121,25.05050505050505,0.3898018181955081,0.395143763660532
42.02020202020202,25.05050505050505,0.3789121855350657,0.38410489664280645
42.82828282828283,25.05050505050505,0.0,0.0
43.63636363636363,25.05050505050505,0.0,0.0
44.44444444444444,25.05050505050505,0.0,0.0
45.25252525252525,25.05050505050505,0.0,0.0
46.06060606060606,25.05050505050505,0.0,0.0
46.868686868686865,25.05050505050505,0.0,0.0
47.676767676767675,25.05050505050505,0.0,0.0
48.484848484848484,25.05050505050505,0.0,0.0
49.292929292929294,25.05050505050505,0.0,0.0
50.1010101010101,25.05050505050505,0.0,0.0
50.90909090909091,25.05050505050505,0.0,0.0
51.717171717171716,25.05050505050505,0.0,0.0
52.525252525252526,25.05050505050505,0.0,0.0
53.333333333333336,25.05050505050505,0.0,0.0
54.14141414141414,25.05050505050505,0.0,0.0
54.94949494949495,25.05050505050505,0.0,0.0
55.75757575757576,25.05050505050505,0.0,0.0
56.56565656565657,25.05050505050505,0.0,0.0
57.37373737373737,25.05050505050505,0.0,0.0
58.18181818181818,25.05050505050505,0.0,0.0
58.98989898989899,25.05050505050505,0.0,0.0
59.7979797979798,25.05050505050505,0.0,0.0
60.6060606060606,25.05050505050505,0.0,0.0
61.41414141414141,25.05050505050505,0.0,0.0
62.22222222222222,25.05050505050505,0.0,0.0
63.03030303030303,25.05050505050505,0.0,0.0
63.838383838383834,25.05050505050505,0.0,0.0
64.64646464646465,25.05050505050505,0.0,0.0
65.45454545454545,25.05050505050505,0.0,0.0
66.26262626262626,25.05050505050505,0.0,0.0
67.07070707070707,25.05050505050505,0.0,0.0
67.87878787878788,25.05050505050505,0.0,0.0
68.68686868686869,25.05050505050505,0.0,0.0
69.4949494949495,25.05050505050505,0.0,0.0
70.3030303030303,25.05050505050505,0.0,0.0
71.11111111111111,25.05050505050505,0.0,0.0
71.91919191919192,25.05050505050505,0.0,0.0
72.72727272727272,25.05050505050505,0.0,0.0
73.53535353535354,25.05050505050505,0.0,0.0
74.34343434343434,25.05050505050505,0.0,0.0
75.15151515151516,25.05050505050505,0.0,0.0
75.95959595959596,25.05050505050505,0.0,0.0
76.76767676767676,25.05050505050505,0.0,0.0
77.57575757575758,25.05050505050505,0.0,0.0
78.38383838383838,25.05050505050505,0.0,0.0
79.1919191919192,25.05050505050505,0.0,0.0
80.0,25.05050505050505,0.0,0.0
0.0,25.858585858585858,0.0,0.0
0.8080808080808081,25.858585858585858,0.0,0.0
1.6161616161616161,25.858585858585858,0.0,0.0
2.4242424242424243,25.858585858585858,0.0,0.0
3.2323232323232323,25.858585858585858,0.0,0.0
4.040404040404041,25.858585858585858,0.0,0.0
4.848484848484849,25.858585858585858,0.0,0.0
5.656565656565657,25.858585858585858,0.0,0.0
6.4646464646464645,25.858585858585858,0.0,0.0
7.2727272727272725,25.858585858585858,0.0,0.0
8.080808080808081,25.858585858585858,0.0,0.0
8.88888888888889,25.858585858585858,0.0,0.0
9.696969696969697,25.858585858585858,0.0,0.0
10.505050505050505,25.858585858585858,0.0,0.0
11.313131313131313,25.858585858585858,0.0,0.0
12.121212121212121,25.858585858585858,0.0,0.0
12.929292929292929,25.858585858585858,0.0,0.0
13.737373737373737,25.858585858585858,0.0,0.0
14.545454545454545,25.858585858585858,0.0,0.0
15.353535353535353,25.858585858585858,0.0,0.0
16.161616161616163,25.858585858585858,0.0,0.0
16.96969696969697,25.858585858585858,0.0,0.0
17.77777777777778,25.858585858585858,0.37759160091070204,0.38023120521655124
18.585858585858585,25.858585858585858,0.38997284759663403,0.39269900465414703
19.393939393939394,25.858585858585858,0.4019193541541973,0.4047290248546863
20.2020202020202,25.858585858585858,0.4133671644369258,0.416256862577755
21.01010101010101,25.858585858585858,0.4242536011783593,0.4272194024031256
21.818181818181817,25.858585858585858,0.43451783285876056,0.4375553875602315
22.626262626262626,25.858585858585858,0.44410143658562834,0.44720598674357126
23.434343434343432,25.858585858585858,0.45294894974975075,0.45611534962518674
24.242424242424242,25.858585858585858,0.4610084032017146,0.46423114375841384
25.05050505050505,25.858585858585858,0.4682318287989199,0.47150506567297196
25.858585858585858,25.858585858585858,0.47457573440108514,0.4778933191909886
26.666666666666668,25.858585858585858,0.48000153974120313,0.4833570543449688
27.474747474747474,25.858585858585858,0.48447596706462265,0.4878627607476915
28.282828282828284,25.858585858585858,0.48797138100450244,0.4913826098436081
29.09090909090909,25.858585858585858,0.49046607283808175,0.4938947411522441
29.8989898989899,25.858585858585858,0.4919444850335062,0.49538348838474944
30.707070707070706,25.858585858585858,0.4923973728378648,0.49583954216153847
31.515151515151516,25.858585858585858,0.4918219005584166,0.49526004696658305
32.323232323232325,25.858585858585858,0.49022167113414955,0.4936486309256951
33.13131313131313,25.858585858585858,0.4876066885662356,0.49101536797434747
33.93939393939394,25.858585858585858,0.4839932537554607,0.48737667296694104
34.74747474747475,25.858585858585858,0.4794037952639401,0.48275513125543745
35.55555555555556,25.858585858585858,0.47386663745927715,0.47717926521269904
36.36363636363636,25.858585858585858,0.46741570939428523,0.47068324107709536
37.17171717171717,25.858585858585858,0.4600901986080606,0.46639539431323707
37.97979797979798,25.858585858585858,0.4519341547895351,0.4581275779496511
38.78787878787879,25.858585858585858,0.4429960489093896,0.44906698194261657
39.5959595959596,25.858585858585858,0.4333282939891325,0.4392667375953159
40.4040404040404,25.858585858585858,0.4229867341282339,0.42878345430927806
41.21212121212121,25.858585858585858,0.4120301087449379,0.41767667648300677
42.02020202020202,25.858585858585858,0.40051949919969454,0.4060083225517969
42.82828282828283,25.858585858585858,0.38851776506065316,0.39384211352766324
43.63636363636363,25.858585858585858,0.37608897723945756,0.38124299836668113
44.44444444444444,25.858585858585858,0.0,0.0
45.25252525252525,25.858585858585858,0.0,0.0
46.06060606060606,25.858585858585858,0.0,0.0
46.868686868686865,25.858585858585858,0.0,0.0
47.676767676767675,25.858585858585858,0.0,0.0
48.484848484848484,25.858585858585858,0.0,0.0
49.292929292929294,25.858585858585858,0.0,0.0
50.1010101010101,25.858585858585858,0.0,0.0
50.90909090909091,25.858585858585858,0.0,0.0
51.717171717171716,25.858585858585858,0.0,0.0
52.525252525252526,25.858585858585858,0.0,0.0
53.333333333333336,25.858585858585858,0.0,0.0
54.14141414141414,25.858585858585858,0.0,0.0
54.94949494949495,25.858585858585858,0.0,0.0
55.75757575757576,25.858585858585858,0.0,0.0
56.56565656565657,25.858585858585858,0.0,0.0
57.37373737373737,25.858585858585858,0.0,0.0
58.18181818181818,25.858585858585858,0.0,0.0
58.98989898989899,25.858585858585858,0.0,0.0
59.7979797979798,25.858585858585858,0.0,0.0
60.6060606060606,25.858585858585858,0.0,0.0
61.41414141414141,25.858585858585858,0.0,0.0
62.22222222222222,25.858585858585858,0.0,0.0
63.03030303030303,25.858585858585858,0.0,0.0
63.838383838383834,25.858585858585858,0.0,0.0
64.64646464646465,25.858585858585858,0.0,0.0
65.45454545454545,25.858585858585858,0.0,0.0
66.26262626262626,25.858585858585858,0.0,0.0
67.07070707070707,25.858585858585858,0.0,0.0
67.87878787878788,25.858585858585858,0.0,0.0
68.68686868686869,25.858585858585858,0.0,0.0
69.4949494949495,25.858585858585858,0.0,0.0
70.3030303030303,25.858585858585858,0.0,0.0
71.11111111111111,25.858585858585858,0.0,0.0
71.91919191919192,25.858585858585858,0.0,0.0
72.72727272727272,25.858585858585858,0.0,0.0
73.53535353535354,25.858585858585858,0.0,0.0
74.34343434343434,25.858585858585858,0.0,0.0
75.15151515151516,25.858585858585858,0.0,0.0
75.95959595959596,25.858585858585858,0.0,0.0
76.76767676767676,25.858585858585858,0.0,0.0
77.57575757575758,25.858585858585858,0.0,0.0
78.38383838383838,25.858585858585858,0.0,0.0
79.1919191919192,25.858585858585858,0.0,0.0
80.0,25.858585858585858,0.0,0.0
0.0,26.666666666666668,0.0,0.0
0.8080808080808081,26.666666666666668,0.0,0.0
1.6161616161616161,26.666666666666668,0.0,0.0
2.4242424242424243,26.666666666666668,0.0,0.0
3.2323232323232323,26.666666666666668,0.0,0.0
4.040404040404041,26.666666666666668,0.0,0.0
4.848484848484849,26.666666666666668,0.0,0.0
5.656565656565657,26.666666666666668,0.0,0.0
6.4646464646464645,26.666666666666668,0.0,0.0
7.2727272727272725,26.666666666666668,0.0,0.0
8.080808080808081,26.666666666666668,0.0,0.0
8.88888888888889,26.666666666666668,0.0,0.0
9.696969696969697,26.666666666666668,0.0,0.0
10.505050505050505,26.666666666666668,0.0,0.0
11.313131313131313,26.666666666666668,0.0,0.0
12.121212121212121,26.666666666666668,0.0,0.0
12.929292929292929,26.666666666666668,0.0,0.0
13.737373737373737,26.666666666666668,0.0,0.0
14.545454545454545,26.666666666666668,0.0,0.0
15.353535353535353,26.666666666666668,0.0,0.0
16.161616161616163,26.666666666666668,0.3710678706353003,0.3736618699370031
16.96969696969697,26.666666666666668,0.3848401585432843,0.38753043485532224
17.77777777777778,26.666666666666668,0.39829047773778375,0.4010747802950433
18.585858585858585,26.666666666666668,0.41135044158664974,0.41422604155816994
19.393939393939394,26.666666666666668,0.42395183365319294,0.4269155253319395
20.2020202020202,26.666666666666668,0.4360271918326714,0.43907529790879424
21.01010101010101,26.666666666666668,0.4475104030061984,0.45063878399729684
21.818181818181817,26.666666666666668,0.45833730098204917,0.4615413688434252
22.626262626262626,26.666666666666668,0.4684462602322484,0.47172099611775453
23.434343434343432,26.666666666666668,0.4777787777893935,0.4811187538801077
24.242424242424242,26.666666666666668,0.486280035650919,0.4896794409153815
25.05050505050505,26.666666666666668,0.4938994361489048,0.49735210584592876
25.858585858585858,26.666666666666668,0.5005911029839605,0.5040905516679866
26.666666666666668,26.666666666666668,0.5063143409898264,0.5098537987303232
27.474747474747474,26.666666666666668,0.5110340481865688,0.5146064996679455
28.282828282828284,26.666666666666668,0.5147210742873832,0.5183193004150921
29.09090909090909,26.666666666666668,0.517352520537269,0.52096914213997
29.8989898989899,26.666666666666668,0.5189119765691002,0.5225394997565993
30.707070707070706,26.666666666666668,0.5193896908496205,0.5230205535623337
31.515151515151516,26.666666666666668,0.5187826722386306,0.5224092915070102
32.323232323232325,26.666666666666668,0.5170947211816045,0.5207095406036224
33.13131313131313,26.666666666666668,0.514336390080652,0.5179319270222507
33.93939393939394,26.666666666666668,0.5105248734219482,0.5140937654494125
34.74747474747475,26.666666666666668,0.5056838292601162,0.5092188793245084
35.55555555555556,26.666666666666668,0.4998431346524778,0.5033373545644029
36.36363636363636,26.666666666666668,0.49303857858009476,0.49648523033778985
37.17171717171717,26.666666666666668,0.4853114967708554,0.4919623317035923
37.97979797979798,26.666666666666668,0.4767083536365909,0.48324128885899864
38.78787878787879,26.666666666666668,0.46728027723741294,0.4736840076495465
39.5959595959596,26.666666666666668,0.45708255378023344,0.4633465319387017
40.4040404040404,26.666666666666668,0.4461740886353075,0.45228857435122877
41.21212121212121,26.666666666666668,0.434616841207712,0.44057294340000114
42.02020202020202,26.666666666666668,0.4224752412256925,0.4282649517750121
42.82828282828283,26.666666666666668,0.40981559410326857,0.41543181355691416
43.63636363636363,26.666666666666668,0.39670548300157515,0.4021420380840543
44.44444444444444,26.666666666666668,0.3832131750559171,0.38846482804230886
45.25252525252525,26.666666666666668,0.3694070389597105,0.3744694890674445
46.06060606060606,26.666666666666668,0.0,0.0
46.868686868686865,26.666666666666668,0.0,0.0
47.676767676767675,26.666666666666668,0.0,0.0
48.484848484848484,26.666666666666668,0.0,0.0
49.292929292929294,26.666666666666668,0.0,0.0
50.1010101010101,26.666666666666668,0.0,0.0
50.90909090909091,26.666666666666668,0.0,0.0
51.717171717171716,26.666666666666668,0.0,0.0
52.525252525252526,26.666666666666668,0.0,0.0
53.333333333333336,26.666666666666668,0.0,0.0
54.14141414141414,26.666666666666668,0.0,0.0
54.94949494949495,26.666666666666668,0.0,0.0
55.75757575757576,26.666666666666668,0.0,0.0
56.56565656565657,26.666666666666668,0.0,0.0
57.37373737373737,26.666666666666668,0.0,0.0
58.18181818181818,26.666666666666668,0.0,0.0
58.98989898989899,26.666666666666668,0.0,0.0
59.7979797979798,26.666666666666668,0.0,0.0
60.6060606060606,26.666666666666668,0.0,0.0
61.41414141414141,26.666666666666668,0.0,0.0
62.22222222222222,26.666666666666668,0.0,0.0
63.03030303030303,26.666666666666668,0.0,0.0
63.838383838383834,26.666666666666668,0.0,0.0
64.64646464646465,26.666666666666668,0.0,0.0
65.45454545454545,26.666666666666668,0.0,0.0
66.26262626262626,26.666666666666668,0.0,0.0
67.07070707070707,26.666666666666668,0.0,0.0
67.87878787878788,26.666666666666668,0.0,0.0
68.68686868686869,26.666666666666668,0.0,0.0
69.4949494949495,26.666666666666668,0.0,0.0
70.3030303030303,26.666666666666668,0.0,0.0
71.11111111111111,26.666666666666668,0.0,0.0
71.91919191919192,26.666666666666668,0.0,0.0
72.72727272727272,26.666666666666668,0.0,0.0
73.53535353535354,26.666666666666668,0.0,0.0
74.34343434343434,26.666666666666668,0.0,0.0
75.15151515151516,26.666666666666668,0.0,0.0
75.95959595959596,26.666666666666668,0.0,0.0
76.76767676767676,26.666666666666668,0.0,0.0
77.57575757575758,26.666666666666668,0.0,0.0
78.38383838383838,26.666666666666668,0.0,0.0
79.1919191919192,26.666666666666668,0.0,0.0
80.0,26.666666666666668,0.0,0.0
0.0,27.474747474747474,0.0,0.0
0.8080808080808081,27.474747474747474,0.0,0.0
1.6161616161616161,27.474747474747474,0.0,0.0
2.4242424242424243,27.474747474747474,0.0,0.0
3.2323232323232323,27.474747474747474,0.0,0.0
4.040404040404041,27.474747474747474,0.0,0.0
4.848484848484849,27.474747474747474,0.0,0.0
5.656565656565657,27.474747474747474,0.0,0.0
6.4646464646464645,27.474747474747474,0.0,0.0
7.2727272727272725,27.474747474747474,0.0,0.0
8.080808080808081,27.474747474747474,0.0,0.0
8.88888888888889,27.474747474747474,0.0,0.0
9.696969696969697,27.474747474747474,0.0,0.0
10.505050505050505,27.474747474747474,0.0,0.0
11.313131313131313,27.474747474747474,0.0,0.0
12.121212121212121,27.474747474747474,0.0,0.0
12.929292929292929,27.474747474747474,0.0,0.0
13.737373737373737,27.474747474747474,0.0,0.0
14.545454545454545,27.474747474747474,0.0,0.0
15.353535353535353,27.474747474747474,0.3758278235029653,0.3784550978882633
16.161616161616163,27.474747474747474,0.3905921007506701,0.39332258677971704
16.96969696969697,27.474747474747474,0.40508903592566264,0.40792086470814276
17.77777777777778,27.474747474747474,0.4192470615745879,0.42217786391838424
18.585858585858585,27.474747474747474,0.4329941928115845,0.43602109630466157
19.393939393939394,27.474747474747474,0.4462586239013122,0.44937825416409133
20.2020202020202,27.474747474747474,0.4589693431305578,0.46217782936663465
21.01010101010101,27.474747474747474,0.4710567587506499,0.4743497436732452
21.818181818181817,27.474747474747474,0.48245332838024474,0.4858259825385795
22.626262626262626,27.474747474747474,0.4930941839821542,0.49654122445680793
23.434343434343432,27.474747474747474,0.502917744377445,0.5064334577575755
24.242424242424242,27.474747474747474,0.5118663072413527,0.5154445767403423
25.05050505050505,27.474747474747474,0.5198866126422858,0.5235209491528812
25.858585858585858,27.474747474747474,0.5269303704382736,0.5306139472745617
26.666666666666668,27.474747474747474,0.5329547442326953,0.5366804352552349
27.474747474747474,27.474747474747474,0.5379227851082029,0.5416832058812322
28.282828282828284,27.474747474747474,0.5418038089968354,0.5455913605835344
29.09090909090909,27.474747474747474,0.5445737122951072,0.5483806272592099
29.8989898989899,27.474747474747474,0.5462152211825739,0.5500336113328751
30.707070707070706,27.474747474747474,0.5467180710360728,0.550539976425154
31.515151515151516,27.474747474747474,0.5460791133325794,0.5498965520028529
32.323232323232325,27.474747474747474,0.5443023484830671,0.5481073664423504
33.13131313131313,27.474747474747474,0.5413988841183341,0.5451836050238149
33.93939393939394,27.474747474747474,0.5373868194353411,0.5411434934690508
34.74747474747475,27.474747474747474,0.5322910572887577,0.5360121087194454
35.55555555555556,27.474747474747474,0.5261430467570595,0.52982111970244
36.36363636363636,27.474747474747474,0.5189804599062028,0.5226084618355783
37.17171717171717,27.474747474747474,0.5108468073984398,0.514417949948184
37.97979797979798,27.474747474747474,0.5017909984325006,0.5086676727406791
38.78787878787879,27.474747474747474,0.4918668512394606,0.49860752245422746
39.5959595959596,27.474747474747474,0.481132560983625,0.48772612669381044
40.4040404040404,27.474747474747474,0.4696501324197419,0.47608633994345645
41.21212121212121,27.474747474747474,0.457484785029489,0.4637542754695772
42.02020202020202,27.474747474747474,0.4447043385970564,0.45079868247631844
42.82828282828283,27.474747474747474,0.4313785872841122,0.43729031160268633
43.63636363636363,27.474747474747474,0.4175786702298063,0.4233012768970898
44.44444444444444,27.474747474747474,0.4033764465356696,0.4089044222368705
45.25252525252525,27.474747474747474,0.38884388220495975,0.39417269986610587
46.06060606060606,27.474747474747474,0.37405245620008737,0.37917856831349195
46.868686868686865,27.474747474747474,0.0,0.0
47.676767676767675,27.474747474747474,0.0,0.0
48.484848484848484,27.474747474747474,0.0,0.0
49.292929292929294,27.474747474747474,0.0,0.0
50.1010101010101,27.474747474747474,0.0,0.0
50.90909090909091,27.474747474747474,0.0,0.0
51.717171717171716,27.474747474747474,0.0,0.0
52.525252525252526,27.474747474747474,0.0,0.0
53.333333333333336,27.474747474747474,0.0,0.0
54.14141414141414,27.474747474747474,0.0,0.0
54.94949494949495,27.474747474747474,0.0,0.0
55.75757575757576,27.474747474747474,0.0,0.0
56.56565656565657,27.474747474747474,0.0,0.0
57.37373737373737,27.474747474747474,0.0,0.0
58.18181818181818,27.474747474747474,0.0,0.0
58.98989898989899,27.474747474747474,0.0,0.0
59.7979797979798,27.474747474747474,0.0,0.0
60.6060606060606,27.474747474747474,0.0,0.0
61.41414141414141,27.474747474747474,0.0,0.0
62.22222222222222,27.474747474747474,0.0,0.0
63.03030303030303,27.474747474747474,0.0,0.0
63.838383838383834,27.474747474747474,0.0,0.0
64.64646464646465,27.474747474747474,0.0,0.0
65.45454545454545,27.474747474747474,0.0,0.0
66.26262626262626,27.474747474747474,0.0,0.0
67.07070707070707,27.474747474747474,0.0,0.0
67.87878787878788,27.474747474747474,0.0,0.0
68.68686868686869,27.474747474747474,0.0,0.0
69.4949494949495,27.474747474747474,0.0,0.0
70.3030303030303,27.474747474747474,0.0,0.0
71.11111111111111,27.474747474747474,0.0,0.0
71.91919191919192,27.474747474747474,0.0,0.0
72.72727272727272,27.474747474747474,0.0,0.0
73.53535353535354,27.474747474747474,0.0,0.0
74.34343434343434,27.474747474747474,0.0,0.0
75.15151515151516,27.474747474747474,0.0,0.0
75.95959595959596,27.474747474747474,0.0,0.0
76.76767676767676,27.474747474747474,0.0,0.0
77.57575757575758,27.474747474747474,0.0,0.0
78.38383838383838,27.474747474747474,0.0,0.0
79.1919191919192,27.474747474747474,0.0,0.0
80.0,27.474747474747474,0.0,0.0
0.0,28.282828282828284,0.0,0.0
0.8080808080808081,28.282828282828284,0.0,0.0
1.6161616161616161,28.282828282828284,0.0,0.0
2.4242424242424243,28.282828282828284,0.0,0.0
3.2323232323232323,28.282828282828284,0.0,0.0
4.040404040404041,28.282828282828284,0.0,0.0
4.848484848484849,28.282828282828284,0.0,0.0
5.656565656565657,28.282828282828284,0.0,0.0
6.4646464646464645,28.282828282828284,0.0,0.0
7.2727272727272725,28.282828282828284,0.0,0.0
8.080808080808081,28.282828282828284,0.0,0.0
8.88888888888889,28.282828282828284,0.0,0.0
9.696969696969697,28.282828282828284,0.0,0.0
10.505050505050505,28.282828282828284,0.0,0.0
11.313131313131313,28.282828282828284,0.0,0.0
12.121212121212121,28.282828282828284,0.0,0.0
12.929292929292929,28.282828282828284,0.0,0.0
13.737373737373737,28.282828282828284,0.0,0.0
14.545454545454545,28.282828282828284,0.3790613607195152,0.38171123957678593
15.353535353535353,28.282828282828284,0.39477672379752,0.3975364629905308
16.161616161616163,28.282828282828284,0.41028540260357754,0.4131535572784364
16.96969696969697,28.282828282828284,0.42551326019045327,0.4284878672290782
17.77777777777778,28.282828282828284,0.4403851207382655,0.44346369149600745
18.585858585858585,28.282828282828284,0.45482536994805634,0.45800488718845245
19.393939393939394,28.282828282828284,0.4687585817039958,0.472035500914289
20.2020202020202,28.282828282828284,0.48211016394626194,0.4854804191679801
21.01010101010101,28.282828282828284,0.4948070161729073,0.49826603042879714
21.818181818181817,28.282828282828284,0.506778190576567,0.5103208909192919
22.626262626262626,28.282828282828284,0.5179555485320542,0.5215763856821555
23.434343434343432,28.282828282828284,0.5282744039928696,0.5319673764744776
24.242424242424242,28.282828282828284,0.5376741453350159,0.5414328279586417
25.05050505050505,28.282828282828284,0.5460988273091296,0.5499164037925781
25.858585858585858,28.282828282828284,0.5534977250277852,0.5573670244897894
26.666666666666668,28.282828282828284,0.559825842321833,0.5637393793294208
27.474747474747474,28.282828282828284,0.5650443673427978,0.5689943851436086
28.282828282828284,28.282828282828284,0.5691210689596544,0.573099585485319
29.09090909090909,28.282828282828284,0.5720306282869432,0.5760294844740567
29.8989898989899,28.282828282828284,0.5737549005737542,0.5777658105156168
30.707070707070706,28.282828282828284,0.5742831036638715,0.5782977060796866
31.515151515151516,28.282828282828284,0.5736119302885764,0.5776218407776454
32.323232323232325,28.282828282828284,0.5717455825559596,0.5757424460929795
33.13131313131313,28.282828282828284,0.568695728133558,0.5726712712576074
33.93939393939394,28.282828282828284,0.5644813787635379,0.5684274609178078
34.74747474747475,28.282828282828284,0.5591286928800677,0.563037356371762
35.55555555555556,28.282828282828284,0.5526707051958288,0.5565342232657041
36.36363636363636,28.282828282828284,0.545146987168406,0.5489579096867561
37.17171717171717,28.282828282828284,0.5366032432284449,0.5403544395684647
37.97979797979798,28.282828282828284,0.5270908485324162,0.5343142385643249
38.78787878787879,28.282828282828284,0.516666334778123,0.5237468645631693
39.5959595959596,28.282828282828284,0.5053908312776298,0.5123168386310746
40.4040404040404,28.282828282828284,0.49332946900956165,0.5000901843185306
41.21212121212121,28.282828282828284,0.48055075576310935,0.48713634826328345
42.02020202020202,28.282828282828284,0.4671259307348855,0.4735275459424183
42.82828282828283,28.282828282828284,0.45312830704531565,0.45933809517842444
43.63636363636363,28.282828282828284,0.4386326106048592,0.4446437459450669
44.44444444444444,28.282828282828284,0.4237143235862117,0.4295210148423612
45.25252525252525,28.282828282828284,0.4084490404536843,0.41404653230081206
46.06060606060606,28.282828282828284,0.39291184407457996,0.39829641014285744
46.868686868686865,28.282828282828284,0.37717670890125055,0.3823456365859776
47.676767676767675,28.282828282828284,0.0,0.0
48.484848484848484,28.282828282828284,0.0,0.0
49.292929292929294,28.282828282828284,0.0,0.0
50.1010101010101,28.282828282828284,0.0,0.0
50.90909090909091,28.282828282828284,0.0,0.0
51.717171717171716,28.282828282828284,0.0,0.0
52.525252525252526,28.282828282828284,0.0,0.0
53.333333333333336,28.282828282828284,0.0,0.0
54.14141414141414,28.282828282828284,0.0,0.0
54.94949494949495,28.282828282828284,0.0,0.0
55.75757575757576,28.282828282828284,0.0,0.0
56.56565656565657,28.282828282828284,0.0,0.0
57.37373737373737,28.282828282828284,0.0,0.0
58.18181818181818,28.282828282828284,0.0,0.0
58.98989898989899,28.282828282828284,0.0,0.0
59.7979797979798,28.282828282828284,0.0,0.0
60.6060606060606,28.282828282828284,0.0,0.0
61.41414141414141,28.282828282828284,0.0,0.0
62.22222222222222,28.282828282828284,0.0,0.0
63.03030303030303,28.282828282828284,0.0,0.0
63.838383838383834,28.282828282828284,0.0,0.0
64.64646464646465,28.282828282828284,0.0,0.0
65.45454545454545,28.282828282828284,0.0,0.0
66.26262626262626,28.282828282828284,0.0,0.0
67.07070707070707,28.282828282828284,0.0,0.0
67.87878787878788,28.282828282828284,0.0,0.0
68.68686868686869,28.282828282828284,0.0,0.0
69.4949494949495,28.282828282828284,0.0,0.0
70.3030303030303,28.282828282828284,0.0,0.0
71.11111111111111,28.282828282828284,0.0,0.0
71.91919191919192,28.282828282828284,0.0,0.0
72.72727272727272,28.282828282828284,0.0,0.0
73.53535353535354,28.282828282828284,0.0,0.0
74.34343434343434,28.282828282828284,0.0,0.0
75.15151515151516,28.282828282828284,0.0,0.0
75.95959595959596,28.282828282828284,0.0,0.0
76.76767676767676,28.282828282828284,0.0,0.0
77.57575757575758,28.282828282828284,0.0,0.0
78.38383838383838,28.282828282828284,0.0,0.0
79.1919191919192,28.282828282828284,0.0,0.0
80.0,28.282828282828284,0.0,0.0
0.0,29.09090909090909,0.0,0.0
0.8080808080808081,29.09090909090909,0.0,0.0
1.6161616161616161,29.09090909090909,0.0,0.0
2.4242424242424243,29.09090909090909,0.0,0.0
3.2323232323232323,29.09090909090909,0.0,0.0
4.040404040404041,29.09090909090909,0.0,0.0
4.848484848484849,29.09090909090909,0.0,0.0
5.656565656565657,29.09090909090909,0.0,0.0
6.4646464646464645,29.09090909090909,0.0,0.0
7.2727272727272725,29.09090909090909,0.0,0.0
8.080808080808081,29.09090909090909,0.0,0.0
8.88888888888889,29.09090909090909,0.0,0.0
9.696969696969697,29.09090909090909,0.0,0.0
10.505050505050505,29.09090909090909,0.0,0.0
11.313131313131313,29.09090909090909,0.0,0.0
12.121212121212121,29.09090909090909,0.0,0.0
12.929292929292929,29.09090909090909,0.0,0.0
13.737373737373737,29.09090909090909,0.3807282627499361,0.3833897943075485
14.545454545454545,29.09090909090909,0.3973421457025383,0.4001198188185773
15.353535353535353,29.09090909090909,0.41381540500297487,0.41670823662909706
16.161616161616163,29.09090909090909,0.4300720123820902,0.4330784879842249
16.96969696969697,29.09090909090909,0.4460342555306317,0.4491523173164746
17.77777777777778,29.09090909090909,0.46162333316555626,0.4648503724719534
18.585858585858585,29.09090909090909,0.47675998437845385,0.48009283845832934
19.393939393939394,29.09090909090909,0.4913651455194474,0.49480009892076543
20.2020202020202,29.09090909090909,0.5053606272182308,0.5088934178957633
21.01010101010101,29.09090909090909,0.5186698035949187,0.5222956338400329
21.818181818181817,29.09090909090909,0.5312183052810325,0.5349318574961343
22.626262626262626,29.09090909090909,0.5429347075671649,0.5467301648507292
23.434343434343432,29.09090909090909,0.5537512048282209,0.5576222762744829
24.242424242424242,29.09090909090909,0.5636042623565529,0.5675442129119234
25.05050505050505,29.09090909090909,0.5724352368618464,0.5764369215190156
25.858585858585858,29.09090909090909,0.5801909571752645,0.5842468592267955
26.666666666666668,29.09090909090909,0.5868242571220105,0.5909265301390481
27.474747474747474,29.09090909090909,0.5922944530958146,0.5964349662453432
28.282828282828284,29.09090909090909,0.5965677595725184,0.6007381458393222
29.09090909090909,29.09090909090909,0.5996176366266167,0.6038093434646008
29.8989898989899,29.09090909090909,0.6014250644502188,0.6056294063527916
30.707070707070706,29.09090909090909,0.601978740901956,0.6061869533534037
31.515151515151516,29.09090909090909,0.6012751992152698,0.6054784934649857
32.323232323232325,29.09090909090909,0.5993188441510201,0.6035084622404641
33.13131313131313,29.09090909090909,0.5961219060669665,0.6002891755355411
33.93939393939394,29.09090909090909,0.5917043135741695,0.5958407012748835
34.74747474747475,29.09090909090909,0.5860934866352997,0.5901906511040576
35.55555555555556,29.09090909090909,0.5793240531100642,0.5833738949534292
36.36363636363636,29.09090909090909,0.5714374928470963,0.5754322026420305
37.17171717171717,29.09090909090909,0.5624817144396287,0.566413817674487
37.97979797979798,29.09090909090909,0.5525105706857121,0.5563729693139965
38.78787878787879,29.09090909090909,0.5415833196064297,0.5490053182299792
39.5959595959596,29.09090909090909,0.5297640385637558,0.5370240626868834
40.4040404040404,29.09090909090909,0.5171209995724089,0.524207760202009
41.21212121212121,29.09090909090909,0.5037260143092711,0.510629206578129
42.02020202020202,29.09090909090909,0.4896537575847387,0.49636409998865694
42.82828282828283,29.09090909090909,0.4749810781510102,0.4814903423410719
43.63636363636363,29.09090909090909,0.4597863056841706,0.46608733676170594
44.44444444444444,29.09090909090909,0.4441485625943868,0.4502352899748065
45.25252525252525,29.09090909090909,0.42814708899886667,0.4340145280247502
46.06060606060606,29.09090909090909,0.4118605887453019,0.41750483333722055
46.868686868686865,29.09090909090909,0.39536660381151034,0.4007848105454602
47.676767676767675,29.09090909090909,0.3787409237440595,0.3839312878356882
48.484848484848484,29.09090909090909,0.0,0.0
49.292929292929294,29.09090909090909,0.0,0.0
50.1010101010101,29.09090909090909,0.0,0.0
50.90909090909091,29.09090909090909,0.0,0.0
51.717171717171716,29.09090909090909,0.0,0.0
52.525252525252526,29.09090909090909,0.0,0.0
53.333333333333336,29.09090909090909,0.0,0.0
54.14141414141414,29.09090909090909,0.0,0.0
54.94949494949495,29.09090909090909,0.0,0.0
55.75757575757576,29.09090909090909,0.0,0.0
56.56565656565657,29.09090909090909,0.0,0.0
57.37373737373737,29.09090909090909,0.0,0.0
58.18181818181818,29.09090909090909,0.0,0.0
58.98989898989899,29.09090909090909,0.0,0.0
59.7979797979798,29.09090909090909,0.0,0.0
60.6060606060606,29.09090909090909,0.0,0.0
61.41414141414141,29.09090909090909,0.0,0.0
62.22222222222222,29.09090909090909,0.0,0.0
63.03030303030303,29.09090909090909,0.0,0.0
63.838383838383834,29.09090909090909,0.0,0.0
64.64646464646465,29.09090909090909,0.0,0.0
65.45454545454545,29.09090909090909,0.0,0.0
66.26262626262626,29.09090909090909,0.0,0.0
67.07070707070707,29.09090909090909,0.0,0.0
67.87878787878788,29.09090909090909,0.0,0.0
68.68686868686869,29.09090909090909,0.0,0.0
69.4949494949495,29.09090909090909,0.0,0.0
70.3030303030303,29.09090909090909,0.0,0.0
71.11111111111111,29.09090909090909,0.0,0.0
71.91919191919192,29.09090909090909,0.0,0.0
72.72727272727272,29.09090909090909,0.0,0.0
73.53535353535354,29.09090909090909,0.0,0.0
74.34343434343434,29.09090909090909,0.0,0.0
75.15151515151516,29.09090909090909,0.0,0.0
75.95959595959596,29.09090909090909,0.0,0.0
76.76767676767676,29.09090909090909,0.0,0.0
77.57575757575758,29.09090909090909,0.0,0.0
78.38383838383838,29.09090909090909,0.0,0.0
79.1919191919192,29.09090909090909,0.0,0.0
80.0,29.09090909090909,0.0,0.0
0.0,29.8989898989899,0.0,0.0
0.8080808080808081,29.8989898989899,0.0,0.0
1.6161616161616161,29.8989898989899,0.0,0.0
2.4242424242424243,29.8989898989899,0.0,0.0
3.2323232323232323,29.8989898989899,0.0,0.0
4.040404040404041,29.8989898989899,0.0,0.0
4.848484848484849,29.8989898989899,0.0,0.0
5.656565656565657,29.8989898989899,0.0,0.0
6.4646464646464645,29.8989898989899,0.0,0.0
7.2727272727272725,29.8989898989899,0.0,0.0
8.080808080808081,29.8989898989899,0.0,0.0
8.88888888888889,29.8989898989899,0.0,0.0
9.696969696969697,29.8989898989899,0.0,0.0
10.505050505050505,29.8989898989899,0.0,0.0
11.313131313131313,29.8989898989899,0.0,0.0
12.121212121212121,29.8989898989899,0.0,0.0
12.929292929292929,29.8989898989899,0.3808077063841638,0.38346979330306724
13.737373737373737,29.8989898989899,0.3982563768019179,0.4010404409720498
14.545454545454545,29.8989898989899,0.415635136081631,0.41854068877988276
15.353535353535353,29.8989898989899,0.43286679762344654,0.43589281054351736
16.161616161616163,29.8989898989899,0.4498718329395407,0.45301672182065833
16.96969696969697,29.8989898989899,0.4665689519715067,0.46983056428393416
17.77777777777778,29.8989898989899,0.4828757255525545,0.48625133253450115
18.585858585858585,29.8989898989899,0.49870924373011716,0.502195537026742
19.393939393939394,29.8989898989899,0.5139868028916251,0.5175798959974838
20.2020202020202,29.8989898989899,0.5286266139544984,0.532322048606687
21.01010101010101,29.8989898989899,0.5425485233071506,0.5463412809182829
21.818181818181817,29.8989898989899,0.5556747377355417,0.5595592558944221
22.626262626262626,29.8989898989899,0.5679305442520478,0.5719007382564042
23.434343434343432,29.8989898989899,0.5792450155701527,0.5832943048910829
24.242424242424242,29.8989898989899,0.5895516919469252,0.5936730314598553
25.05050505050505,29.8989898989899,0.598789230249718,0.6029751460027463
25.858585858585858,29.8989898989899,0.6069020113949927,0.6111446406236168
26.666666666666668,29.8989898989899,0.6138406977534746,0.6181318327919331
27.474747474747474,29.8989898989899,0.6195627327113955,0.6238938683962579
28.282828282828284,29.8989898989899,0.6240327753136543,0.6283951594258436
29.09090909090909,29.8989898989899,0.6272230637794578,0.6316077500274756
29.8989898989899,29.8989898989899,0.6291137026596911,0.6335116056702562
30.707070707070706,29.8989898989899,0.629692869480659,0.6340948212339151
31.515151515151516,29.8989898989899,0.6289569378714713,0.6333537449969346
32.323232323232325,29.8989898989899,0.6269105153810614,0.6312930167179313
33.13131313131313,29.8989898989899,0.6235663954330984,0.6279255192547041
33.93939393939394,29.8989898989899,0.6189454241196969,0.623272244426747
34.74747474747475,29.8989898989899,0.6130762837743043,0.6173620750751744
35.55555555555556,29.8989898989899,0.6059951964673387,0.6102314864856048
36.36363636363636,29.8989898989899,0.5977455517126422,0.6019241714920478
37.17171717171717,29.8989898989899,0.5883774637376722,0.592490594652133
37.97979797979798,29.8989898989899,0.5779472646362882,0.5819874818567143
38.78787878787879,29.8989898989899,0.5665169405731174,0.5742806360211359
39.5959595959596,29.8989898989899,0.5541535189283455,0.5617477828316545
40.4040404040404,29.8989898989899,0.540928414849938,0.5483414384884294
41.21212121212121,29.8989898989899,0.5269167461083502,0.5341377501953729
42.02020202020202,29.8989898989899,0.5121966254215924,0.5192159011474925
42.82828282828283,29.8989898989899,0.49684843953424546,0.503657379730217
43.63636363636363,29.8989898989899,0.48095412429411927,0.48754524466151816
44.44444444444444,29.8989898989899,0.46459644477930206,0.47096339525363323
45.25252525252525,29.8989898989899,0.4478582891939653,0.45399585563223455
46.06060606060606,29.8989898989899,0.4308219847837818,0.43672608127697476
46.868686868686865,29.8989898989899,0.4135686434339391,0.4192362956514051
47.676767676767675,29.8989898989899,0.3961775439192711,0.4016068639873022
48.484848484848484,29.8989898989899,0.37872555699347193,0.38391571049515527
49.292929292929294,29.8989898989899,0.0,0.0
50.1010101010101,29.8989898989899,0.0,0.0
50.90909090909091,29.8989898989899,0.0,0.0
51.717171717171716,29.8989898989899,0.0,0.0
52.525252525252526,29.8989898989899,0.0,0.0
53.333333333333336,29.8989898989899,0.0,0.0
54.14141414141414,29.8989898989899,0.0,0.0
54.94949494949495,29.8989898989899,0.0,0.0
55.75757575757576,29.8989898989899,0.0,0.0
56.56565656565657,29.8989898989899,0.0,0.0
57.37373737373737,29.8989898989899,0.0,0.0
58.18181818181818,29.8989898989899,0.0,0.0
58.98989898989899,29.8989898989899,0.0,0.0
59.7979797979798,29.8989898989899,0.0,0.0
60.6060606060606,29.8989898989899,0.0,0.0
61.41414141414141,29.8989898989899,0.0,0.0
62.22222222222222,29.8989898989899,0.0,0.0
63.03030303030303,29.8989898989899,0.0,0.0
63.838383838383834,29.8989898989899,0.0,0.0
64.64646464646465,29.8989898989899,0.0,0.0
65.45454545454545,29.8989898989899,0.0,0.0
66.26262626262626,29.8989898989899,0.0,0.0
67.07070707070707,29.8989898989899,0.0,0.0
67.87878787878788,29.8989898989899,0.0,0.0
68.68686868686869,29.8989898989899,0.0,0.0
69.4949494949495,29.8989898989899,0.0,0.0
70.3030303030303,29.8989898989899,0.0,0.0
71.11111111111111,29.8989898989899,0.0,0.0
71.91919191919192,29.8989898989899,0.0,0.0
72.72727272727272,29.8989898989899,0.0,0.0
73.53535353535354,29.8989898989899,0.0,0.0
74.34343434343434,29.8989898989899,0.0,0.0
75.15151515151516,29.8989898989899,0.0,0.0
75.95959595959596,29.8989898989899,0.0,0.0
76.76767676767676,29.8989898989899,0.0,0.0
77.57575757575758,29.8989898989899,0.0,0.0
78.38383838383838,29.8989898989899,0.0,0.0
79.1919191919192,29.8989898989899,0.0,0.0
80.0,29.8989898989899,0.0,0.0
0.0,30.707070707070706,0.0,0.0
0.8080808080808081,30.707070707070706,0.0,0.0
1.6161616161616161,30.707070707070706,0.0,0.0
2.4242424242424243,30.707070707070706,0.0,0.0
3.2323232323232323,30.707070707070706,0.0,0.0
4.040404040404041,30.707070707070706,0.0,0.0
4.848484848484849,30.707070707070706,0.0,0.0
5.656565656565657,30.707070707070706,0.0,0.0
6.4646464646464645,30.707070707070706,0.0,0.0
7.2727272727272725,30.707070707070706,0.0,0.0
8.080808080808081,30.707070707070706,0.0,0.0
8.88888888888889,30.707070707070706,0.0,0.0
9.696969696969697,30.707070707070706,0.0,0.0
10.505050505050505,30.707070707070706,0.0,0.0
11.313131313131313,30.707070707070706,0.0,0.0
12.121212121212121,30.707070707070706,0.3792986976797603,0.3819502356726175
12.929292929292929,30.707070707070706,0.39750798365324436,0.4002868160815342
13.737373737373737,30.707070707070706,0.4157218634642648,0.4186280224418196
14.545454545454545,30.707070707070706,0.4338627661924905,0.436895741563307
15.353535353535353,30.707070707070706,0.4518501202287878,0.4550088385903131
16.161616161616163,30.707070707070706,0.4696009093728329,0.47288371698672466
16.96969696969697,30.707070707070706,0.4870302786002491,0.4904349285378312
17.77777777777778,30.707070707070706,0.5040521838228107,0.5075758276527645
18.585858585858585,30.707070707070706,0.520580079081712,0.5242192633616832
19.393939393939394,30.707070707070706,0.536527633807161,0.5402783015894652
20.2020202020202,30.707070707070706,0.5518094720659605,0.5556669695710974
21.01010101010101,30.707070707070706,0.5663419251192956,0.570301013670318
21.818181818181817,30.707070707070706,0.5800437881408544,0.584098661387677
22.626262626262626,30.707070707070706,0.5928370716137105,0.5969813780101566
23.434343434343432,30.707070707070706,0.6046477377435211,0.6088746081723663
24.242424242424242,30.707070707070706,0.6154064122031294,0.6197084925766883
25.05050505050505,30.707070707070706,0.6250490616640056,0.6294185502610931
25.858585858585858,30.707070707070706,0.6335176278742306,0.6379463171097299
26.666666666666668,30.707070707070706,0.6407606095085885,0.6452399317705193
27.474747474747474,30.707070707070706,0.6467335836380088,0.6512546607699969
28.282828282828284,30.707070707070706,0.6513996594339525,0.6559533553893803
29.09090909090909,30.707070707070706,0.654729857625988,0.6593068337747936
29.8989898989899,30.707070707070706,0.6567034102524147,0.6612941827833378
30.707070707070706,30.707070707070706,0.6573079763663406,0.6619029751970904
31.515151515151516,30.707070707070706,0.6565397705628065,0.6611293991487154
32.323232323232325,30.707070707070706,0.6544036024542629,0.6589782978728985
33.13131313131313,30.707070707070706,0.6509128265184727,0.6554631192036561
33.93939393939394,30.707070707070706,0.6460892030504731,0.6506057755542615
34.74747474747475,30.707070707070706,0.6399626722440789,0.6444364164194365
35.55555555555556,30.707070707070706,0.6325710446843548,0.6369931167041697
36.36363636363636,30.707070707070706,0.6239596127271803,0.6283214853865782
37.17171717171717,30.707070707070706,0.6141806883535759,0.6184742001415431
37.97979797979798,30.707070707070706,0.6032930740947655,0.6075104745672039
38.78787878787879,30.707070707070706,0.5913614745113515,0.5954954655499992
39.5959595959596,30.707070707070706,0.5784558564614103,0.5863831659168801
40.4040404040404,30.707070707070706,0.5646507669958397,0.5723888879159501
41.21212121212121,30.707070707070706,0.5500246181661023,0.5575622985398512
42.02020202020202,30.707070707070706,0.5346589483142884,0.541986053553314
42.82828282828283,30.707070707070706,0.5186376695362279,0.5257452150053464
43.63636363636363,30.707070707070706,0.5020463109667199,0.5089264841442487
44.44444444444444,30.707070707070706,0.4849712673366382,0.491617439676749
45.25252525252525,30.707070707070706,0.46749906190261964,0.4739057905966892
46.06060606060606,30.707070707070706,0.4497156323620337,0.4558786523139874
46.868686868686865,30.707070707070706,0.4317056477522729,0.4376218541925384
47.676767676767675,30.707070707070706,0.4135518636095366,0.4192192858719262
48.484848484848484,30.707070707070706,0.39533452184540024,0.40075228891974524
49.292929292929294,30.707070707070706,0.37713080090801926,0.38229909945767093
50.1010101010101,30.707070707070706,0.0,0.0
50.90909090909091,30.707070707070706,0.0,0.0
51.717171717171716,30.707070707070706,0.0,0.0
52.525252525252526,30.707070707070706,0.0,0.0
53.333333333333336,30.707070707070706,0.0,0.0
54.14141414141414,30.707070707070706,0.0,0.0
54.94949494949495,30.707070707070706,0.0,0.0
55.75757575757576,30.707070707070706,0.0,0.0
56.56565656565657,30.707070707070706,0.0,0.0
57.37373737373737,30.707070707070706,0.0,0.0
58.18181818181818,30.707070707070706,0.0,0.0
58.98989898989899,30.707070707070706,0.0,0.0
59.7979797979798,30.707070707070706,0.0,0.0
60.6060606060606,30.707070707070706,0.0,0.0
61.41414141414141,30.707070707070706,0.0,0.0
62.22222222222222,30.707070707070706,0.0,0.0
63.03030303030303,30.707070707070706,0.0,0.0
63.838383838383834,30.707070707070706,0.0,0.0
64.64646464646465,30.707070707070706,0.0,0.0
65.45454545454545,30.707070707070706,0.0,0.0
66.26262626262626,30.707070707070706,0.0,0.0
67.07070707070707,30.707070707070706,0.0,0.0
67.87878787878788,30.707070707070706,0.0,0.0
68.68686868686869,30.707070707070706,0.0,0.0
69.4949494949495,30.707070707070706,0.0,0.0
70.3030303030303,30.707070707070706,0.0,0.0
71.11111111111111,30.707070707070706,0.0,0.0
71.91919191919192,30.707070707070706,0.0,0.0
72.72727272727272,30.707070707070706,0.0,0.0
73.53535353535354,30.707070707070706,0.0,0.0
74.34343434343434,30.707070707070706,0.0,0.0
75.15151515151516,30.707070707070706,0.0,0.0
75.95959595959596,30.707070707070706,0.0,0.0
76.76767676767676,30.707070707070706,0.0,0.0
77.57575757575758,30.707070707070706,0.0,0.0
78.38383838383838,30.707070707070706,0.0,0.0
79.1919191919192,30.707070707070706,0.0,0.0
80.0,30.707070707070706,0.0,0.0
0.0,31.515151515151516,0.0,0.0
0.8080808080808081,31.515151515151516,0.0,0.0
1.6161616161616161,31.515151515151516,0.0,0.0
2.4242424242424243,31.515151515151516,0.0,0.0
3.2323232323232323,31.515151515151516,0.0,0.0
4.040404040404041,31.515151515151516,0.0,0.0
4.848484848484849,31.515151515151516,0.0,0.0
5.656565656565657,31.515151515151516,0.0,0.0
6.4646464646464645,31.515151515151516,0.0,0.0
7.2727272727272725,31.515151515151516,0.0,0.0
8.080808080808081,31.515151515151516,0.0,0.0
8.88888888888889,31.515151515151516,0.0,0.0
9.696969696969697,31.515151515151516,0.0,0.0
10.505050505050505,31.515151515151516,0.0,0.0
11.313131313131313,31.515151515151516,0.3762200926589424,0.3788501092539471
12.121212121212121,31.515151515151516,0.3951063270168049,0.3978683703449574
12.929292929292929,31.515151515151516,0.41407450207934166,0.41696914495803605
13.737373737373737,31.515151515151516,0.43304746243190695,0.4360747383133497
14.545454545454545,31.515151515151516,0.45194440431323674,0.4551037817801942
15.353535353535353,31.515151515151516,0.47068139821673965,0.4739717591315997
16.161616161616163,31.515151515151516,0.48917196816400293,0.49259158986732515
16.96969696969697,31.515151515151516,0.5073277227178408,0.5108742646380869
17.77777777777778,31.515151515151516,0.5250590318218672,0.5287295268166692
18.585858585858585,31.515151515151516,0.5422757426331877,0.5460665933347387
19.393939393939394,31.515151515151516,0.5588879266744616,0.5627949070579737
20.2020202020202,31.515151515151516,0.5748066498903187,0.5788249122256615
21.01010101010101,31.515151515151516,0.5899447565687003,0.5940688438521464
21.818181818181817,31.515151515151516,0.6042176575959172,0.6084415214922899
22.626262626262626,31.515151515151516,0.6175441131687031,0.6218611374251759
23.434343434343432,31.515151515151516,0.6298469998981249,0.6342500291205637
24.242424242424242,31.515151515151516,0.6410540522168079,0.6455354258290185
25.05050505050505,31.515151515151516,0.6510985681471367,0.6556501592838788
25.858585858585858,31.515151515151516,0.6599200698050348,0.6645333288223763
26.666666666666668,31.515151515151516,0.6674649094992049,0.6721309117218921
27.474747474747474,31.515151515151516,0.6736868129333006,0.6783963101994569
28.282828282828284,31.515151515151516,0.6785473518188675,0.6832908273285551
29.09090909090909,31.515151515151516,0.682016339147171,0.6867840650741524
29.8989898989899,31.515151515151516,0.6840721414322086,0.6888542387184853
30.707070707070706,31.515151515151516,0.6847019034065399,0.6894884031276565
31.515151515151516,31.515151515151516,0.6839016819049001,0.68868258757118
32.323232323232325,31.515151515151516,0.6816764869848538,0.6864418371300942
33.13131313131313,31.515151515151516,0.6780402296845633,0.6827801600895238
33.93939393939394,31.515151515151516,0.6730155771797912,0.6777203820831383
34.74747474747475,31.515151515151516,0.6666337174500396,0.6712939091141585
35.55555555555556,31.515151515151516,0.6589340368720046,0.6635404028949853
36.36363636363636,31.515151515151516,0.6499637154030209,0.6545073732007198
37.17171717171717,31.515151515151516,0.6397772451750317,0.6442496930978013
37.97979797979798,31.515151515151516,0.6284358793699577,0.6328290439666654
38.78787878787879,31.515151515151516,0.616007019171713,0.6203132981681664
39.5959595959596,31.515151515151516,0.6025635473728745,0.6108212348925947
40.4040404040404,31.515151515151516,0.5881831178426759,0.5962437322172025
41.21212121212121,31.515151515151516,0.5729474105284424,0.5807992308086509
42.02020202020202,31.515151515151516,0.5569413619592255,0.5645738311882688
42.82828282828283,31.515151515151516,0.5402523813462304,0.5476561404458182
43.63636363636363,31.515151515151516,0.5229695623312499,0.5301364731855235
44.44444444444444,31.515151515151516,0.5051829002266802,0.5121060580389407
45.25252525252525,31.515151515151516,0.48698252422711213,0.49365625935457674
46.06060606060606,31.515151515151516,0.46845795356413716,0.47487782315884797
46.868686868686865,31.515151515151516,0.4496973859367744,0.45586015583497225
47.676767676767675,31.515151515151516,0.4307870257958906,0.43669064320202416
48.484848484848484,31.515151515151516,0.4118104592100628,0.4174540168137969
49.292929292929294,31.515151515151516,0.3928480811117336,0.39823177335578985
50.1010101010101,31.515151515151516,0.37397657973636333,0.37910165201898116
50.90909090909091,31.515151515151516,0.0,0.0
51.717171717171716,31.515151515151516,0.0,0.0
52.525252525252526,31.515151515151516,0.0,0.0
53.333333333333336,31.515151515151516,0.0,0.0
54.14141414141414,31.515151515151516,0.0,0.0
54.94949494949495,31.515151515151516,0.0,0.0
55.75757575757576,31.515151515151516,0.0,0.0
56.56565656565657,31.515151515151516,0.0,0.0
57.37373737373737,31.515151515151516,0.0,0.0
58.18181818181818,31.515151515151516,0.0,0.0
58.98989898989899,31.515151515151516,0.0,0.0
59.7979797979798,31.515151515151516,0.0,0.0
60.6060606060606,31.515151515151516,0.0,0.0
61.41414141414141,31.515151515151516,0.0,0.0
62.22222222222222,31.515151515151516,0.0,0.0
63.03030303030303,31.515151515151516,0.0,0.0
63.838383838383834,31.515151515151516,0.0,0.0
64.64646464646465,31.515151515151516,0.0,0.0
65.45454545454545,31.515151515151516,0.0,0.0
66.26262626262626,31.515151515151516,0.0,0.0
67.07070707070707,31.515151515151516,0.0,0.0
67.87878787878788,31.515151515151516,0.0,0.0
68.68686868686869,31.515151515151516,0.0,0.0
69.4949494949495,31.515151515151516,0.0,0.0
70.3030303030303,31.515151515151516,0.0,0.0
71.11111111111111,31.515151515151516,0.0,0.0
71.91919191919192,31.515151515151516,0.0,0.0
72.72727272727272,31.515151515151516,0.0,0.0
73.53535353535354,31.515151515151516,0.0,0.0
74.34343434343434,31.515151515151516,0.0,0.0
75.15151515151516,31.515151515151516,0.0,0.0
75.95959595959596,31.515151515151516,0.0,0.0
76.76767676767676,31.515151515151516,0.0,0.0
77.57575757575758,31.515151515151516,0.0,0.0
78.38383838383838,31.515151515151516,0.0,0.0
79.1919191919192,31.515151515151516,0.0,0.0
80.0,31.515151515151516,0.0,0.0
0.0,32.323232323232325,0.0,0.0
0.8080808080808081,32.323232323232325,0.0,0.0
1.6161616161616161,32.323232323232325,0.0,0.0
2.4242424242424243,32.323232323232325,0.0,0.0
3.2323232323232323,32.323232323232325,0.0,0.0
4.040404040404041,32.323232323232325,0.0,0.0
4.848484848484849,32.323232323232325,0.0,0.0
5.656565656565657,32.323232323232325,0.0,0.0
6.4646464646464645,32.323232323232325,0.0,0.0
7.2727272727272725,32.323232323232325,0.0,0.0
8.080808080808081,32.323232323232325,0.0,0.0
8.88888888888889,32.323232323232325,0.0,0.0
9.696969696969697,32.323232323232325,0.0,0.0
10.505050505050505,32.323232323232325,0.37161020515742454,0.3742079957207348
11.313131313131313,32.323232323232325,0.39108136698908114,0.39381527329884014
12.121212121212121,32.323232323232325,0.4107136367536967,0.4135847850563371
12.929292929292929,32.323232323232325,0.43043108400729124,0.4334400697473784
13.737373737373737,32.323232323232325,0.4501535055772561,0.45330036352841013
14.545454545454545,32.323232323232325,0.4697969058290419,0.4730810835822283
15.353535353535353,32.323232323232325,0.4892740399110083,0.49269437516045356
16.161616161616163,32.323232323232325,0.5084950159101249,0.5120497179486818
16.96969696969697,32.323232323232325,0.527367950791011,0.531054586590953
17.77777777777778,32.323232323232325,0.5457996739717154,0.5496151591839713
18.585858585858585,32.323232323232325,0.5636964714329046,0.567637066588087
19.393939393939394,32.323232323232325,0.5809648623835845,0.5850261745224036
20.2020202020202,32.323232323232325,0.5975123997359338,0.601689389635437
21.01010101010101,32.323232323232325,0.6132484849927489,0.6175354800891392
21.818181818181817,32.323232323232325,0.6280851876397922,0.6324759006793181
22.626262626262626,32.323232323232325,0.6419380587761807,0.6464256121538174
23.434343434343432,32.323232323232325,0.6547269285200829,0.659303884192584
24.242424242424242,32.323232323232325,0.6663766767026765,0.6710350714892646
25.05050505050505,32.323232323232325,0.6768179665152801,0.6815493525269948
25.858585858585858,32.323232323232325,0.6859879311040527,0.6907834209728304
26.666666666666668,32.323232323232325,0.6938308036110893,0.6986811201232295
27.474747474747474,32.323232323232325,0.7002984818339162,0.7051940115108742
28.282828282828284,32.323232323232325,0.705351019507374,0.7102818696209259
29.09090909090909,32.323232323232325,0.7089570371892913,0.7139130956490489
29.8989898989899,32.323232323232325,0.7110940468375788,0.7160650443475052
30.707070707070706,32.323232323232325,0.711748685381891,0.7167242592296282
31.515151515151516,32.323232323232325,0.7109168538958489,0.7158866127149495
32.323232323232325,32.323232323232325,0.708603760342024,0.7135573491729951
33.13131313131313,32.323232323232325,0.7048238652660563,0.7097510302377728
33.93939393939394,32.323232323232325,0.6996007312321364,0.7044913831907119
34.74747474747475,32.323232323232325,0.6929667781930934,0.6978110546206338
35.55555555555556,32.323232323232325,0.684962948348293,0.6897512729387939
36.36363636363636,32.323232323232325,0.6756382853362037,0.6803614246297385
37.17171717171717,32.323232323232325,0.6650494338120853,0.6696985503307233
37.97979797979798,32.323232323232325,0.6532600665530846,0.6578267679319127
38.78787878787879,32.323232323232325,0.6403402471939095,0.6448166308571713
39.5959595959596,32.323232323232325,0.6263657375099329,0.6307444305046391
40.4040404040404,32.323232323232325,0.6114172588180771,0.6197962799014073
41.21212121212121,32.323232323232325,0.595579717549654,0.6037416968496809
42.02020202020202,32.323232323232325,0.5789414053577061,0.5868753689014935
42.82828282828283,32.323232323232325,0.5615931842521921,0.5692894032634119
43.63636363636363,32.323232323232325,0.5436276672112649,0.5510776821059215
44.44444444444444,32.323232323232325,0.525138404501062,0.5323350377323296
45.25252525252525,32.323232323232325,0.5062190855584692,0.5131564435239246
46.06060606060606,32.323232323232325,0.4869627657628926,0.49363623011522634
46.868686868686865,32.323232323232325,0.4674611267585894,0.47386733557958205
47.676767676767675,32.323232323232325,0.4478037782052868,0.4539405976107943
48.484848484848484,32.323232323232325,0.42807760795027966,0.43394409478980833
49.292929292929294,32.323232323232325,0.40836618664992624,0.4139625430469853
50.1010101010101,32.323232323232325,0.3887492318433507,0.3940767523913322
50.90909090909091,32.323232323232325,0.3693021354174775,0.37436314789979375
51.717171717171716,32.323232323232325,0.0,0.0
52.525252525252526,32.323232323232325,0.0,0.0
53.333333333333336,32.323232323232325,0.0,0.0
54.14141414141414,32.323232323232325,0.0,0.0
54.94949494949495,32.323232323232325,0.0,0.0
55.75757575757576,32.323232323232325,0.0,0.0
56.56565656565657,32.323232323232325,0.0,0.0
57.37373737373737,32.323232323232325,0.0,0.0
58.18181818181818,32.323232323232325,0.0,0.0
58.98989898989899,32.323232323232325,0.0,0.0
59.7979797979798,32.323232323232325,0.0,0.0
60.6060606060606,32.323232323232325,0.0,0.0
61.41414141414141,32.323232323232325,0.0,0.0
62.22222222222222,32.323232323232325,0.0,0.0
63.03030303030303,32.323232323232325,0.0,0.0
63.838383838383834,32.323232323232325,0.0,0.0
64.64646464646465,32.323232323232325,0.0,0.0
65.45454545454545,32.323232323232325,0.0,0.0
66.26262626262626,32.323232323232325,0.0,0.0
67.07070707070707,32.323232323232325,0.0,0.0
67.87878787878788,32.323232323232325,0.0,0.0
68.68686868686869,32.323232323232325,0.0,0.0
69.4949494949495,32.323232323232325,0.0,0.0
70.3030303030303,32.323232323232325,0.0,0.0
71.11111111111111,32.323232323232325,0.0,0.0
71.91919191919192,32.323232323232325,0.0,0.0
72.72727272727272,32.323232323232325,0.0,0.0
73.53535353535354,32.323232323232325,0.0,0.0
74.34343434343434,32.323232323232325,0.0,0.0
75.15151515151516,32.323232323232325,0.0,0.0
75.95959595959596,32.323232323232325,0.0,0.0
76.76767676767676,32.323232323232325,0.0,0.0
77.57575757575758,32.323232323232325,0.0,0.0
78.38383838383838,32.323232323232325,0.0,0.0
79.1919191919192,32.323232323232325,0.0,0.0
80.0,32.323232323232325,0.0,0.0
0.0,33.13131313131313,0.0,0.0
0.8080808080808081,33.13131313131313,0.0,0.0
1.6161616161616161,33.13131313131313,0.0,0.0
2.4242424242424243,33.13131313131313,0.0,0.0
3.2323232323232323,33.13131313131313,0.0,0.0
4.040404040404041,33.13131313131313,0.0,0.0
4.848484848484849,33.13131313131313,0.0,0.0
5.656565656565657,33.13131313131313,0.0,0.0
6.4646464646464645,33.13131313131313,0.0,0.0
7.2727272727272725,33.13131313131313,0.0,0.0
8.080808080808081,33.13131313131313,0.0,0.0
8.88888888888889,33.13131313131313,0.0,0.0
9.696969696969697,33.13131313131313,0.0,0.0
10.505050505050505,33.13131313131313,0.38548304095979946,0.3881778114268734
11.313131313131313,33.13131313131313,0.40568109410720343,0.4085170617511454
12.121212121212121,33.13131313131313,0.4260462696184658,0.42902460273038756
12.929292929292929,33.13131313131313,0.44649980243805054,0.4496211186914675
13.737373737373737,33.13131313131313,0.46695849527362676,0.47022283074031695
14.545454545454545,33.13131313131313,0.48733521679192077,0.49074199844048855
15.353535353535353,33.13131313131313,0.5075394651438129,0.5110874872776495
16.161616161616163,33.13131313131313,0.5274779925995265,0.5311653976613666
16.96969696969697,33.13131313131313,0.5470554859749798,0.5508797501080676
17.77777777777778,33.13131313131313,0.5661752964732335,0.570133220184544
18.585858585858585,33.13131313131313,0.5847402115725329,0.5888279157919788
19.393939393939394,33.13131313131313,0.6026532606862697,0.6068661884579807
20.2020202020202,33.13131313131313,0.6198185455208917,0.6241514694992221
21.01010101010101,33.13131313131313,0.63614208538447,0.6405891212392475
21.818181818181817,33.13131313131313,0.6515326671683467,0.6560872929320317
22.626262626262626,33.13131313131313,0.6659026893517177,0.6705577706666885
23.434343434343432,33.13131313131313,0.6791689891758299,0.6839168103241391
24.242424242424242,33.13131313131313,0.6912536421092434,0.6960859426311425
25.05050505050505,33.13131313131313,0.7020847228832495,0.7069927395158331
25.858585858585858,33.13131313131313,0.7115970177183073,0.7165715313130705
26.666666666666668,33.13131313131313,0.7197326778856368,0.7247640648948425
27.474747474747474,33.13131313131313,0.7264418054464061,0.7315200935041394
28.282828282828284,33.13131313131313,0.7316829628739946,0.7367978899397993
29.09090909090909,33.13131313131313,0.7354235992787225,0.7405646757608191
29.8989898989899,33.13131313131313,0.737640387101956,0.7427969603341638
30.707070707070706,33.13131313131313,0.7383194644073925,0.7434807848198212
31.515151515151516,33.13131313131313,0.7374565792488168,0.7426118675477807
32.323232323232325,33.13131313131313,0.7350571340108282,0.7401956486687297
33.13131313131313,33.13131313131313,0.7311361290756281,0.7362472334270365
33.93939393939394,33.13131313131313,0.7257180066376743,0.7307912348835698
34.74747474747475,33.13131313131313,0.718836396941322,0.7238615183793811
35.55555555555556,33.13131313131313,0.7105337706273017,0.7155008514518634
36.36363636363636,33.13131313131313,0.7008610022158347,0.7057604642663378
37.17171717171717,33.13131313131313,0.6898768510027111,0.6946995268832667
37.97979797979798,33.13131313131313,0.6776473667772543,0.6823845508218105
38.78787878787879,33.13131313131313,0.6642452287678413,0.6688887233841584
39.5959595959596,33.13131313131313,0.6497490270647168,0.6542911840550334
40.4040404040404,33.13131313131313,0.6342424964477273,0.642934320522096
41.21212121212121,33.13131313131313,0.6178137130484885,0.6262803928036703
42.02020202020202,33.13131313131313,0.6005542645963841,0.6087844163825217
42.82828282828283,33.13131313131313,0.582558405133473,0.5905419369826074
43.63636363636363,33.13131313131313,0.5639222050366055,0.5716503415542004
44.44444444444444,33.13131313131313,0.5447427069611576,0.552208002650457
45.25252525252525,33.13131313131313,0.5251170979287323,0.532313439169193
46.06060606060606,33.13131313131313,0.5051419072330174,0.5120645032666346
46.868686868686865,33.13131313131313,0.4849122391487023,0.49155760255117825
47.676767676767675,33.13131313131313,0.4645210486152675,0.47088696584096373
48.484848484848484,33.13131313131313,0.44405846714991304,0.45014395983893685
49.292929292929294,33.13131313131313,0.42361118524256847,0.42941646306404074
50.1010101010101,33.13131313131313,0.40326189642256355,0.4087883022992314
50.90909090909091,33.13131313131313,0.38308880708313503,0.38833875569849213
51.717171717171716,33.13131313131313,0.0,0.0
52.525252525252526,33.13131313131313,0.0,0.0
53.333333333333336,33.13131313131313,0.0,0.0
54.14141414141414,33.13131313131313,0.0,0.0
54.94949494949495,33.13131313131313,0.0,0.0
55.75757575757576,33.13131313131313,0.0,0.0
56.56565656565657,33.13131313131313,0.0,0.0
57.37373737373737,33.13131313131313,0.0,0.0
58.18181818181818,33.13131313131313,0.0,0.0
58.98989898989899,33.13131313131313,0.0,0.0
59.7979797979798,33.13131313131313,0.0,0.0
60.6060606060606,33.13131313131313,0.0,0.0
61.41414141414141,33.13131313131313,0.0,0.0
62.22222222222222,33.13131313131313,0.0,0.0
63.03030303030303,33.13131313131313,0.0,0.0
63.838383838383834,33.13131313131313,0.0,0.0
64.64646464646465,33.13131313131313,0.0,0.0
65.45454545454545,33.13131313131313,0.0,0.0
66.26262626262626,33.13131313131313,0.0,0.0
67.07070707070707,33.13131313131313,0.0,0.0
67.87878787878788,33.13131313131313,0.0,0.0
68.68686868686869,33.13131313131313,0.0,0.0
69.4949494949495,33.13131313131313,0.0,0.0
70.3030303030303,33.13131313131313,0.0,0.0
71.11111111111111,33.13131313131313,0.0,0.0
71.91919191919192,33.13131313131313,0.0,0.0
72.72727272727272,33.13131313131313,0.0,0.0
73.53535353535354,33.13131313131313,0.0,0.0
74.34343434343434,33.13131313131313,0.0,0.0
75.15151515151516,33.13131313131313,0.0,0.0
75.95959595959596,33.13131313131313,0.0,0.0
76.76767676767676,33.13131313131313,0.0,0.0
77.57575757575758,33.13131313131313,0.0,0.0
78.38383838383838,33.13131313131313,0.0,0.0
79.1919191919192,33.13131313131313,0.0,0.0
80.0,33.13131313131313,0.0,0.0
0.0,33.93939393939394,0.0,0.0
0.8080808080808081,33.93939393939394,0.0,0.0
1.6161616161616161,33.93939393939394,0.0,0.0
2.4242424242424243,33.93939393939394,0.0,0.0
3.2323232323232323,33.93939393939394,0.0,0.0
4.040404040404041,33.93939393939394,0.0,0.0
4.848484848484849,33.93939393939394,0.0,0.0
5.656565656565657,33.93939393939394,0.0,0.0
6.4646464646464645,33.93939393939394,0.0,0.0
7.2727272727272725,33.93939393939394,0.0,0.0
8.080808080808081,33.93939393939394,0.0,0.0
8.88888888888889,33.93939393939394,0.0,0.0
9.696969696969697,33.93939393939394,0.37838023244856306,0.3810253497880657
10.505050505050505,33.93939393939394,0.399039076194899,0.4018286119292366
11.313131313131313,33.93939393939394,0.4199474213423475,0.42288311964424824
12.121212121212121,33.93939393939394,0.44102876593879786,0.4441118361839189
12.929292929292929,33.93939393939394,0.4622015750484477,0.4654326566316334
13.737373737373737,33.93939393939394,0.4833797256330668,0.48675885589460827
14.545454545454545,33.93939393939394,0.5044730222675838,0.5079996080246574
15.353535353535353,33.93939393939394,0.5253877804823092,0.5290605736383456
16.161616161616163,33.93939393939394,0.5460274733642703,0.5498445510384772
16.96969696969697,33.93939393939394,0.5662934359116792,0.5702521854924468
17.77777777777778,33.93939393939394,0.5860856205412498,0.5901827300210309
18.585858585858585,33.93939393939394,0.6053033961207306,0.6095348500166643
19.393939393939394,33.93939393939394,0.6238463819609943,0.6282074630656614
20.2020202020202,33.93939393939394,0.6416153073746137,0.6461006045156519
21.01010101010101,33.93939393939394,0.6585128867108526,0.6631163086276188
21.818181818181817,33.93939393939394,0.6744446992280749,0.6791594945991738
22.626262626262626,33.93939393939394,0.6893200627788948,0.694138846357319
23.434343434343432,33.93939393939394,0.7030528900730799,0.7079676748071702
24.242424242424242,33.93939393939394,0.7155625162570973,0.7205647511968073
25.05050505050505,33.93939393939394,0.7267744867123745,0.7318551004227442
25.858585858585858,33.93939393939394,0.7366212943281493,0.7417707434567824
26.666666666666668,33.93939393939394,0.7450430560464434,0.7502513786204625
27.474747474747474,33.93939393939394,0.7519881191995649,0.7572449921612493
28.282828282828284,33.93939393939394,0.7574135890539313,0.7627083894842202
29.09090909090909,33.93939393939394,0.7612857700235717,0.7666076394499289
29.8989898989899,33.93939393939394,0.7635805142045369,0.7689184253452921
30.707070707070706,33.93939393939394,0.7642834721866871,0.76962629744871
31.515151515151516,33.93939393939394,0.7633902424983381,0.768726823519425
32.323232323232325,33.93939393939394,0.7609064175062885,0.7662256350184198
33.13131313131313,33.93939393939394,0.7568475251015743,0.7621383683865177
33.93939393939394,33.93939393939394,0.7512388670216528,0.756490502236337
34.74747474747475,33.93939393939394,0.7441152561641451,0.7493170928296896
35.55555555555556,33.93939393939394,0.7355206567076061,0.740662411682568
36.36363636363636,33.93939393939394,0.7255077322439291,0.7305794905387086
37.17171717171717,33.93939393939394,0.7141373084194294,0.7191295802541974
37.97979797979798,33.93939393939394,0.7014777577540726,0.7063815313161943
38.78787878787879,33.93939393939394,0.6876043153401158,0.6924111047578748
39.5959595959596,33.93939393939394,0.6725983349951778,0.6773002231115403
40.4040404040404,33.93939393939394,0.6565464961464832,0.6655439800317635
41.21212121212121,33.93939393939394,0.6395399722425639,0.6483043943025687
42.02020202020202,33.93939393939394,0.6216735718198291,0.6301931480831766
42.82828282828283,33.93939393939394,0.6030448634918739,0.611309147092831
43.63636363636363,33.93939393939394,0.5837532960809673,0.5917532030263177
44.44444444444444,33.93939393939394,0.5638993248793996,0.5716271478413714
45.25252525252525,33.93939393939394,0.5435835546225235,0.5510329649867948
46.06060606060606,33.93939393939394,0.5229059091878798,0.5300719477229269
46.868686868686865,33.93939393939394,0.5019648373212799,0.5088438939627884
47.676767676767675,33.93939393939394,0.4808565628490327,0.48744634620902216
48.484848484848484,33.93939393939394,0.4596743868856823,0.46597388419890423
49.292929292929294,33.93939393939394,0.43850804851010033,0.4445174768189753
50.1010101010101,33.93939393939394,0.417443149282005,0.42316389873498433
50.90909090909091,33.93939393939394,0.39656064582877987,0.398586768054052
51.717171717171716,33.93939393939394,0.3759364135715859,0.3778571617114691
52.525252525252526,33.93939393939394,0.0,0.0
53.333333333333336,33.93939393939394,0.0,0.0
54.14141414141414,33.93939393939394,0.0,0.0
54.94949494949495,33.93939393939394,0.0,0.0
55.75757575757576,33.93939393939394,0.0,0.0
56.56565656565657,33.93939393939394,0.0,0.0
57.37373737373737,33.93939393939394,0.0,0.0
58.18181818181818,33.93939393939394,0.0,0.0
58.98989898989899,33.93939393939394,0.0,0.0
59.7979797979798,33.93939393939394,0.0,0.0
60.6060606060606,33.93939393939394,0.0,0.0
61.41414141414141,33.93939393939394,0.0,0.0
62.22222222222222,33.93939393939394,0.0,0.0
63.03030303030303,33.93939393939394,0.0,0.0
63.838383838383834,33.93939393939394,0.0,0.0
64.64646464646465,33.93939393939394,0.0,0.0
65.45454545454545,33.93939393939394,0.0,0.0
66.26262626262626,33.93939393939394,0.0,0.0
67.07070707070707,33.93939393939394,0.0,0.0
67.87878787878788,33.93939393939394,0.0,0.0
68.68686868686869,33.93939393939394,0.0,0.0
69.4949494949495,33.93939393939394,0.0,0.0
70.3030303030303,33.93939393939394,0.0,0.0
71.11111111111111,33.93939393939394,0.0,0.0
71.91919191919192,33.93939393939394,0.0,0.0
72.72727272727272,33.93939393939394,0.0,0.0
73.53535353535354,33.93939393939394,0.0,0.0
74.34343434343434,33.93939393939394,0.0,0.0
75.15151515151516,33.93939393939394,0.0,0.0
75.95959595959596,33.93939393939394,0.0,0.0
76.76767676767676,33.93939393939394,0.0,0.0
77.57575757575758,33.93939393939394,0.0,0.0
78.38383838383838,33.93939393939394,0.0,0.0
79.1919191919192,33.93939393939394,0.0,0.0
80.0,33.93939393939394,0.0,0.0
0.0,34.74747474747475,0.0,0.0
0.8080808080808081,34.74747474747475,0.0,0.0
1.6161616161616161,34.74747474747475,0.0,0.0
2.4242424242424243,34.74747474747475,0.0,0.0
3.2323232323232323,34.74747474747475,0.0,0.0
4.040404040404041,34.74747474747475,0.0,0.0
4.848484848484849,34.74747474747475,0.0,0.0
5.656565656565657,34.74747474747475,0.0,0.0
6.4646464646464645,34.74747474747475,0.0,0.0
7.2727272727272725,34.74747474747475,0.0,0.0
8.080808080808081,34.74747474747475,0.0,0.0
8.88888888888889,34.74747474747475,0.3698593605888273,0.37244491164031845
9.696969696969697,34.74747474747475,0.3908688809844772,0.3936013018825604
10.505050505050505,34.74747474747475,0.41220958127769647,0.4150911871794925
11.313131313131313,34.74747474747475,0.43380801790356177,0.436840610549183
12.121212121212121,34.74747474747475,0.45558516392078374,0.4587699926019988
12.929292929292929,34.74747474747475,0.47745679328797525,0.48079451850320837
13.737373737373737,34.74747474747475,0.49933394042846735,0.5028246007504467
14.545454545454545,34.74747474747475,0.5211234329673728,0.5247664156349479
15.353535353535353,34.74747474747475,0.542728494327342,0.5465225100498271
16.161616161616163,34.74747474747475,0.5640494116713317,0.5679924741021919
16.96969696969697,34.74747474747475,0.5849842635046814,0.5890736738016179
17.77777777777778,34.74747474747475,0.6054297001183663,0.6096620369591939
18.585858585858585,34.74747474747475,0.6252817689940403,0.6296528843626684
19.393939393939394,34.74747474747475,0.6444367763224955,0.6489417973174691
20.2020202020202,34.74747474747475,0.6627921749324434,0.6674255117826678
21.01010101010101,34.74747474747475,0.6802474682065179,0.6850028286059289
21.818181818181817,34.74747474747475,0.6967051189943606,0.7015755287904716
22.626262626262626,34.74747474747475,0.712071452134231,0.7170492823258785
23.434343434343432,34.74747474747475,0.7262575389773405,0.7313345388958142
24.242424242424242,34.74747474747475,0.7391800522821169,0.744347388748542
25.05050505050505,34.74747474747475,0.750762080014184,0.7560103821858798
25.858585858585858,34.74747474747475,0.7609338869533071,0.7662532964942612
26.666666666666668,34.74747474747475,0.7696336135681086,0.775013839705027
27.474747474747474,34.74747474747475,0.7768079023660734,0.7822382813230145
28.282828282828284,34.74747474747475,0.7824124428492487,0.7878820010918413
29.09090909090909,34.74747474747475,0.7864124272902395,0.7919099479560648
29.8989898989899,34.74747474747475,0.7887829107701909,0.7942970026160571
30.707070707070706,34.74747474747475,0.789509070268757,0.7950282384291771
31.515151515151516,34.74747474747475,0.7885863590412497,0.7940990768661134
32.323232323232325,34.74747474747475,0.7860205540336225,0.7915153352573282
33.13131313131313,34.74747474747475,0.78182769564353,0.7872931661330097
33.93939393939394,34.74747474747475,0.7760339207062479,0.7814588890414563
34.74747474747475,34.74747474747475,0.768675191138309,0.7740487172957617
35.55555555555556,34.74747474747475,0.7597969221802606,0.7651083836177524
36.36363636363636,34.74747474747475,0.7494535156149306,0.7546926700931543
37.17171717171717,34.74747474747475,0.7377078046726826,0.7428648491963851
37.97979797979798,34.74747474747475,0.724630418546263,0.7296960438629563
38.78787878787879,34.74747474747475,0.7102990755036978,0.7152645156607834
39.5959595959596,34.74747474747475,0.6947978144902851,0.6996548910205888
40.4040404040404,34.74747474747475,0.6782161758356143,0.6829573362155446
41.21212121212121,34.74747474747475,0.6606483422182374,0.669702038868565
42.02020202020202,34.74747474747475,0.6421922513826671,0.6509930209656005
42.82828282828283,34.74747474747475,0.6229486922484729,0.631485743093706
43.63636363636363,34.74747474747475,0.6030203960012245,0.6112843442933281
44.44444444444444,34.74747474747475,0.5825111335156117,0.5904940175422043
45.25252525252525,34.74747474747475,0.5615248300418372,0.5692201123091862
46.06060606060606,34.74747474747475,0.5401647075002038,0.5475672650946105
46.868686868686865,34.74747474747475,0.5185324639917482,0.521181769112843
47.676767676767675,34.74747474747475,0.49672749926330656,0.4992653976572783
48.484848484848484,34.74747474747475,0.47484619388423505,0.47727229550862604
49.292929292929294,34.74747474747475,0.4529812488212626,0.45529563726480116
50.1010101010101,34.74747474747475,0.43122109096086053,0.4334243016061729
50.90909090909091,34.74747474747475,0.4096493489486078,0.41174234445686964
51.717171717171716,34.74747474747475,0.38834440251584407,0.3903285460088348
52.525252525252526,34.74747474747475,0.0,0.0
53.333333333333336,34.74747474747475,0.0,0.0
54.14141414141414,34.74747474747475,0.0,0.0
54.94949494949495,34.74747474747475,0.0,0.0
55.75757575757576,34.74747474747475,0.0,0.0
56.56565656565657,34.74747474747475,0.0,0.0
57.37373737373737,34.74747474747475,0.0,0.0
58.18181818181818,34.74747474747475,0.0,0.0
58.98989898989899,34.74747474747475,0.0,0.0
59.7979797979798,34.74747474747475,0.0,0.0
60.6060606060606,34.74747474747475,0.0,0.0
61.41414141414141,34.74747474747475,0.0,0.0
62.22222222222222,34.74747474747475,0.0,0.0
63.03030303030303,34.74747474747475,0.0,0.0
63.838383838383834,34.74747474747475,0.0,0.0
64.64646464646465,34.74747474747475,0.0,0.0
65.45454545454545,34.74747474747475,0.0,0.0
66.26262626262626,34.74747474747475,0.0,0.0
67.07070707070707,34.74747474747475,0.0,0.0
67.87878787878788,34.74747474747475,0.0,0.0
68.68686868686869,34.74747474747475,0.0,0.0
69.4949494949495,34.74747474747475,0.0,0.0
70.3030303030303,34.74747474747475,0.0,0.0
71.11111111111111,34.74747474747475,0.0,0.0
71.91919191919192,34.74747474747475,0.0,0.0
72.72727272727272,34.74747474747475,0.0,0.0
73.53535353535354,34.74747474747475,0.0,0.0
74.34343434343434,34.74747474747475,0.0,0.0
75.15151515151516,34.74747474747475,0.0,0.0
75.95959595959596,34.74747474747475,0.0,0.0
76.76767676767676,34.74747474747475,0.0,0.0
77.57575757575758,34.74747474747475,0.0,0.0
78.38383838383838,34.74747474747475,0.0,0.0
79.1919191919192,34.74747474747475,0.0,0.0
80.0,34.74747474747475,0.0,0.0
0.0,35.55555555555556,0.0,0.0
0.8080808080808081,35.55555555555556,0.0,0.0
1.6161616161616161,35.55555555555556,0.0,0.0
2.4242424242424243,35.55555555555556,0.0,0.0
3.2323232323232323,35.55555555555556,0.0,0.0
4.040404040404041,35.55555555555556,0.0,0.0
4.848484848484849,35.55555555555556,0.0,0.0
5.656565656565657,35.55555555555556,0.0,0.0
6.4646464646464645,35.55555555555556,0.0,0.0
7.2727272727272725,35.55555555555556,0.0,0.0
8.080808080808081,35.55555555555556,0.0,0.0
8.88888888888889,35.55555555555556,0.38126924646480903,0.3839345598410311
9.696969696969697,35.55555555555556,0.4029268949209243,0.4057436089691461
10.505050505050505,35.55555555555556,0.42492593992785216,0.42789644122606785
11.313131313131313,35.55555555555556,0.44719067224137654,0.45031681811203933
12.121212121212121,35.55555555555556,0.4696396269979136,0.47292270527251296
12.929292929292929,35.55555555555556,0.4921859798454144,0.4956266713982591
13.737373737373737,35.55555555555556,0.5147380206854133,0.5183363652791715
14.545454545454545,35.55555555555556,0.5371997028446347,0.5409550688149306
15.353535353535353,35.55555555555556,0.5594712642603776,0.5633823225428679
16.161616161616163,35.55555555555556,0.5814499160288221,0.5855146189996604
16.96969696969697,35.55555555555556,0.6030305924530889,0.607246158012701
17.77777777777778,35.55555555555556,0.6241067555625838,0.6284696568435425
18.585858585858585,35.55555555555556,0.6445712459811733,0.6490772070041805
19.393939393939394,35.55555555555556,0.6643171710228463,0.6689611685610652
20.2020202020202,35.55555555555556,0.6832388200124364,0.6880150918544964
21.01010101010101,35.55555555555556,0.7012325960867621,0.706134655813642
21.818181818181817,35.55555555555556,0.7181979531470027,0.7232186114588046
22.626262626262626,35.55555555555556,0.7340383262224288,0.7391697187689841
23.434343434343432,35.55555555555556,0.7486620432816532,0.7538956648672653
24.242424242424242,35.55555555555556,0.761983206499747,0.76730995144855
25.05050505050505,35.55555555555556,0.7739225311633423,0.7793327395491363
25.858585858585858,35.55555555555556,0.784408130772585,0.7898916401370322
26.666666666666668,35.55555555555556,0.7933762374756154,0.7989224395827282
27.474747474747474,35.55555555555556,0.8007718477410046,0.8063697498452939
28.282828282828284,35.55555555555556,0.8065492841249313,0.8121875741666614
29.09090909090909,35.55555555555556,0.8106726651075284,0.8163397801924271
29.8989898989899,35.55555555555556,0.8131162762377684,0.8188004737112733
30.707070707070706,35.55555555555556,0.8138648372161653,0.8195542676047483
31.515151515151516,35.55555555555556,0.8129136610343424,0.8185964420993199
32.323232323232325,35.55555555555556,0.8102687028527346,0.8159329939857641
33.13131313131313,35.55555555555556,0.8059464979033205,0.8115805740877979
33.93939393939394,35.55555555555556,0.799973989323282,0.805566313892187
34.74747474747475,35.55555555555556,0.7923882484275001,0.7979275438657696
35.55555555555556,35.55555555555556,0.7832360914828768,0.788711407550788
36.36363636363636,35.55555555555556,0.7725735985267322,0.777974377019522
37.17171717171717,35.55555555555556,0.7604655411478008,0.7657816766551115
37.97979797979798,35.55555555555556,0.7469847273968349,0.7522066234826712
38.78787878787879,35.55555555555556,0.7322112730925596,0.7373298933812125
39.5959595959596,35.55555555555556,0.71623180971916,0.7212387234438326
40.4040404040404,35.55555555555556,0.6991386398587213,0.7040260615060928
41.21212121212121,35.55555555555556,0.6810288516553002,0.6903618481058859
42.02020202020202,35.55555555555556,0.6620034041599028,0.6710756709313951
42.82828282828283,35.55555555555556,0.6421661955552199,0.6454471746811584
43.63636363636363,35.55555555555556,0.621623126207402,0.6247991459284709
44.44444444444444,35.55555555555556,0.600481168245355,0.6035491686978371
45.25252525252525,35.55555555555556,0.5788474529358671,0.581804921615051
46.06060606060606,35.55555555555556,0.5568283865186241,0.5596733545744683
46.868686868686865,35.55555555555556,0.5345288044053539,0.5372598386167553
47.676767676767675,35.55555555555556,0.5120511727510698,0.5146673634207702
48.484848484848484,35.55555555555556,0.48949484539392735,0.49199579044694963
49.292929292929294,35.55555555555556,0.4669553830564539,0.4693411686601763
50.1010101010101,35.55555555555556,0.444523940528725,0.4467951185819292
50.90909090909091,35.55555555555556,0.4222867263377662,0.42444428919900834
51.717171717171716,35.55555555555556,0.40032453817126673,0.4023698910136182
52.525252525252526,35.55555555555556,0.37871237609112635,0.380647307280731
53.333333333333336,35.55555555555556,0.0,0.0
54.14141414141414,35.55555555555556,0.0,0.0
54.94949494949495,35.55555555555556,0.0,0.0
55.75757575757576,35.55555555555556,0.0,0.0
56.56565656565657,35.55555555555556,0.0,0.0
57.37373737373737,35.55555555555556,0.0,0.0
58.18181818181818,35.55555555555556,0.0,0.0
58.98989898989899,35.55555555555556,0.0,0.0
59.7979797979798,35.55555555555556,0.0,0.0
60.6060606060606,35.55555555555556,0.0,0.0
61.41414141414141,35.55555555555556,0.0,0.0
62.22222222222222,35.55555555555556,0.0,0.0
63.03030303030303,35.55555555555556,0.0,0.0
63.838383838383834,35.55555555555556,0.0,0.0
64.64646464646465,35.55555555555556,0.0,0.0
65.45454545454545,35.55555555555556,0.0,0.0
66.26262626262626,35.55555555555556,0.0,0.0
67.07070707070707,35.55555555555556,0.0,0.0
67.87878787878788,35.55555555555556,0.0,0.0
68.68686868686869,35.55555555555556,0.0,0.0
69.4949494949495,35.55555555555556,0.0,0.0
70.3030303030303,35.55555555555556,0.0,0.0
71.11111111111111,35.55555555555556,0.0,0.0
71.91919191919192,35.55555555555556,0.0,0.0
72.72727272727272,35.55555555555556,0.0,0.0
73.53535353535354,35.55555555555556,0.0,0.0
74.34343434343434,35.55555555555556,0.0,0.0
75.15151515151516,35.55555555555556,0.0,0.0
75.95959595959596,35.55555555555556,0.0,0.0
76.76767676767676,35.55555555555556,0.0,0.0
77.57575757575758,35.55555555555556,0.0,0.0
78.38383838383838,35.55555555555556,0.0,0.0
79.1919191919192,35.55555555555556,0.0,0.0
80.0,35.55555555555556,0.0,0.0
0.0,36.36363636363636,0.0,0.0
0.8080808080808081,36.36363636363636,0.0,0.0
1.6161616161616161,36.36363636363636,0.0,0.0
2.4242424242424243,36.36363636363636,0.0,0.0
3.2323232323232323,36.36363636363636,0.0,0.0
4.040404040404041,36.36363636363636,0.0,0.0
4.848484848484849,36.36363636363636,0.0,0.0
5.656565656565657,36.36363636363636,0.0,0.0
6.4646464646464645,36.36363636363636,0.0,0.0
7.2727272727272725,36.36363636363636,0.0,0.0
8.080808080808081,36.36363636363636,0.37035436553036766,0.37294337697973834
8.88888888888889,36.36363636363636,0.392210705259004,0.39495250635814083
9.696969696969697,36.36363636363636,0.41448987320655206,0.4173874197923556
10.505050505050505,36.36363636363636,0.4371202349186344,0.4401759820578244
11.313131313131313,36.36363636363636,0.46002390848805874,0.46323976680352436
12.121212121212121,36.36363636363636,0.48311709121661,0.48649438549733287
12.929292929292929,36.36363636363636,0.5063104671139046,0.5098498977735565
13.737373737373737,36.36363636363636,0.5295096942346326,0.5332113021769691
14.545454545454545,36.36363636363636,0.5526159696099924,0.556479105043475
15.353535353535353,36.36363636363636,0.5755266682595199,0.579549963979035
16.161616161616163,36.36363636363636,0.5981360514989819,0.6023174011190804
16.96969696969697,36.36363636363636,0.6203360385129074,0.6246725800948251
17.77777777777778,36.36363636363636,0.642017033961597,0.6465051394257711
18.585858585858585,36.36363636363636,0.6630688032670503,0.6677040739244394
19.393939393939394,36.36363636363636,0.6833813861947184,0.688158654664637
20.2020202020202,36.36363636363636,0.7028460384416061,0.7077593771518552
21.01010101010101,36.36363636363636,0.721356190177737,0.7263989265655478
21.818181818181817,36.36363636363636,0.7388084098866822,0.7439731483375136
22.626262626262626,36.36363636363636,0.7551033614283665,0.7603820119051786
23.434343434343432,36.36363636363636,0.7701467420169867,0.7755305552465732
24.242424242424242,36.36363636363636,0.7838501887782537,0.7893297977749832
25.05050505050505,36.36363636363636,0.7961321417289413,0.8016976093512723
25.858585858585858,36.36363636363636,0.8069186514092709,0.812559523562128
26.666666666666668,36.36363636363636,0.8161441199920305,0.8218494840100028
27.474747474747474,36.36363636363636,0.8237519654841708,0.8295105131578994
28.282828282828284,36.36363636363636,0.829695199615272,0.8354952942576441
29.09090909090909,36.36363636363636,0.8339369111570009,0.8397666580480531
29.8989898989899,36.36363636363636,0.8364506477189101,0.8422979672197253
30.707070707070706,36.36363636363636,0.8372206904957369,0.8430733930829992
31.515151515151516,36.36363636363636,0.836242217973871,0.8420880804188323
32.323232323232325,36.36363636363636,0.8335213562117232,0.8393481981106616
33.13131313131313,36.36363636363636,0.8290751149604239,0.834870874818545
33.93939393939394,36.36363636363636,0.8229312105567455,0.8286840206339934
34.74747474747475,36.36363636363636,0.8151277781681294,0.8208260373134082
35.55555555555556,36.36363636363636,0.8057129775694057,0.8113454212989307
36.36363636363636,36.36363636363636,0.7947444981524994,0.8003002652678527
37.17171717171717,36.36363636363636,0.7822889702861955,0.7877576653774142
37.97979797979798,36.36363636363636,0.7684212914273404,0.773793042665095
38.78787878787879,36.36363636363636,0.7532238765151301,0.7584893882026847
39.5959595959596,36.36363636363636,0.7367858431372662,0.7419364425662345
40.4040404040404,36.36363636363636,0.719202142725454,0.7242298209580613
41.21212121212121,36.36363636363636,0.700572649606841,0.7041520411342571
42.02020202020202,36.36363636363636,0.6810012201007197,0.6844806165612533
42.82828282828283,36.36363636363636,0.6605947340036809,0.663969868895509
43.63636363636363,36.36363636363636,0.6394621307533527,0.6427292941720311
44.44444444444444,36.36363636363636,0.6177134523069885,0.6208694965784848
45.25252525252525,36.36363636363636,0.5954589043265766,0.5985012448436767
46.06060606060606,36.36363636363636,0.5728079466405651,0.5757345580522332
46.868686868686865,36.36363636363636,0.5498684231706752,0.5526778311260034
47.676767676767675,36.36363636363636,0.5267457405902627,0.5294370092859925
48.484848484848484,36.36363636363636,0.5035421039402389,0.5061148197628628
49.292929292929294,36.36363636363636,0.4803558162931045,0.48281006788278547
50.1010101010101,36.36363636363636,0.45728064834984,0.45961700344345285
50.90909090909091,36.36363636363636,0.4344052826031917,0.43662476203746214
51.717171717171716,36.36363636363636,0.4118128354292266,0.41391688470212334
52.525252525252526,36.36363636363636,0.3895804592010899,0.391570918000322
53.333333333333336,36.36363636363636,0.0,0.0
54.14141414141414,36.36363636363636,0.0,0.0
54.94949494949495,36.36363636363636,0.0,0.0
55.75757575757576,36.36363636363636,0.0,0.0
56.56565656565657,36.36363636363636,0.0,0.0
57.37373737373737,36.36363636363636,0.0,0.0
58.18181818181818,36.36363636363636,0.0,0.0
58.98989898989899,36.36363636363636,0.0,0.0
59.7979797979798,36.36363636363636,0.0,0.0
60.6060606060606,36.36363636363636,0.0,0.0
61.41414141414141,36.36363636363636,0.0,0.0
62.22222222222222,36.36363636363636,0.0,0.0
63.03030303030303,36.36363636363636,0.0,0.0
63.838383838383834,36.36363636363636,0.0,0.0
64.64646464646465,36.36363636363636,0.0,0.0
65.45454545454545,36.36363636363636,0.0,0.0
66.26262626262626,36.36363636363636,0.0,0.0
67.07070707070707,36.36363636363636,0.0,0.0
67.87878787878788,36.36363636363636,0.0,0.0
68.68686868686869,36.36363636363636,0.0,0.0
69.4949494949495,36.36363636363636,0.0,0.0
70.3030303030303,36.36363636363636,0.0,0.0
71.11111111111111,36.36363636363636,0.0,0.0
71.91919191919192,36.36363636363636,0.0,0.0
72.72727272727272,36.36363636363636,0.0,0.0
73.53535353535354,36.36363636363636,0.0,0.0
74.34343434343434,36.36363636363636,0.0,0.0
75.15151515151516,36.36363636363636,0.0,0.0
75.95959595959596,36.36363636363636,0.0,0.0
76.76767676767676,36.36363636363636,0.0,0.0
77.57575757575758,36.36363636363636,0.0,0.0
78.38383838383838,36.36363636363636,0.0,0.0
79.1919191919192,36.36363636363636,0.0,0.0
80.0,36.36363636363636,0.0,0.0
0.0,37.17171717171717,0.0,0.0
0.8080808080808081,37.17171717171717,0.0,0.0
1.6161616161616161,37.17171717171717,0.0,0.0
2.4242424242424243,37.17171717171717,0.0,0.0
3.2323232323232323,37.17171717171717,0.0,0.0
4.040404040404041,37.17171717171717,0.0,0.0
4.848484848484849,37.17171717171717,0.0,0.0
5.656565656565657,37.17171717171717,0.0,0.0
6.4646464646464645,37.17171717171717,0.0,0.0
7.2727272727272725,37.17171717171717,0.0,0.0
8.080808080808081,37.17171717171717,0.38018733150595513,0.3802040412847436
8.88888888888889,37.17171717171717,0.40262396045190585,0.4026416563527331
9.696969696969697,37.17171717171717,0.42549464377170804,0.4255133448718866
10.505050505050505,37.17171717171717,0.448725845105085,0.4518627228058295
11.313131313131313,37.17171717171717,0.47223761476810233,0.4755388546217415
12.121212121212121,37.17171717171717,0.4959439250878801,0.49941088705674896
12.929292929292929,37.17171717171717,0.5197530887206062,0.5233864918144684
13.737373737373737,37.17171717171717,0.5435682589276574,0.5473681451362696
14.545454545454545,37.17171717171717,0.5672880095060517,0.5712537117858091
15.353535353535353,37.17171717171717,0.5908069907661412,0.5949371056124216
16.161616161616163,37.17171717171717,0.6140166566451887,0.6183090217476822
16.96969696969697,37.17171717171717,0.6368060567652722,0.6412577342002954
17.77777777777778,37.17171717171717,0.6590626860133866,0.6636699513753004
18.585858585858585,37.17171717171717,0.6806733830663501,0.6854317208802353
19.393939393939394,37.17171717171717,0.7015252682282932,0.7064293739187038
20.2020202020202,37.17171717171717,0.7215067100180724,0.7265504986348462
21.01010101010101,37.17171717171717,0.7405083091601591,0.7456849309829483
21.818181818181817,37.17171717171717,0.7584238880152852,0.7637257510748331
22.626262626262626,37.17171717171717,0.7751514730534151,0.780570272520941
23.434343434343432,37.17171717171717,0.7905942577351229,0.7961210120428566
24.242424242424242,37.17171717171717,0.8046615331380716,0.8102866266054572
25.05050505050505,37.17171717171717,0.8172695738488021,0.8229828055016455
25.858585858585858,37.17171717171717,0.8283424670378832,0.8341331052232597
26.666666666666668,37.17171717171717,0.8378128732455934,0.8436697155651288
27.474747474747474,37.17171717171717,0.8456227082181726,0.851534146227792
28.282828282828284,37.17171717171717,0.8517237361393171,0.8576778241960559
29.09090909090909,37.17171717171717,0.8560780657818433,0.8620625933590741
29.8989898989899,37.17171717171717,0.8586585424402259,0.8646611091827404
30.707070707070706,37.17171717171717,0.8594490299724789,0.8654571227232225
31.515151515151516,37.17171717171717,0.8584445788530561,0.8644456498546574
32.323232323232325,37.17171717171717,0.8556514777881714,0.8616330232452962
33.13131313131313,37.17171717171717,0.8510871881404918,0.857036826323784
33.93939393939394,37.17171717171717,0.8447801621198395,0.8506857101988998
34.74747474747475,37.17171717171717,0.8367695473882797,0.8426190961996473
35.55555555555556,37.17171717171717,0.8271047823701503,0.8328867683562449
36.36363636363636,37.17171717171717,0.8158450881196996,0.8215483617155971
37.17171717171717,37.17171717171717,0.8030588640523614,0.8086727538483484
37.97979797979798,37.17171717171717,0.788822996164104,0.7943373682322477
38.78787878787879,37.17171717171717,0.7732220875235706,0.7786273993649417
39.5959595959596,37.17171717171717,0.756347621804269,0.7616349704487254
40.4040404040404,37.17171717171717,0.7382970714131762,0.7434582352844006
41.21212121212121,37.17171717171717,0.7191729623563511,0.7228473872852286
42.02020202020202,37.17171717171717,0.6990819083545073,0.7026536833319323
42.82828282828283,37.17171717171717,0.6781336268794496,0.6815983721273129
43.63636363636363,37.17171717171717,0.6564399497278096,0.6597938568431272
44.44444444444444,37.17171717171717,0.6341138404879111,0.6373536782254156
45.25252525252525,37.17171717171717,0.6112684307991993,0.6143915459299535
46.06060606060606,37.17171717171717,0.5880160866655839,0.591020400065167
46.868686868686865,37.17171717171717,0.5644675152816708,0.5673515134549292
47.676767676767675,37.17171717171717,0.5407309218843792,0.5434936441823323
48.484848484848484,37.17171717171717,0.5169112250743437,0.5195522469019811
49.292929292929294,37.17171717171717,0.49310933788592154,0.4956287502368165
50.1010101010101,37.17171717171717,0.46942152064678017,0.4718199063313096
50.90909090909091,37.17171717171717,0.44593881038363414,0.4482172173418975
51.717171717171716,37.17171717171717,0.42274653022525494,0.42490644233341684
52.525252525252526,37.17171717171717,0.3999238809522882,0.4019671867420523
53.333333333333336,37.17171717171717,0.37754361556929533,0.37947257528468986
54.14141414141414,37.17171717171717,0.0,0.0
54.94949494949495,37.17171717171717,0.0,0.0
55.75757575757576,37.17171717171717,0.0,0.0
56.56565656565657,37.17171717171717,0.0,0.0
57.37373737373737,37.17171717171717,0.0,0.0
58.18181818181818,37.17171717171717,0.0,0.0
58.98989898989899,37.17171717171717,0.0,0.0
59.7979797979798,37.17171717171717,0.0,0.0
60.6060606060606,37.17171717171717,0.0,0.0
61.41414141414141,37.17171717171717,0.0,0.0
62.22222222222222,37.17171717171717,0.0,0.0
63.03030303030303,37.17171717171717,0.0,0.0
63.838383838383834,37.17171717171717,0.0,0.0
64.64646464646465,37.17171717171717,0.0,0.0
65.45454545454545,37.17171717171717,0.0,0.0
66.26262626262626,37.17171717171717,0.0,0.0
67.07070707070707,37.17171717171717,0.0,0.0
67.87878787878788,37.17171717171717,0.0,0.0
68.68686868686869,37.17171717171717,0.0,0.0
69.4949494949495,37.17171717171717,0.0,0.0
70.3030303030303,37.17171717171717,0.0,0.0
71.11111111111111,37.17171717171717,0.0,0.0
71.91919191919192,37.17171717171717,0.0,0.0
72.72727272727272,37.17171717171717,0.0,0.0
73.53535353535354,37.17171717171717,0.0,0.0
74.34343434343434,37.17171717171717,0.0,0.0
75.15151515151516,37.17171717171717,0.0,0.0
75.95959595959596,37.17171717171717,0.0,0.0
76.76767676767676,37.17171717171717,0.0,0.0
77.57575757575758,37.17171717171717,0.0,0.0
78.38383838383838,37.17171717171717,0.0,0.0
79.1919191919192,37.17171717171717,0.0,0.0
80.0,37.17171717171717,0.0,0.0
0.0,37.97979797979798,0.0,0.0
0.8080808080808081,37.97979797979798,0.0,0.0
1.6161616161616161,37.97979797979798,0.0,0.0
2.4242424242424243,37.97979797979798,0.0,0.0
3.2323232323232323,37.97979797979798,0.0,0.0
4.040404040404041,37.97979797979798,0.0,0.0
4.848484848484849,37.97979797979798,0.0,0.0
5.656565656565657,37.97979797979798,0.0,0.0
6.4646464646464645,37.97979797979798,0.0,0.0
7.2727272727272725,37.97979797979798,0.0,0.0
8.080808080808081,37.97979797979798,0.3894666905320126,0.38948380815194616
8.88888888888889,37.97979797979798,0.4124509377652407,0.4124690655758226
9.696969696969697,37.97979797979798,0.4358798334822184,0.4358989910263875
10.505050505050505,37.97979797979798,0.4596780464961929,0.4596982500059744
11.313131313131313,37.97979797979798,0.4837636757646234,0.4837849378723741
12.121212121212121,37.97979797979798,0.5080485939085204,0.5116001751747009
12.929292929292929,37.97979797979798,0.5324388757404855,0.5361609605157199
13.737373737373737,37.97979797979798,0.5568353107512389,0.5607279420501418
14.545454545454545,37.97979797979798,0.581133997194628,0.5851964916928387
15.353535353535353,37.97979797979798,0.605227014075986,0.609457934013077
16.161616161616163,37.97979797979798,0.6290031660126131,0.6334002963020453
16.96969696969697,37.97979797979798,0.6523487946237015,0.6569091256349082
17.77777777777778,37.97979797979798,0.6751486488464227,0.679868365270954
18.585858585858585,37.97979797979798,0.6972868053914304,0.7021612815436643
19.393939393939394,37.97979797979798,0.718647629470463,0.723671431304411
20.2020202020202,37.97979797979798,0.7391167649755777,0.7442836590236692
21.01010101010101,37.97979797979798,0.7585821424866338,0.7638851118451115
21.818181818181817,37.97979797979798,0.7769349928513019,0.7823662602511829
22.626262626262626,37.97979797979798,0.7940708536375817,0.7996219115513588
23.434343434343432,37.97979797979798,0.8098905555165461,0.8155522031603284
24.242424242424242,37.97979797979798,0.824301175602931,0.8300635626030397
25.05050505050505,37.97979797979798,0.8372169449691813,0.843069621372842
25.858585858585858,37.97979797979798,0.8485600979561143,0.8544920701793696
26.666666666666668,37.97979797979798,0.8582616515273517,0.8642614437511533
27.474747474747474,37.97979797979798,0.866262103747375,0.8723178241964809
28.282828282828284,37.97979797979798,0.8725120414922215,0.8786114529623744
29.09090909090909,37.97979797979798,0.8769726487108856,0.8831032426490614
29.8989898989899,37.97979797979798,0.8796161079238859,0.8857651813152702
30.707070707070706,37.97979797979798,0.8804258891490357,0.8865806234237753
31.515151515151516,37.97979797979798,0.8793969220560683,0.885544463199492
32.323232323232325,37.97979797979798,0.8765356488417475,0.882663187874217
33.13131313131313,37.97979797979798,0.871859957054044,0.8779548100412046
33.93939393939394,37.97979797979798,0.8653989933453564,0.8714486801064033
34.74747474747475,37.97979797979798,0.8571928608677973,0.8631851815683442
35.55555555555556,37.97979797979798,0.8472922047058192,0.8532153135526785
36.36363636363636,37.97979797979798,0.8357576913416971,0.8416001666387942
37.17171717171717,37.97979797979798,0.8226593896382144,0.8284102995151792
37.97979797979798,37.97979797979798,0.8080760621734914,0.8137250253602315
38.78787878787879,37.97979797979798,0.79209437695149,0.7976316180421216
39.5959595959596,37.97979797979798,0.7748080505182556,0.7802244492448742
40.4040404040404,37.97979797979798,0.7563169343223176,0.76160406844185
41.21212121212121,37.97979797979798,0.7367260567561662,0.7404901646000275
42.02020202020202,37.97979797979798,0.7161446336971619,0.7198035861779627
42.82828282828283,37.97979797979798,0.6946850605280436,0.6982343709689695
43.63636363636363,37.97979797979798,0.6724618985614096,0.6758976656065143
44.44444444444444,37.97979797979798,0.6495908685255675,0.6529097820635028
45.25252525252525,37.97979797979798,0.6261878633016252,0.62938720534521
46.06060606060606,37.97979797979798,0.6023679914480339,0.6054456321269639
46.868686868686865,37.97979797979798,0.578244662226829,0.5811990511055697
47.676767676767675,37.97979797979798,0.5539287218762431,0.5567588748589337
48.484848484848484,37.97979797979798,0.5295276497801965,0.5322331319085947
49.292929292929294,37.97979797979798,0.5051448219911389,0.5077257264797282
50.1010101010101,37.97979797979798,0.48087884829466654,0.48333577217867135
50.90909090909091,37.97979797979798,0.45682298768857366,0.45915700448551694
51.717171717171716,37.97979797979798,0.433064645811699,0.4352772756152059
52.525252525252526,37.97979797979798,0.4096849565245614,0.41177813396035884
53.333333333333336,37.97979797979798,0.3867584485385744,0.3887344890172207
54.14141414141414,37.97979797979798,0.0,0.0
54.94949494949495,37.97979797979798,0.0,0.0
55.75757575757576,37.97979797979798,0.0,0.0
56.56565656565657,37.97979797979798,0.0,0.0
57.37373737373737,37.97979797979798,0.0,0.0
58.18181818181818,37.97979797979798,0.0,0.0
58.98989898989899,37.97979797979798,0.0,0.0
59.7979797979798,37.97979797979798,0.0,0.0
60.6060606060606,37.97979797979798,0.0,0.0
61.41414141414141,37.97979797979798,0.0,0.0
62.22222222222222,37.97979797979798,0.0,0.0
63.03030303030303,37.97979797979798,0.0,0.0
63.838383838383834,37.97979797979798,0.0,0.0
64.64646464646465,37.97979797979798,0.0,0.0
65.45454545454545,37.97979797979798,0.0,0.0
66.26262626262626,37.97979797979798,0.0,0.0
67.07070707070707,37.97979797979798,0.0,0.0
67.87878787878788,37.97979797979798,0.0,0.0
68.68686868686869,37.97979797979798,0.0,0.0
69.4949494949495,37.97979797979798,0.0,0.0
70.3030303030303,37.97979797979798,0.0,0.0
71.11111111111111,37.97979797979798,0.0,0.0
71.91919191919192,37.97979797979798,0.0,0.0
72.72727272727272,37.97979797979798,0.0,0.0
73.53535353535354,37.97979797979798,0.0,0.0
74.34343434343434,37.97979797979798,0.0,0.0
75.15151515151516,37.97979797979798,0.0,0.0
75.95959595959596,37.97979797979798,0.0,0.0
76.76767676767676,37.97979797979798,0.0,0.0
77.57575757575758,37.97979797979798,0.0,0.0
78.38383838383838,37.97979797979798,0.0,0.0
79.1919191919192,37.97979797979798,0.0,0.0
80.0,37.97979797979798,0.0,0.0
0.0,38.78787878787879,0.0,0.0
0.8080808080808081,38.78787878787879,0.0,0.0
1.6161616161616161,38.78787878787879,0.0,0.0
2.4242424242424243,38.78787878787879,0.0,0.0
3.2323232323232323,38.78787878787879,0.0,0.0
4.040404040404041,38.78787878787879,0.0,0.0
4.848484848484849,38.78787878787879,0.0,0.0
5.656565656565657,38.78787878787879,0.0,0.0
6.4646464646464645,38.78787878787879,0.0,0.0
7.2727272727272725,38.78787878787879,0.3751682136520795,0.37518470283343586
8.080808080808081,38.78787878787879,0.398139718287933,0.3981572170998822
8.88888888888889,38.78787878787879,0.4216358013701536,0.42165433286867116
9.696969696969697,38.78787878787879,0.44558643480638604,0.44560601896961227
10.505050505050505,38.78787878787879,0.46991460986083594,0.46993526328226676
11.313131313131313,38.78787878787879,0.49453660163790236,0.49455833723120435
12.121212121212121,38.78787878787879,0.5193623202513454,0.5193851469706053
12.929292929292929,38.78787878787879,0.5442957488952098,0.5443196714744382
13.737373737373737,38.78787878787879,0.5692354677429062,0.5732147839884802
14.545454545454545,38.78787878787879,0.5940752612618916,0.5982282233877526
15.353535353535353,38.78787878787879,0.6187048051665246,0.6230299433947802
16.161616161616163,38.78787878787879,0.6430104278658338,0.6475054777822169
16.96969696969697,38.78787878787879,0.6668759399222738,0.6715378248748005
17.77777777777778,38.78787878787879,0.6901835237488655,0.6950083434660406
18.585858585858585,38.78787878787879,0.7128146745623111,0.7177977003491907
19.393939393939394,38.78787878787879,0.7346511825050234,0.739786859304932
20.2020202020202,38.78787878787879,0.7555761448746461,0.7608581004070196
21.01010101010101,38.78787878787879,0.7754749965788412,0.7808960576806002
21.818181818181817,38.78787878787879,0.7942365462866946,0.7997887624969724
22.626262626262626,38.78787878787879,0.8117540052939108,0.8174286796312007
23.434343434343432,38.78787878787879,0.8279259958712982,0.833713722659594
24.242424242424242,38.78787878787879,0.8426575258352866,0.8485482353430892
25.05050505050505,38.78787878787879,0.8558609162713889,0.8618439258360859
25.858585858585858,38.78787878787879,0.8674566697581515,0.873520740979833
26.666666666666668,38.78787878787879,0.8773742670770169,0.8835076685817964
27.474747474747474,38.78787878787879,0.8855528812447782,0.891743456439653
28.282828282828284,38.78787878787879,0.8919419987573726,0.8981772379279719
29.09090909090909,38.78787878787879,0.8965019391697506,0.9027690552102747
29.8989898989899,38.78787878787879,0.899204265535407,0.9054902725477996
30.707070707070706,38.78787878787879,0.9000320797662353,0.9063238737241078
31.515151515151516,38.78787878787879,0.8989801986208619,0.9052646392636875
32.323232323232325,38.78787878787879,0.8960552077572316,0.9023192008624011
33.13131313131313,38.78787878787879,0.8912753930608461,0.8975059722356653
33.93939393939394,38.78787878787879,0.8846705502504596,0.8908549573931687
34.74747474747475,38.78787878787879,0.8762816755346633,0.8824074391329513
35.55555555555556,38.78787878787879,0.8661605418125187,0.8722155522794112
36.36363636363636,38.78787878787879,0.8543691665472634,0.8603417478371111
37.17171717171717,38.78787878787879,0.8409791789641115,0.8468581557648909
37.97979797979798,38.78787878787879,0.8260710956038266,0.8318458554651009
38.78787878787879,38.78787878787879,0.8097335144788214,0.815394064306343
39.5959595959596,38.78787878787879,0.7920622391074671,0.7975992555342256
40.4040404040404,38.78787878787879,0.7731593445286685,0.778564217756789
41.21212121212121,38.78787878787879,0.7531321980105767,0.7569801287142607
42.02020202020202,38.78787878787879,0.7320924475572496,0.7358328811947066
42.82828282828283,38.78787878787879,0.7101549914824797,0.713783341463158
43.63636363636363,38.78787878787879,0.6874369422629779,0.6909492203516956
44.44444444444444,38.78787878787879,0.6640565976101748,0.6674494199827646
45.25252525252525,38.78787878787879,0.6401324312219698,0.643403019364436
46.06060606060606,38.78787878787879,0.6157821150075363,0.6189282916195256
46.868686868686865,38.78787878787879,0.5911215837380255,0.594141763857378
47.676767676767675,38.78787878787879,0.5662641520848486,0.5691573297008882
48.484848484848484,38.78787878787879,0.5413196928886777,0.5440854233570832
49.292929292929294,38.78787878787879,0.516393884281688,0.5190322628927353
50.1010101010101,38.78787878787879,0.4915875319892787,0.49409916907356016
50.90909090909091,38.78787878787879,0.46699597179243474,0.46938196477361865
51.717171717171716,38.78787878787879,0.44270855576482493,0.444970458587478
52.525252525252526,38.78787878787879,0.41880822453566374,0.42094801490766365
53.333333333333336,38.78787878787879,0.39537116649509507,0.3973912113888422
54.14141414141414,38.78787878787879,0.37246656357634017,0.37436958343111065
54.94949494949495,38.78787878787879,0.0,0.0
55.75757575757576,38.78787878787879,0.0,0.0
56.56565656565657,38.78787878787879,0.0,0.0
57.37373737373737,38.78787878787879,0.0,0.0
58.18181818181818,38.78787878787879,0.0,0.0
58.98989898989899,38.78787878787879,0.0,0.0
59.7979797979798,38.78787878787879,0.0,0.0
60.6060606060606,38.78787878787879,0.0,0.0
61.41414141414141,38.78787878787879,0.0,0.0
62.22222222222222,38.78787878787879,0.0,0.0
63.03030303030303,38.78787878787879,0.0,0.0
63.838383838383834,38.78787878787879,0.0,0.0
64.64646464646465,38.78787878787879,0.0,0.0
65.45454545454545,38.78787878787879,0.0,0.0
66.26262626262626,38.78787878787879,0.0,0.0
67.07070707070707,38.78787878787879,0.0,0.0
67.87878787878788,38.78787878787879,0.0,0.0
68.68686868686869,38.78787878787879,0.0,0.0
69.4949494949495,38.78787878787879,0.0,0.0
70.3030303030303,38.78787878787879,0.0,0.0
71.11111111111111,38.78787878787879,0.0,0.0
71.91919191919192,38.78787878787879,0.0,0.0
72.72727272727272,38.78787878787879,0.0,0.0
73.53535353535354,38.78787878787879,0.0,0.0
74.34343434343434,38.78787878787879,0.0,0.0
75.15151515151516,38.78787878787879,0.0,0.0
75.95959595959596,38.78787878787879,0.0,0.0
76.76767676767676,38.78787878787879,0.0,0.0
77.57575757575758,38.78787878787879,0.0,0.0
78.38383838383838,38.78787878787879,0.0,0.0
79.1919191919192,38.78787878787879,0.0,0.0
80.0,38.78787878787879,0.0,0.0
0.0,39.5959595959596,0.0,0.0
0.8080808080808081,39.5959595959596,0.0,0.0
1.6161616161616161,39.5959595959596,0.0,0.0
2.4242424242424243,39.5959595959596,0.0,0.0
3.2323232323232323,39.5959595959596,0.0,0.0
4.040404040404041,39.5959595959596,0.0,0.0
4.848484848484849,39.5959595959596,0.0,0.0
5.656565656565657,39.5959595959596,0.0,0.0
6.4646464646464645,39.5959595959596,0.0,0.0
7.2727272727272725,39.5959595959596,0.3827222628948754,0.38273908408753604
8.080808080808081,39.5959595959596,0.40615630105805284,0.4061741522103186
8.88888888888889,39.5959595959596,0.4301254801067151,0.4301443847387958
9.696969696969697,39.5959595959596,0.45455836192591226,0.4545783404182101
10.505050505050505,39.5959595959596,0.47937638720130604,0.4793974564814286
11.313131313131313,39.5959595959596,0.5044941452282078,0.5045163184698396
12.121212121212121,39.5959595959596,0.5298197321515702,0.5298430184890895
12.929292929292929,39.5959595959596,0.555255197857514,0.555279602120251
13.737373737373737,39.5959595959596,0.5806970804211686,0.5807226028911534
14.545454545454545,39.5959595959596,0.6060370256496945,0.606063661846635
15.353535353535353,39.5959595959596,0.6311624878670012,0.6355747131830464
16.161616161616163,39.5959595959596,0.6559575066933441,0.6605430648862323
16.96969696969697,39.5959595959596,0.6803035532053124,0.6850593056743668
17.77777777777778,39.5959595959596,0.7040804375471125,0.7090024054884838
18.585858585858585,39.5959595959596,0.7271672688298647,0.7322506283358666
19.393939393939394,39.5959595959596,0.749443457028759,0.7546825411910983
20.2020202020202,39.5959595959596,0.7707897455939171,0.7761780538255275
21.01010101010101,39.5959595959596,0.7910892626534879,0.796619477358939
21.818181818181817,39.5959595959596,0.8102285780280662,0.8158925886631724
22.626262626262626,39.5959595959596,0.8280987528121896,0.8338876872808574
23.434343434343432,39.5959595959596,0.8445963680260204,0.8505006312680233
24.242424242424242,39.5959595959596,0.8596245188089381,0.865633838337733
25.05050505050505,39.5959595959596,0.8730937608228041,0.8791972388793061
25.858585858585858,39.5959595959596,0.8849229959576882,0.8911091678556889
26.666666666666668,39.5959595959596,0.8950402850835637,0.9012971832367983
27.474747474747474,39.5959595959596,0.9033835764598754,0.9096987995011339
28.282828282828284,39.5959595959596,0.9099013394881396,0.9162621258187096
29.09090909090909,39.5959595959596,0.9145530947536045,0.9209463997980412
29.8989898989899,39.5959595959596,0.9173098327290226,0.9237224091169226
30.707070707070706,39.5959595959596,0.9181543150816055,0.9245727949357074
31.515151515151516,39.5959595959596,0.9170812542048993,0.9234922326842254
32.323232323232325,39.5959595959596,0.9140973683597259,0.9204874875881945
33.13131313131313,39.5959595959596,0.9092213116197078,0.9155773441250198
33.93939393939394,39.5959595959596,0.9024834796433551,3.1586921787517426
34.74747474747475,39.5959595959596,0.893925694101991,3.128739929356968
35.55555555555556,39.5959595959596,0.8836007703471414,3.092602696214995
36.36363636363636,39.5959595959596,0.8715719745698258,3.0505019109943903
37.17171717171717,39.5959595959596,0.857912378256822,3.002693323898877
37.97979797979798,39.5959595959596,0.8427041191574386,2.949464417051035
38.78787878787879,39.5959595959596,0.8260375792138674,2.891131527248536
39.5959595959596,39.5959595959596,0.8080104909578374,2.828036718352431
40.4040404040404,39.5959595959596,0.7887269847192994,2.7605444465175477
41.21212121212121,39.5959595959596,0.7682965896170121,0.772221998787583
42.02020202020202,39.5959595959596,0.7468332016986837,0.7506489493389229
42.82828282828283,39.5959595959596,0.7244540327670668,0.728155439934966
43.63636363636363,39.5959595959596,0.7012785533702219,0.704861551527088
44.44444444444444,39.5959595959596,0.6774274431557483,0.6808885803437783
45.25252525252525,39.5959595959596,0.6530215613012195,0.6563580030607621
46.06060606060606,39.5959595959596,0.6281809490513864,0.6313904742419297
46.868686868686865,39.5959595959596,0.6030238755355323,0.6061048672815459
47.676767676767675,39.5959595959596,0.5776659370272315,0.5806173690619142
48.484848484848484,39.5959595959596,0.5522192186677148,0.5550406373937883
49.292929292929294,39.5959595959596,0.5267915264288451,0.529483029055264
50.1010101010101,39.5959595959596,0.5014856957693137,0.5040479049157376
50.90909090909091,39.5959595959596,0.4763989820655247,0.47883301725235655
51.717171717171716,39.5959595959596,0.45162253650402445,0.4539299829646591
52.525252525252526,39.5959595959596,0.4272409697318336,0.4294238449954932
53.333333333333336,39.5959595959596,0.40333200419989945,0.40539272289820877
54.14141414141414,39.5959595959596,0.3799662148265389,0.3819075521750891
54.94949494949495,39.5959595959596,0.0,0.0
55.75757575757576,39.5959595959596,0.0,0.0
56.56565656565657,39.5959595959596,0.0,0.0
57.37373737373737,39.5959595959596,0.0,0.0
58.18181818181818,39.5959595959596,0.0,0.0
58.98989898989899,39.5959595959596,0.0,0.0
59.7979797979798,39.5959595959596,0.0,0.0
60.6060606060606,39.5959595959596,0.0,0.0
61.41414141414141,39.5959595959596,0.0,0.0
62.22222222222222,39.5959595959596,0.0,0.0
63.03030303030303,39.5959595959596,0.0,0.0
63.838383838383834,39.5959595959596,0.0,0.0
64.64646464646465,39.5959595959596,0.0,0.0
65.45454545454545,39.5959595959596,0.0,0.0
66.26262626262626,39.5959595959596,0.0,0.0
67.07070707070707,39.5959595959596,0.0,0.0
67.87878787878788,39.5959595959596,0.0,0.0
68.68686868686869,39.5959595959596,0.0,0.0
69.4949494949495,39.5959595959596,0.0,0.0
70.3030303030303,39.5959595959596,0.0,0.0
71.11111111111111,39.5959595959596,0.0,0.0
71.91919191919192,39.5959595959596,0.0,0.0
72.72727272727272,39.5959595959596,0.0,0.0
73.53535353535354,39.5959595959596,0.0,0.0
74.34343434343434,39.5959595959596,0.0,0.0
75.15151515151516,39.5959595959596,0.0,0.0
75.95959595959596,39.5959595959596,0.0,0.0
76.76767676767676,39.5959595959596,0.0,0.0
77.57575757575758,39.5959595959596,0.0,0.0
78.38383838383838,39.5959595959596,0.0,0.0
79.1919191919192,39.5959595959596,0.0,0.0
80.0,39.5959595959596,0.0,0.0
0.0,40.4040404040404,0.0,0.0
0.8080808080808081,40.4040404040404,0.0,0.0
1.6161616161616161,40.4040404040404,0.0,0.0
2.4242424242424243,40.4040404040404,0.0,0.0
3.2323232323232323,40.4040404040404,0.0,0.0
4.040404040404041,40.4040404040404,0.0,0.0
4.848484848484849,40.4040404040404,0.0,0.0
5.656565656565657,40.4040404040404,0.0,0.0
6.4646464646464645,40.4040404040404,0.0,0.0
7.2727272727272725,40.4040404040404,0.3896134329936357,0.389630557063111
8.080808080808081,40.4040404040404,0.4134694166738098,0.4134875892480012
8.88888888888889,40.4040404040404,0.43787017680872137,0.4378894218313358
9.696969696969697,40.4040404040404,0.46274298899242233,0.4627633272108247
10.505050505050505,40.4040404040404,0.48800787939762197,0.4880293280442128
11.313131313131313,40.4040404040404,0.5135778994428176,0.5136004719284823
12.121212121212121,40.4040404040404,0.5393594904826371,0.5393831961062246
12.929292929292929,40.4040404040404,0.5652529387459452,0.5652777824237409
13.737373737373737,40.4040404040404,0.5911529194067754,0.5911789014258877
14.545454545454545,40.4040404040404,0.6169491272826378,0.6169762430821039
15.353535353535353,40.4040404040404,0.6425269902373351,0.6425552302205821
16.161616161616163,40.4040404040404,0.6677684599469945,0.6677978093290569
16.96969696969697,40.4040404040404,0.6925528732957318,2.4239350565350612
17.77777777777778,40.4040404040404,0.7167578763290825,2.5086525671517887
18.585858585858585,40.4040404040404,0.7402604014369273,2.5909114050292454
19.393939393939394,40.4040404040404,0.7629376872904745,2.670281905516661
20.2020202020202,40.4040404040404,0.7846683300459717,2.746339155160901
21.01010101010101,40.4040404040404,0.8053333534754152,2.8186667371639533
21.818181818181817,40.4040404040404,0.8248172850132196,2.8868604975462686
22.626262626262626,40.4040404040404,0.8430092242361309,2.9505322848264584
23.434343434343432,40.4040404040404,0.8598038900364693,3.0093136151276427
24.242424242424242,40.4040404040404,0.8751026327168416,3.0628592145089457
25.05050505050505,40.4040404040404,0.88881439743403,3.110850391019105
25.858585858585858,40.4040404040404,0.9008566258524408,3.1529981904835425
26.666666666666668,40.4040404040404,0.9111560835299375,3.189046292354781
27.474747474747474,40.4040404040404,0.91964960144291,3.2187736050501847
28.282828282828284,40.4040404040404,0.9262847211500134,3.241996524025047
29.09090909090909,40.4040404040404,0.9310202343775829,3.25857082032154
29.8989898989899,40.4040404040404,0.9338266092624471,3.2683931324185647
30.707070707070706,40.4040404040404,0.9346862970841161,3.271402039794406
31.515151515151516,40.4040404040404,0.9335939150292486,3.26757870260237
32.323232323232325,40.4040404040404,0.9305563023254418,3.2569470581390463
33.13131313131313,40.4040404040404,0.9255924489253797,3.239573571238829
33.93939393939394,40.4040404040404,0.9187332977817156,3.215566542236005
34.74747474747475,40.4040404040404,0.9100214235929126,3.1850749825751943
35.55555555555556,40.4040404040404,0.8995105926861947,3.1482870744016815
36.36363636363636,40.4040404040404,0.8872652104026285,3.1054282364091996
37.17171717171717,40.4040404040404,0.8733596639299414,3.056758823754795
37.97979797979798,40.4040404040404,0.8578775699625074,3.002571494868776
38.78787878787879,40.4040404040404,0.8409109378297853,2.9431882824042486
39.5959595959596,40.4040404040404,0.8225592598030478,2.8789574093106673
40.4040404040404,40.4040404040404,0.802928541148422,2.8102498940194773
41.21212121212121,40.4040404040404,0.7821302831296433,2.7374559909537517
42.02020202020202,40.4040404040404,0.76028043256887,0.7641648852952568
42.82828282828283,40.4040404040404,0.7374983117456902,0.7412663652231244
43.63636363636363,40.4040404040404,0.7139055423552192,0.7175530547882493
44.44444444444444,40.4040404040404,0.6896249769627557,0.6931484342387718
45.25252525252525,40.4040404040404,0.6647796508961299,0.6681761675191407
46.06060606060606,40.4040404040404,0.6394917668229224,0.6427590816592965
46.868686868686865,40.4040404040404,0.6138817233871233,0.6170181904484062
47.676767676767675,40.4040404040404,0.5880671982504593,0.5910717727912301
48.484848484848484,40.4040404040404,0.5621622947220312,0.5650345149776893
49.292929292929294,40.4040404040404,0.5362767598922663,0.5390167248220789
50.1010101010101,40.4040404040404,0.5105152808410104,0.5131236242753199
50.90909090909091,40.4040404040404,0.4849768640927105,0.4874547257096328
51.717171717171716,40.4040404040404,0.4597543020719389,0.46210329564805547
52.525252525252526,40.4040404040404,0.43493372889695736,0.43715590828845224
53.333333333333336,40.4040404040404,0.4105942664633804,0.4126920897789344
54.14141414141414,40.4040404040404,0.38680776043809123,0.38878405286290674
54.94949494949495,40.4040404040404,0.0,0.0
55.75757575757576,40.4040404040404,0.0,0.0
56.56565656565657,40.4040404040404,0.0,0.0
57.37373737373737,40.4040404040404,0.0,0.0
58.18181818181818,40.4040404040404,0.0,0.0
58.98989898989899,40.4040404040404,0.0,0.0
59.7979797979798,40.4040404040404,0.0,0.0
60.6060606060606,40.4040404040404,0.0,0.0
61.41414141414141,40.4040404040404,0.0,0.0
62.22222222222222,40.4040404040404,0.0,0.0
63.03030303030303,40.4040404040404,0.0,0.0
63.838383838383834,40.4040404040404,0.0,0.0
64.64646464646465,40.4040404040404,0.0,0.0
65.45454545454545,40.4040404040404,0.0,0.0
66.26262626262626,40.4040404040404,0.0,0.0
67.07070707070707,40.4040404040404,0.0,0.0
67.87878787878788,40.4040404040404,0.0,0.0
68.68686868686869,40.4040404040404,0.0,0.0
69.4949494949495,40.4040404040404,0.0,0.0
70.3030303030303,40.4040404040404,0.0,0.0
71.11111111111111,40.4040404040404,0.0,0.0
71.91919191919192,40.4040404040404,0.0,0.0
72.72727272727272,40.4040404040404,0.0,0.0
73.53535353535354,40.4040404040404,0.0,0.0
74.34343434343434,40.4040404040404,0.0,0.0
75.15151515151516,40.4040404040404,0.0,0.0
75.95959595959596,40.4040404040404,0.0,0.0
76.76767676767676,40.4040404040404,0.0,0.0
77.57575757575758,40.4040404040404,0.0,0.0
78.38383838383838,40.4040404040404,0.0,0.0
79.1919191919192,40.4040404040404,0.0,0.0
80.0,40.4040404040404,0.0,0.0
0.0,41.21212121212121,0.0,0.0
0.8080808080808081,41.21212121212121,0.0,0.0
1.6161616161616161,41.21212121212121,0.0,0.0
2.4242424242424243,41.21212121212121,0.0,0.0
3.2323232323232323,41.21212121212121,0.0,0.0
4.040404040404041,41.21212121212121,0.0,0.0
4.848484848484849,41.21212121212121,0.0,0.0
5.656565656565657,41.21212121212121,0.0,0.0
6.4646464646464645,41.21212121212121,0.37218568067294366,0.37220203876769564
7.2727272727272725,41.21212121212121,0.39580076009019627,0.3958181561015763
8.080808080808081,41.21212121212121,0.42003559306492716,0.4200540542319934
8.88888888888889,41.21212121212121,0.444823853916124,0.4448434045628258
9.696969696969697,41.21212121212121,0.47009166332466223,0.47011232452784685
10.505050505050505,41.21212121212121,0.4957577774243188,0.49577956669004897
11.313131313131313,41.21212121212121,0.5217338668308033,0.5217567977829385
12.121212121212121,41.21212121212121,0.5479248871236323,0.5479489692086935
12.929292929292929,41.21212121212121,0.5742295410089643,0.574254779221311
13.737373737373737,41.21212121212121,0.600540831030747,0.6005672256620468
14.545454545454545,41.21212121212121,0.6267467002849464,0.6267742467018054
15.353535353535353,41.21212121212121,0.6527307571516855,0.6527594456051309
16.161616161616163,41.21212121212121,0.6783730786191798,0.6784028940894504
16.96969696969697,41.21212121212121,0.7035510853589528,2.462428798756335
17.77777777777778,41.21212121212121,0.7281404803522773,2.5484916812329708
18.585858585858585,41.21212121212121,0.7520162415914331,2.6320568455700157
19.393939393939394,41.21212121212121,0.775053658213984,2.7126878037489437
20.2020202020202,41.21212121212121,0.7971293984003209,2.7899528944011234
21.01010101010101,41.21212121212121,0.8181225964987784,2.8634290877457245
21.818181818181817,41.21212121212121,0.837915946160658,2.932705811562303
22.626262626262626,41.21212121212121,0.856396785788332,2.997388750259162
23.434343434343432,41.21212121212121,0.873458162338312,3.057103568184092
24.242424242424242,41.21212121212121,0.8889998594887144,3.1114995082105006
25.05050505050505,41.21212121212121,0.9029293763832967,3.1602528173415387
25.858585858585858,41.21212121212121,0.9151628436037778,3.2030699526132222
26.666666666666668,41.21212121212121,0.925625863695122,3.239690522932927
27.474747474747474,41.21212121212121,0.9342542644665326,3.269889925632864
28.282828282828284,41.21212121212121,0.9409947544008308,3.293481640402908
29.09090909090909,41.21212121212121,0.9458054708088551,3.310319147830993
29.8989898989899,41.21212121212121,0.9486564128413015,3.3202974449445555
30.707070707070706,41.21212121212121,0.9495297530920276,3.3233541358220964
31.515151515151516,41.21212121212121,0.9484200232649441,3.3194700814273044
32.323232323232325,41.21212121212121,0.945334171199248,3.3086695991973682
33.13131313131313,41.21212121212121,0.9402914884210262,3.2910202094735914
33.93939393939394,41.21212121212121,0.9333234092781283,3.266631932473449
34.74747474747475,41.21212121212121,0.9244731845842721,3.235656146044952
35.55555555555556,41.21212121212121,0.9137954345126351,3.198284020794223
36.36363636363636,41.21212121212121,0.9013555872050355,3.1547445552176243
37.17171717171717,41.21212121212121,0.887229211168486,3.105302239089701
37.97979797979798,41.21212121212121,0.8715012509875074,3.050254378456276
38.78787878787879,41.21212121212121,0.8542651771624763,2.989928120068667
39.5959595959596,41.21212121212121,0.8356220619698029,2.9246772168943105
40.4040404040404,41.21212121212121,0.8156795941115539,2.8548785793904385
41.21212121212121,41.21212121212121,0.7945510455675947,2.7809286594865816
42.02020202020202,41.21212121212121,0.7723542044747144,0.7763003449602337
42.82828282828283,41.21212121212121,0.7492102880316986,0.7530381807687884
43.63636363636363,41.21212121212121,0.7252428493691471,0.7289482867878186
44.44444444444444,41.21212121212121,0.7005766920349009,0.7041561042160391
45.25252525252525,41.21212121212121,0.6753368052417268,0.6787872608656955
46.06060606060606,41.21212121212121,0.6496473323189292,0.6529665343437526
46.868686868686865,41.21212121212121,0.6236305839230958,0.6268168602208997
47.676767676767675,41.21212121212121,0.5974061065174978,0.6004583957515914
48.484848484848484,41.21212121212121,0.5710898154496215,0.5740076485222674
49.292929292929294,41.21212121212121,0.5447932006685557,0.5475766781105617
50.1010101010101,41.21212121212121,0.5186226117563884,0.5212723774637551
50.90909090909091,41.21212121212121,0.4926786275287131,0.4951958392784224
51.717171717171716,41.21212121212121,0.46705551401710427,0.4694418112136106
52.525252525252526,41.21212121212121,0.4418407732083793,0.44409824232450396
53.333333333333336,41.21212121212121,0.4171147835078294,0.4192459216886959
54.14141414141414,41.21212121212121,0.39295053154053833,0.39495820883721733
54.94949494949495,41.21212121212121,0.3694134336284029,0.3713008543194409
55.75757575757576,41.21212121212121,0.0,0.0
56.56565656565657,41.21212121212121,0.0,0.0
57.37373737373737,41.21212121212121,0.0,0.0
58.18181818181818,41.21212121212121,0.0,0.0
58.98989898989899,41.21212121212121,0.0,0.0
59.7979797979798,41.21212121212121,0.0,0.0
60.6060606060606,41.21212121212121,0.0,0.0
61.41414141414141,41.21212121212121,0.0,0.0
62.22222222222222,41.21212121212121,0.0,0.0
63.03030303030303,41.21212121212121,0.0,0.0
63.838383838383834,41.21212121212121,0.0,0.0
64.64646464646465,41.21212121212121,0.0,0.0
65.45454545454545,41.21212121212121,0.0,0.0
66.26262626262626,41.21212121212121,0.0,0.0
67.07070707070707,41.21212121212121,0.0,0.0
67.87878787878788,41.21212121212121,0.0,0.0
68.68686868686869,41.21212121212121,0.0,0.0
69.4949494949495,41.21212121212121,0.0,0.0
70.3030303030303,41.21212121212121,0.0,0.0
71.11111111111111,41.21212121212121,0.0,0.0
71.91919191919192,41.21212121212121,0.0,0.0
72.72727272727272,41.21212121212121,0.0,0.0
73.53535353535354,41.21212121212121,0.0,0.0
74.34343434343434,41.21212121212121,0.0,0.0
75.15151515151516,41.21212121212121,0.0,0.0
75.95959595959596,41.21212121212121,0.0,0.0
76.76767676767676,41.21212121212121,0.0,0.0
77.57575757575758,41.21212121212121,0.0,0.0
78.38383838383838,41.21212121212121,0.0,0.0
79.1919191919192,41.21212121212121,0.0,0.0
80.0,41.21212121212121,0.0,0.0
0.0,42.02020202020202,0.0,0.0
0.8080808080808081,42.02020202020202,0.0,0.0
1.6161616161616161,42.02020202020202,0.0,0.0
2.4242424242424243,42.02020202020202,0.0,0.0
3.2323232323232323,42.02020202020202,0.0,0.0
4.040404040404041,42.02020202020202,0.0,0.0
4.848484848484849,42.02020202020202,0.0,0.0
5.656565656565657,42.02020202020202,0.0,0.0
6.4646464646464645,42.02020202020202,0.3773070046837465,0.3773235878680379
7.2727272727272725,42.02020202020202,0.40124703070565604,0.401264666088445
8.080808080808081,42.02020202020202,0.4258153381756627,0.4258340533708205
8.88888888888889,42.02020202020202,0.4509446887626435,0.4509645084288202
9.696969696969697,42.02020202020202,0.4765601865583072,0.47658113206237024
10.505050505050505,42.02020202020202,0.5025794697701255,0.5026015588590234
11.313131313131313,42.02020202020202,0.5289129935898406,0.5289362400748989
12.121212121212121,42.02020202020202,0.5554644057732189,0.555488819230944
12.929292929292929,42.02020202020202,0.5821310151623069,0.5821566006557812
13.737373737373737,42.02020202020202,0.6088043520019579,0.6088311098268626
14.545454545454545,42.02020202020202,0.6353708174703719,0.6353987429295568
15.353535353535353,42.02020202020202,0.6617124183836446,0.6617415015939898
16.161616161616163,42.02020202020202,0.6877075815735469,0.6877378073086174
16.96969696969697,42.02020202020202,0.7132320410038893,0.7132633885755792
17.77777777777778,42.02020202020202,0.7381597893125879,2.5835592625940573
18.585858585858585,42.02020202020202,0.7623640841726212,2.668274294604174
19.393939393939394,42.02020202020202,0.7857184986836525,2.7500147453927837
20.2020202020202,42.02020202020202,0.8080980039639826,2.828343013873939
21.01010101010101,42.02020202020202,0.8293800712346521,2.902830249321282
21.818181818181817,42.02020202020202,0.8494457799961465,2.9730602299865128
22.626262626262626,42.02020202020202,0.8681809184124087,3.0386332144434305
23.434343434343432,42.02020202020202,0.8854770617519782,3.0991697161319234
24.242424242424242,42.02020202020202,0.9012326147031762,3.154314151461117
25.05050505050505,42.02020202020202,0.9153538035857891,3.2037383125502616
25.858585858585858,42.02020202020202,0.9277556049272884,3.2471446172455094
26.666666666666668,42.02020202020202,0.9383625975538533,3.2842690914384867
27.474747474747474,42.02020202020202,0.9471097262568854,3.314884041899099
28.282828282828284,42.02020202020202,0.9539429662209071,3.338800381773175
29.09090909090909,42.02020202020202,0.9588198787206377,3.355869575522232
29.8989898989899,42.02020202020202,0.9617100500911333,3.3659851753189667
30.707070707070706,42.02020202020202,0.9625954076187937,3.3690839266657777
31.515151515151516,42.02020202020202,0.9614704077630549,3.3651464271706923
32.323232323232325,42.02020202020202,0.9583420939662969,3.354197328882039
33.13131313131313,42.02020202020202,0.9532300232085475,3.3363050812299164
33.93939393939394,42.02020202020202,0.9461660623784253,3.3115812183244886
34.74747474747475,42.02020202020202,0.9371940574265437,3.280179200992903
35.55555555555556,42.02020202020202,0.9263693801068613,3.242292830374015
36.36363636363636,42.02020202020202,0.9137583588610491,3.1981542560136718
37.17171717171717,42.02020202020202,0.8994376020287344,3.1480316071005703
37.97979797979798,42.02020202020202,0.8834932230431147,3.0922262806509018
38.78787878787879,42.02020202020202,0.8660199785709686,3.03106992499839
39.5959595959596,42.02020202020202,0.8471203316565489,2.964921160797921
40.4040404040404,42.02020202020202,0.826903452812653,2.8941620848442855
41.21212121212121,42.02020202020202,0.8054841726565156,2.8191946042978047
42.02020202020202,42.02020202020202,0.7829819001052102,2.7404366503682356
42.82828282828283,42.02020202020202,0.7595195203221504,0.7634000853677227
43.63636363636363,42.02020202020202,0.7352222865452944,0.7389787112711307
44.44444444444444,42.02020202020202,0.7102167196357478,0.7138453850001754
45.25252525252525,42.02020202020202,0.6846295286743153,0.6881274630223533
46.06060606060606,42.02020202020202,0.6585865652188714,0.661951439900944
46.868686868686865,42.02020202020202,0.632211822936756,0.6354419428162891
47.676767676767675,42.02020202020202,0.6056264932663283,0.6087207824024984
48.484848484848484,42.02020202020202,0.5789480865655305,0.5819060694057534
49.292929292929294,42.02020202020202,0.5522896268998427,0.5551114053582432
50.1010101010101,42.02020202020202,0.5257589272356162,0.5284451540682891
50.90909090909091,42.02020202020202,0.49945795036620133,0.5020097992812921
51.717171717171716,42.02020202020202,0.4734822594361887,0.47590139239657314
52.525252525252526,42.02020202020202,0.44792056047126494,0.4502090926599054
53.333333333333336,42.02020202020202,0.4228543378941698,0.42501480081723564
54.14141414141414,42.02020202020202,0.39835758263556614,0.400392885836409
54.94949494949495,42.02020202020202,0.3744966111545603,0.37641000300302163
55.75757575757576,42.02020202020202,0.0,0.0
56.56565656565657,42.02020202020202,0.0,0.0
57.37373737373737,42.02020202020202,0.0,0.0
58.18181818181818,42.02020202020202,0.0,0.0
58.98989898989899,42.02020202020202,0.0,0.0
59.7979797979798,42.02020202020202,0.0,0.0
60.6060606060606,42.02020202020202,0.0,0.0
61.41414141414141,42.02020202020202,0.0,0.0
62.22222222222222,42.02020202020202,0.0,0.0
63.03030303030303,42.02020202020202,0.0,0.0
63.838383838383834,42.02020202020202,0.0,0.0
64.64646464646465,42.02020202020202,0.0,0.0
65.45454545454545,42.02020202020202,0.0,0.0
66.26262626262626,42.02020202020202,0.0,0.0
67.07070707070707,42.02020202020202,0.0,0.0
67.87878787878788,42.02020202020202,0.0,0.0
68.68686868686869,42.02020202020202,0.0,0.0
69.4949494949495,42.02020202020202,0.0,0.0
70.3030303030303,42.02020202020202,0.0,0.0
71.11111111111111,42.02020202020202,0.0,0.0
71.91919191919192,42.02020202020202,0.0,0.0
72.72727272727272,42.02020202020202,0.0,0.0
73.53535353535354,42.02020202020202,0.0,0.0
74.34343434343434,42.02020202020202,0.0,0.0
75.15151515151516,42.02020202020202,0.0,0.0
75.95959595959596,42.02020202020202,0.0,0.0
76.76767676767676,42.02020202020202,0.0,0.0
77.57575757575758,42.02020202020202,0.0,0.0
78.38383838383838,42.02020202020202,0.0,0.0
79.1919191919192,42.02020202020202,0.0,0.0
80.0,42.02020202020202,0.0,0.0
0.0,42.82828282828283,0.0,0.0
0.8080808080808081,42.82828282828283,0.0,0.0
1.6161616161616161,42.82828282828283,0.0,0.0
2.4242424242424243,42.82828282828283,0.0,0.0
3.2323232323232323,42.82828282828283,0.0,0.0
4.040404040404041,42.82828282828283,0.0,0.0
4.848484848484849,42.82828282828283,0.0,0.0
5.656565656565657,42.82828282828283,0.0,0.0
6.4646464646464645,42.82828282828283,0.38170037039834054,0.38171714667735956
7.2727272727272725,42.82828282828283,0.40591915427055647,0.4059369949998806
8.080808080808081,42.82828282828283,0.4307735353049667,0.43079246842000335
8.88888888888889,42.82828282828283,0.4561954922467947,0.45621554269331943
9.696969696969697,42.82828282828283,0.4821092570992071,0.48213044649288334
10.505050505050505,42.82828282828283,0.5084315090483191,0.508453855342741
11.313131313131313,42.82828282828283,0.535071660625425,0.5350951777927373
12.121212121212121,42.82828282828283,0.5619322376600053,0.5619569353882232
12.929292929292929,42.82828282828283,0.5889093532574599,0.5889352366686204
13.737373737373737,42.82828282828283,0.6158932746399645,0.6159203440331917
14.545454545454545,42.82828282828283,0.6427690802401491,0.6427973308635992
15.353535353535353,42.82828282828283,0.6694174029605531,0.6694468248160271
16.161616161616163,42.82828282828283,0.6957152540340251,0.6957458317177913
16.96969696969697,42.82828282828283,0.7215369204696782,0.7215686330527382
17.77777777777778,42.82828282828283,0.7467549276747184,0.746787748625383
18.585858585858585,42.82828282828283,0.771241057533477,2.6993437013671695
19.393939393939394,42.82828282828283,0.7948674110298,2.7820359386042997
20.2020202020202,42.82828282828283,0.8175075034447118,2.8612762620564913
21.01010101010101,42.82828282828283,0.8390373792731922,2.936630827456173
21.818181818181817,42.82828282828283,0.8593367333045,3.00767856656575
22.626262626262626,42.82828282828283,0.8782900238190652,3.074015083366728
23.434343434343432,42.82828282828283,0.8957875635870058,3.1352564725545204
24.242424242424242,42.82828282828283,0.9117265743200393,3.1910430101201377
25.05050505050505,42.82828282828283,0.926012190436486,3.241042666527701
25.858585858585858,42.82828282828283,0.9385583984498375,3.2849543945744313
26.666666666666668,42.82828282828283,0.9492888989815355,3.322511146435374
27.474747474747474,42.82828282828283,0.9581378793196234,3.353482577618682
28.282828282828284,42.82828282828283,0.9650506855832495,3.377677399541373
29.09090909090909,42.82828282828283,0.969984384890284,3.394945347115994
29.8989898989899,42.82828282828283,0.9729082094388304,3.4051787330359065
30.707070707070706,42.82828282828283,0.9738038760764699,3.4083135662676445
31.515151515151516,42.82828282828283,0.9726657767136089,3.404330218497631
32.323232323232325,42.82828282828283,0.9695010368065254,3.393253628822839
33.13131313131313,42.82828282828283,0.9643294410568759,3.3751530436990658
33.93939393939394,42.82828282828283,0.9571832274115791,3.350141295940527
34.74747474747475,42.82828282828283,0.9481067523638408,3.318373633273443
35.55555555555556,42.82828282828283,0.9371560324167555,3.2800461134586443
36.36363636363636,42.82828282828283,0.9243981683408882,3.2353935891931087
37.17171717171717,42.82828282828283,0.9099106605039722,3.1846873117639025
37.97979797979798,42.82828282828283,0.8937806250446948,3.128232187656432
38.78787878787879,42.82828282828283,0.8761039219772042,3.0663637269202146
39.5959595959596,42.82828282828283,0.8569842074262417,2.9994447259918458
40.4040404040404,42.82828282828283,0.8365319230869103,2.927861730804186
41.21212121212121,42.82828282828283,0.8148632366650501,2.8520213283276754
42.02020202020202,42.82828282828283,0.792098947476099,2.7723463161663466
42.82828282828283,42.82828282828283,0.7683633715592754,0.7722891219346
43.63636363636363,42.82828282828283,0.7437832206022196,0.7475833851669539
44.44444444444444,42.82828282828283,0.7184864886759345,0.7221574062482561
45.25252525252525,42.82828282828283,0.6926013602627522,0.6961400245857067
46.06060606060606,42.82828282828283,0.6662551523370724,0.66965920764627
46.868686868686865,42.82828282828283,0.6395733023494679,0.6428410337701507
47.676767676767675,42.82828282828283,0.6126784128923536,0.615808731955435
48.484848484848484,42.82828282828283,0.5856893626151993,0.588681788230757
49.292929292929294,42.82828282828283,0.558720491636588,0.5615751269054358
50.1010101010101,42.82828282828283,0.5318808682978945,0.534598373576824
50.90909090909091,42.82828282828283,0.505273642648033,0.5078552053118567
51.717171717171716,42.82828282828283,0.478995490569597,0.4814427919330995
52.525252525252526,42.82828282828283,0.4531361509819305,0.45545133085728096
53.333333333333336,42.82828282828283,0.4277780571130292,0.4299636764832747
54.14141414141414,42.82828282828283,0.40299606144453126,0.40505506373176897
54.94949494949495,42.82828282828283,0.3788572526249119,0.38079292402302717
55.75757575757576,42.82828282828283,0.0,0.0
56.56565656565657,42.82828282828283,0.0,0.0
57.37373737373737,42.82828282828283,0.0,0.0
58.18181818181818,42.82828282828283,0.0,0.0
58.98989898989899,42.82828282828283,0.0,0.0
59.7979797979798,42.82828282828283,0.0,0.0
60.6060606060606,42.82828282828283,0.0,0.0
61.41414141414141,42.82828282828283,0.0,0.0
62.22222222222222,42.82828282828283,0.0,0.0
63.03030303030303,42.82828282828283,0.0,0.0
63.838383838383834,42.82828282828283,0.0,0.0
64.64646464646465,42.82828282828283,0.0,0.0
65.45454545454545,42.82828282828283,0.0,0.0
66.26262626262626,42.82828282828283,0.0,0.0
67.07070707070707,42.82828282828283,0.0,0.0
67.87878787878788,42.82828282828283,0.0,0.0
68.68686868686869,42.82828282828283,0.0,0.0
69.4949494949495,42.82828282828283,0.0,0.0
70.3030303030303,42.82828282828283,0.0,0.0
71.11111111111111,42.82828282828283,0.0,0.0
71.91919191919192,42.82828282828283,0.0,0.0
72.72727272727272,42.82828282828283,0.0,0.0
73.53535353535354,42.82828282828283,0.0,0.0
74.34343434343434,42.82828282828283,0.0,0.0
75.15151515151516,42.82828282828283,0.0,0.0
75.95959595959596,42.82828282828283,0.0,0.0
76.76767676767676,42.82828282828283,0.0,0.0
77.57575757575758,42.82828282828283,0.0,0.0
78.38383838383838,42.82828282828283,0.0,0.0
79.1919191919192,42.82828282828283,0.0,0.0
80.0,42.82828282828283,0.0,0.0
0.0,43.63636363636363,0.0,0.0
0.8080808080808081,43.63636363636363,0.0,0.0
1.6161616161616161,43.63636363636363,0.0,0.0
2.4242424242424243,43.63636363636363,0.0,0.0
3.2323232323232323,43.63636363636363,0.0,0.0
4.040404040404041,43.63636363636363,0.0,0.0
4.848484848484849,43.63636363636363,0.0,0.0
5.656565656565657,43.63636363636363,0.0,0.0
6.4646464646464645,43.63636363636363,0.3853388532484362,0.3853557894439977
7.2727272727272725,43.63636363636363,0.40978849786013033,0.4098065086526577
8.080808080808081,43.63636363636363,0.43487979833752943,0.4348989119287188
8.88888888888889,43.63636363636363,0.4605440850267774,0.46056432660019503
9.696969696969697,43.63636363636363,0.4867048676876833,0.4867262590650396
10.505050505050505,43.63636363636363,0.5132780312672786,0.5133005905733067
11.313131313131313,43.63636363636363,0.5401721247898327,0.5401958661298641
12.121212121212121,43.63636363636363,0.5672887449316858,0.5673136780860848
12.929292929292929,43.63636363636363,0.594523014517081,0.5945491446567095
13.737373737373737,43.63636363636363,0.6217641547623185,0.6217914821891518
14.545454545454545,43.63636363636363,0.6488961486330481,0.6489246685499465
15.353535353535353,43.63636363636363,0.6757984911886986,0.6758281935021572
16.161616161616163,43.63636363636363,0.7023470212961609,0.7023778904556147
16.96969696969697,43.63636363636363,0.7284148276304705,0.7284468425074201
17.77777777777778,43.63636363636363,0.7538732204726359,0.7539063542824838
18.585858585858585,43.63636363636363,0.7785927594933068,0.778626979762367
19.393939393939394,43.63636363636363,0.8024443265044005,2.8085551427654014
20.2020202020202,43.63636363636363,0.825300231096519,2.8885508088378162
21.01010101010101,43.63636363636363,0.8470353361834485,2.96462367664207
21.818181818181817,43.63636363636363,0.8675281897689585,3.0363486641913546
22.626262626262626,43.63636363636363,0.8866621487550219,3.1033175206425767
23.434343434343432,43.63636363636363,0.9043264803400574,3.1651426811902006
24.242424242424242,43.63636363636363,0.9204174265221949,3.2214609928276823
25.05050505050505,43.63636363636363,0.9348392174324687,3.2719372610136404
25.858585858585858,43.63636363636363,0.9475050196779208,3.3162675688727226
26.666666666666668,43.63636363636363,0.9583378065713447,3.3541823229997063
27.474747474747474,43.63636363636363,0.9672711380541993,3.3854489831896974
28.282828282828284,43.63636363636363,0.9742498392683858,3.4098744374393504
29.09090909090909,43.63636363636363,0.9792305680826158,3.427306988289155
29.8989898989899,43.63636363636363,0.9821822634070418,3.4376379219246465
30.707070707070706,43.63636363636363,0.9830864678087319,3.4408026373305614
31.515151515151516,43.63636363636363,0.9819375197400938,3.4367813190903282
32.323232323232325,43.63636363636363,0.9787426125794001,3.4255991440279003
33.13131313131313,43.63636363636363,0.9735217196220399,3.4073260186771397
33.93939393939394,43.63636363636363,0.9663073861167484,3.3820758514086195
34.74747474747475,43.63636363636363,0.9571443913761786,3.350005369816625
35.55555555555556,43.63636363636363,0.9460892858695977,3.311312500543592
36.36363636363636,43.63636363636363,0.9332098099923181,3.266234334973113
37.17171717171717,43.63636363636363,0.9185842028689114,3.21504471004119
37.97979797979798,43.63636363636363,0.9023004110553272,3.1580514386936454
38.78787878787879,43.63636363636363,0.8844552083322292,3.0955932291628026
39.5959595959596,43.63636363636363,0.865153238905748,3.028036336170118
40.4040404040404,43.63636363636363,0.8445059972344751,2.9557709903206626
41.21212121212121,43.63636363636363,0.8226307583697977,2.879207654294292
42.02020202020202,43.63636363636363,0.7996494731225976,2.7987731559290916
42.82828282828283,43.63636363636363,0.7756876425500072,2.714906748925025
43.63636363636363,43.63636363636363,0.750873186193623,0.7547095750711131
44.44444444444444,43.63636363636363,0.7253353182024678,0.7290412280663008
45.25252525252525,43.63636363636363,0.6992034449519526,0.7027758408886278
46.06060606060606,43.63636363636363,0.6726060970402085,0.6760426008294804
46.868686868686865,43.63636363636363,0.6456699076253524,0.648968788045761
47.676767676767675,43.63636363636363,0.6185186479846232,0.6216788061914665
48.484848484848484,43.63636363636363,0.5912723299545681,0.5942932802720302
49.292929292929294,43.63636363636363,0.564046383578205,0.5669282300898875
50.1010101010101,43.63636363636363,0.5369509168691765,0.5396943262265907
50.90909090909091,43.63636363636363,0.5100900631337183,0.5126962340300909
51.717171717171716,43.63636363636363,0.4835614197980436,0.486032049574958
52.525252525252526,43.63636363636363,0.45745558119989316,0.4597928300668523
53.333333333333336,43.63636363636363,0.43185576634561046,0.4340622196977229
54.14141414141414,43.63636363636363,0.4068375412332248,0.40891617055017326
54.94949494949495,43.63636363636363,0.3824686340204069,0.38442275682106625
55.75757575757576,43.63636363636363,0.0,0.0
56.56565656565657,43.63636363636363,0.0,0.0
57.37373737373737,43.63636363636363,0.0,0.0
58.18181818181818,43.63636363636363,0.0,0.0
58.98989898989899,43.63636363636363,0.0,0.0
59.7979797979798,43.63636363636363,0.0,0.0
60.6060606060606,43.63636363636363,0.0,0.0
61.41414141414141,43.63636363636363,0.0,0.0
62.22222222222222,43.63636363636363,0.0,0.0
63.03030303030303,43.63636363636363,0.0,0.0
63.838383838383834,43.63636363636363,0.0,0.0
64.64646464646465,43.63636363636363,0.0,0.0
65.45454545454545,43.63636363636363,0.0,0.0
66.26262626262626,43.63636363636363,0.0,0.0
67.07070707070707,43.63636363636363,0.0,0.0
67.87878787878788,43.63636363636363,0.0,0.0
68.68686868686869,43.63636363636363,0.0,0.0
69.4949494949495,43.63636363636363,0.0,0.0
70.3030303030303,43.63636363636363,0.0,0.0
71.11111111111111,43.63636363636363,0.0,0.0
71.91919191919192,43.63636363636363,0.0,0.0
72.72727272727272,43.63636363636363,0.0,0.0
73.53535353535354,43.63636363636363,0.0,0.0
74.34343434343434,43.63636363636363,0.0,0.0
75.15151515151516,43.63636363636363,0.0,0.0
75.95959595959596,43.63636363636363,0.0,0.0
76.76767676767676,43.63636363636363,0.0,0.0
77.57575757575758,43.63636363636363,0.0,0.0
78.38383838383838,43.63636363636363,0.0,0.0
79.1919191919192,43.63636363636363,0.0,0.0
80.0,43.63636363636363,0.0,0.0
0.0,44.44444444444444,0.0,0.0
0.8080808080808081,44.44444444444444,0.0,0.0
1.6161616161616161,44.44444444444444,0.0,0.0
2.4242424242424243,44.44444444444444,0.0,0.0
3.2323232323232323,44.44444444444444,0.0,0.0
4.040404040404041,44.44444444444444,0.0,0.0
4.848484848484849,44.44444444444444,0.0,0.0
5.656565656565657,44.44444444444444,0.0,0.0
6.4646464646464645,44.44444444444444,0.3881999951199739,0.38821705706682635
7.2727272727272725,44.44444444444444,0.4128311783991369,0.41284932292184023
8.080808080808081,44.44444444444444,0.4381087818402834,0.43812803734993133
8.88888888888889,44.44444444444444,0.4639636259172195,0.4639840177843663
9.696969696969697,44.44444444444444,0.49031865244954476,0.49034020265792716
10.505050505050505,44.44444444444444,0.5170891218298292,0.5171118486387565
11.313131313131313,44.44444444444444,0.5441829040586369,0.5442068216781727
12.121212121212121,44.44444444444444,0.5715008651674037,0.5715259834505315
12.929292929292929,44.44444444444444,0.5989373492671016,0.598963673423077
13.737373737373737,44.44444444444444,0.6263807550413066,0.626408285374347
14.545454545454545,44.44444444444444,0.6537142040289223,0.6537429357062692
15.353535353535353,44.44444444444444,0.6808162965399159,0.6808462193931202
16.161616161616163,44.44444444444444,0.7075619495444802,0.707593047907514
16.96969696969697,44.44444444444444,0.7338233094007703,0.7338555619882549
17.77777777777778,44.44444444444444,0.7594707308683358,0.7595041106967979
18.585858585858585,44.44444444444444,0.7843738125230829,0.7844082868777197
19.393939393939394,44.44444444444444,0.8084024774740857,0.8084380079230281
20.2020202020202,44.44444444444444,0.8314280872103627,2.9099983052362695
21.01010101010101,44.44444444444444,0.853324575502547,2.986636014258915
21.818181818181817,44.44444444444444,0.8739695885730572,3.0588935600057
22.626262626262626,44.44444444444444,0.8932456172485946,3.126359660370081
23.434343434343432,44.44444444444444,0.9110411065362718,3.188643872876951
24.242424242424242,44.44444444444444,0.9272515280308163,3.245380348107857
25.05050505050505,44.44444444444444,0.9417804007717647,3.2962314027011765
25.858585858585858,44.44444444444444,0.9545402466280171,3.3408908631980596
26.666666666666668,44.44444444444444,0.965453466989037,3.3790871344616296
27.474747474747474,44.44444444444444,0.9744531284786958,3.4105859496754354
28.282828282828284,44.44444444444444,0.9814836465654466,3.4351927629790633
29.09090909090909,44.44444444444444,0.9865013573025765,3.4527547505590177
29.8989898989899,44.44444444444444,0.9894749689715745,3.4631623914005107
30.707070707070706,44.44444444444444,0.9903858870930264,3.4663506048255925
31.515151515151516,44.44444444444444,0.9892284080823365,3.4622994282881776
32.323232323232325,44.44444444444444,0.9860097787286273,3.4510342255501953
33.13131313131313,44.44444444444444,0.9807501206290522,3.4326254222016828
33.93939393939394,44.44444444444444,0.973482220680893,3.4071877723831254
34.74747474747475,44.44444444444444,0.9642511906833021,3.3748791673915575
35.55555555555556,44.44444444444444,0.9531140009929114,3.33589900347519
36.36363636363636,44.44444444444444,0.9401388949776239,3.290486132421684
37.17171717171717,44.44444444444444,0.9254046926876912,3.238916424406919
37.97979797979798,44.44444444444444,0.9089999936824432,3.181499977888551
38.78787878787879,44.44444444444444,0.8910222902880874,3.118578016008306
39.5959595959596,44.44444444444444,0.8715770036942256,3.0505195129297897
40.4040404040404,44.44444444444444,0.8507764562060608,2.9777175967212126
41.21212121212121,44.44444444444444,0.8287387936425065,2.9005857777487725
42.02020202020202,44.44444444444444,0.8055868722994955,2.8195540530482344
42.82828282828283,44.44444444444444,0.7814471250797983,2.735064937779294
43.63636363636363,44.44444444444444,0.7564484213279019,2.6475694746476566
44.44444444444444,44.44444444444444,0.7307209346081827,0.7344543608612772
45.25252525252525,44.44444444444444,0.7043950321386868,0.7079939531234073
46.06060606060606,44.44444444444444,0.6776001988575316,0.6810622186953419
46.868686868686865,44.44444444444444,0.6504640081743249,0.6537873827894415
47.676767676767675,44.44444444444444,0.6231111503683232,0.6262947727571199
48.484848484848484,44.44444444444444,0.5956625283642363,0.5987059092447528
49.292929292929294,44.44444444444444,0.5682344292734169,0.571137673502076
50.1010101010101,44.44444444444444,0.5409377786617621,0.5437015578399641
50.90909090909091,44.44444444444444,0.5138774830255459,0.5165030047468175
51.717171717171716,44.44444444444444,0.4871518644520957,0.4896408386607854
52.525252525252526,44.44444444444444,0.4608521899423181,0.4632067928874894
53.333333333333336,44.44444444444444,0.43506229640387006,0.43728513267719615
54.14141414141414,44.44444444444444,0.4098583109124903,0.4119523740568974
54.94949494949495,44.44444444444444,0.3853084645075758,0.387277096674524
55.75757575757576,44.44444444444444,0.0,0.0
56.56565656565657,44.44444444444444,0.0,0.0
57.37373737373737,44.44444444444444,0.0,0.0
58.18181818181818,44.44444444444444,0.0,0.0
58.98989898989899,44.44444444444444,0.0,0.0
59.7979797979798,44.44444444444444,0.0,0.0
60.6060606060606,44.44444444444444,0.0,0.0
61.41414141414141,44.44444444444444,0.0,0.0
62.22222222222222,44.44444444444444,0.0,0.0
63.03030303030303,44.44444444444444,0.0,0.0
63.838383838383834,44.44444444444444,0.0,0.0
64.64646464646465,44.44444444444444,0.0,0.0
65.45454545454545,44.44444444444444,0.0,0.0
66.26262626262626,44.44444444444444,0.0,0.0
67.07070707070707,44.44444444444444,0.0,0.0
67.87878787878788,44.44444444444444,0.0,0.0
68.68686868686869,44.44444444444444,0.0,0.0
69.4949494949495,44.44444444444444,0.0,0.0
70.3030303030303,44.44444444444444,0.0,0.0
71.11111111111111,44.44444444444444,0.0,0.0
71.91919191919192,44.44444444444444,0.0,0.0
72.72727272727272,44.44444444444444,0.0,0.0
73.53535353535354,44.44444444444444,0.0,0.0
74.34343434343434,44.44444444444444,0.0,0.0
75.15151515151516,44.44444444444444,0.0,0.0
75.95959595959596,44.44444444444444,0.0,0.0
76.76767676767676,44.44444444444444,0.0,0.0
77.57575757575758,44.44444444444444,0.0,0.0
78.38383838383838,44.44444444444444,0.0,0.0
79.1919191919192,44.44444444444444,0.0,0.0
80.0,44.44444444444444,0.0,0.0
0.0,45.25252525252525,0.0,0.0
0.8080808080808081,45.25252525252525,0.0,0.0
1.6161616161616161,45.25252525252525,0.0,0.0
2.4242424242424243,45.25252525252525,0.0,0.0
3.2323232323232323,45.25252525252525,0.0,0.0
4.040404040404041,45.25252525252525,0.0,0.0
4.848484848484849,45.25252525252525,0.0,0.0
5.656565656565657,45.25252525252525,0.0,0.0
6.4646464646464645,45.25252525252525,0.3902660352086611,0.39028318796094025
7.2727272727272725,45.25252525252525,0.41502830816511993,0.41504654925482937
8.080808080808081,45.25252525252525,0.4404404415977964,0.4404597995872366
8.88888888888889,45.25252525252525,0.4664328877999801,0.4664533881947301
9.696969696969697,45.25252525252525,0.49292817847975195,0.49294984338054804
10.505050505050505,45.25252525252525,0.5198411230368213,0.5198639708001507
11.313131313131313,45.25252525252525,0.5470791011464702,0.547103146058024
12.121212121212121,45.25252525252525,0.5745424512390119,0.5745677032042122
12.929292929292929,45.25252525252525,0.6021249551139677,0.6021514193697942
13.737373737373737,45.25252525252525,0.6297144175012908,0.6297420943535801
14.545454545454545,45.25252525252525,0.657193337900757,0.6572222224910301
15.353535353535353,45.25252525252525,0.6844396705207638,0.684469752626454
16.161616161616163,45.25252525252525,0.7113276666268226,0.7113589304985259
16.96969696969697,45.25252525252525,0.7377287921269269,0.7377612163659816
17.77777777777778,45.25252525252525,0.7635127117953927,0.7635462692747168
18.585858585858585,45.25252525252525,0.7885483301984071,0.7885829880290861
19.393939393939394,45.25252525252525,0.8127048781625228,0.8127405977081494
20.2020202020202,45.25252525252525,0.8358530325494429,0.8358897694896724
21.01010101010101,45.25252525252525,0.8578660561924306,3.002531196673507
21.818181818181817,45.25252525252525,0.8786209441345825,3.0751733044710385
22.626262626262626,45.25252525252525,0.8979995618067582,3.142998466323654
23.434343434343432,45.25252525252525,0.9158897605089855,3.2056141617814493
24.242424242424242,45.25252525252525,0.9321864555251251,3.262652594337938
25.05050505050505,45.25252525252525,0.9467926524131719,3.3137742834461017
25.858585858585858,45.25252525252525,0.9596204074744625,3.358671426160619
26.666666666666668,45.25252525252525,0.9705917091107169,3.3970709818875093
27.474747474747474,45.25252525252525,0.9796392677195308,3.428737437018358
28.282828282828284,45.25252525252525,0.9867072029427939,3.4534752102997786
29.09090909090909,45.25252525252525,0.9917516184498019,3.4711306645743063
29.8989898989899,45.25252525252525,0.9947410559843165,3.481593695945108
30.707070707070706,45.25252525252525,0.995656822105202,3.484798877368207
31.515151515151516,45.25252525252525,0.9944931828728016,3.4807261400548057
32.323232323232325,45.25252525252525,0.9912574236443913,3.4694009827553693
33.13131313131313,45.25252525252525,0.9859697731063228,3.45089420587213
33.93939393939394,45.25252525252525,0.9786631926510996,3.4253211742788485
34.74747474747475,45.25252525252525,0.9693830341674845,3.3928406195861958
35.55555555555556,45.25252525252525,0.9581865712141754,3.353652999249614
36.36363636363636,45.25252525252525,0.9451424103572611,3.307998436250414
37.17171717171717,45.25252525252525,0.9303297911353642,3.256154268973775
37.97979797979798,45.25252525252525,0.9138377846437334,3.198432246253067
38.78787878787879,45.25252525252525,0.8957644020727105,3.1351754072544864
39.5959595959596,45.25252525252525,0.8762156256742533,3.0667546898598865
40.4040404040404,45.25252525252525,0.855304375544364,2.993565314405274
41.21212121212121,45.25252525252525,0.8331494262860915,2.91602299200132
42.02020202020202,45.25252525252525,0.8098742880491442,2.8345600081720046
42.82828282828283,45.25252525252525,0.7856060666251357,2.749621233187975
43.63636363636363,45.25252525252525,0.7604743172143884,2.6616601102503594
44.44444444444444,45.25252525252525,0.7346099061783057,0.738363202107866
45.25252525252525,45.25252525252525,0.7081438945626053,0.7117619693729927
46.06060606060606,45.25252525252525,0.6812064564374922,0.68468690149906
46.868686868686865,45.25252525252525,0.6539258441713114,0.6572669061261263
47.676767676767675,45.25252525252525,0.6264274116577421,0.6296279776105912
48.484848484848484,45.25252525252525,0.5988327052792282,0.6018922833441428
49.292929292929294,45.25252525252525,0.5712586310390259,0.5741773266304852
50.1010101010101,45.25252525252525,0.5438167048602419,0.5465951931539779
50.90909090909091,45.25252525252525,0.5166123915622561,0.5192518865787314
51.717171717171716,45.25252525252525,0.4897445365126032,0.4922467572966651
52.525252525252526,45.25252525252525,0.46330489244450607,0.46567202682743836
53.333333333333336,45.25252525252525,0.43737774245422073,0.4396124088895999
54.14141414141414,45.25252525252525,0.41203961877357126,0.41414482673626524
54.94949494949495,45.25252525252525,0.38735911557452674,0.38933822500326765
55.75757575757576,45.25252525252525,0.0,0.0
56.56565656565657,45.25252525252525,0.0,0.0
57.37373737373737,45.25252525252525,0.0,0.0
58.18181818181818,45.25252525252525,0.0,0.0
58.98989898989899,45.25252525252525,0.0,0.0
59.7979797979798,45.25252525252525,0.0,0.0
60.6060606060606,45.25252525252525,0.0,0.0
61.41414141414141,45.25252525252525,0.0,0.0
62.22222222222222,45.25252525252525,0.0,0.0
63.03030303030303,45.25252525252525,0.0,0.0
63.838383838383834,45.25252525252525,0.0,0.0
64.64646464646465,45.25252525252525,0.0,0.0
65.45454545454545,45.25252525252525,0.0,0.0
66.26262626262626,45.25252525252525,0.0,0.0
67.07070707070707,45.25252525252525,0.0,0.0
67.87878787878788,45.25252525252525,0.0,0.0
68.68686868686869,45.25252525252525,0.0,0.0
69.4949494949495,45.25252525252525,0.0,0.0
70.3030303030303,45.25252525252525,0.0,0.0
71.11111111111111,45.25252525252525,0.0,0.0
71.91919191919192,45.25252525252525,0.0,0.0
72.72727272727272,45.25252525252525,0.0,0.0
73.53535353535354,45.25252525252525,0.0,0.0
74.34343434343434,45.25252525252525,0.0,0.0
75.15151515151516,45.25252525252525,0.0,0.0
75.95959595959596,45.25252525252525,0.0,0.0
76.76767676767676,45.25252525252525,0.0,0.0
77.57575757575758,45.25252525252525,0.0,0.0
78.38383838383838,45.25252525252525,0.0,0.0
79.1919191919192,45.25252525252525,0.0,0.0
80.0,45.25252525252525,0.0,0.0
0.0,46.06060606060606,0.0,0.0
0.8080808080808081,46.06060606060606,0.0,0.0
1.6161616161616161,46.06060606060606,0.0,0.0
2.4242424242424243,46.06060606060606,0.0,0.0
3.2323232323232323,46.06060606060606,0.0,0.0
4.040404040404041,46.06060606060606,0.0,0.0
4.848484848484849,46.06060606060606,0.0,0.0
5.656565656565657,46.06060606060606,0.0,0.0
6.4646464646464645,46.06060606060606,0.39152409364063034,0.3915413016863829
7.2727272727272725,46.06060606060606,0.41636619005974573,0.4163844899512843
8.080808080808081,46.06060606060606,0.4418602418400494,0.4418796622317477
8.88888888888889,46.06060606060606,0.4679364770814067,0.4679570435610632
9.696969696969697,46.06060606060606,0.49451717776573934,0.49453891250533427
10.505050505050505,46.06060606060606,0.5215168786730278,0.5215398000882221
11.313131313131313,46.06060606060606,0.5488426609084246,0.5488667833309607
12.121212121212121,46.06060606060606,0.576394541634014,0.576419875001245
12.929292929292929,46.06060606060606,0.6040659602451861,0.6040925098109735
13.737373737373737,46.06060606060606,0.6317443598001294,0.6317721258712957
14.545454545454545,46.06060606060606,0.6593118610249588,0.6593408387273633
15.353535353535353,46.06060606060606,0.6866460247022456,0.6866762037803682
16.161616161616163,46.06060606060606,0.7136206967348986,0.7136520613885657
16.96969696969697,46.06060606060606,0.7401069286894529,0.7401394574510222
17.77777777777778,46.06060606060606,0.7659739651926462,0.7660076308475889
18.585858585858585,46.06060606060606,0.7910902882124858,0.7911250577658673
19.393939393939394,46.06060606060606,0.815324707029076,0.8153605417199408
20.2020202020202,46.06060606060606,0.8385474816190979,0.8385843369842306
21.01010101010101,46.06060606060606,0.8606314662669098,3.012210131934184
21.818181818181817,46.06060606060606,0.8814532594978252,3.085086408242388
22.626262626262626,46.06060606060606,0.9008943459250627,3.1531302107377193
23.434343434343432,46.06060606060606,0.9188422153270087,3.2159477536445307
24.242424242424242,46.06060606060606,0.9351914442372837,3.273170054830493
25.05050505050505,46.06060606060606,0.9498447255433845,3.324456539401846
25.858585858585858,46.06060606060606,0.9627138320520524,3.3694984121821836
26.666666666666668,46.06060606060606,0.9737205006874508,3.4080217524060776
27.474747474747474,46.06060606060606,0.9827972249329577,3.4397902872653523
28.282828282828284,46.06060606060606,0.9898879442949929,3.4646078050324753
29.09090909090909,46.06060606060606,0.9949486209389957,3.4823201732864852
29.8989898989899,46.06060606060606,0.9979476952001477,3.492816933200517
30.707070707070706,46.06060606060606,0.9988664133772875,3.4960324468205064
31.515151515151516,46.06060606060606,0.9976990230468771,3.4919465806640697
32.323232323232325,46.06060606060606,0.9944528330512109,3.480584915679238
33.13131313131313,46.06060606060606,0.9891481372856704,3.4620184804998466
33.93939393939394,46.06060606060606,0.9818180033968371,3.43636301188893
34.74747474747475,46.06060606060606,0.9725079294694553,3.4037777531430935
35.55555555555556,46.06060606060606,0.9612753736888032,3.3644638079108113
36.36363636363636,46.06060606060606,0.9481891637805405,3.318662073231892
37.17171717171717,46.06060606060606,0.9333287947192253,3.2666507815172885
37.97979797979798,46.06060606060606,0.9167836247289678,3.2087426865513873
38.78787878787879,46.06060606060606,0.8986519809481894,3.145281933318663
39.5959595959596,46.06060606060606,0.8790401872723779,3.0766406554533225
40.4040404040404,46.06060606060606,0.8580615278058424,3.0032153473204484
41.21212121212121,46.06060606060606,0.835835160032481,2.9254230601136837
42.02020202020202,46.06060606060606,0.8124849922483209,2.843697472869123
42.82828282828283,46.06060606060606,0.7881385399821768,2.758484889937619
43.63636363636363,46.06060606060606,0.7629257760674657,2.67024021623613
44.44444444444444,46.06060606060606,0.7369779887253345,2.579422960538671
45.25252525252525,46.06060606060606,0.710426661488827,0.7140563994958856
46.06060606060606,46.06060606060606,0.6834023880562273,0.6868940526523221
46.868686868686865,46.06060606060606,0.6560338342291766,0.6593856664042638
47.676767676767675,46.06060606060606,0.6284467579911511,0.6316576412624979
48.484848484848484,46.06060606060606,0.6007630975405294,0.6038325384365273
49.292929292929294,46.06060606060606,0.5731001357378132,0.5760282400127549
50.1010101010101,46.06060606060606,0.5455697479879366,0.5483571929940448
50.90909090909091,46.06060606060606,0.5182777390858171,0.5209257427570613
51.717171717171716,46.06060606060606,0.4913232730361163,0.4938335599588427
52.525252525252526,46.06060606060606,0.46479839834542513,0.4671731634035928
53.333333333333336,46.06060606060606,0.43878766980430645,0.4410295398923175
54.14141414141414,46.06060606060606,0.4133678663532674,0.41547986064730863
54.94949494949495,46.06060606060606,0.3886078032838943,0.3905932925537692
55.75757575757576,46.06060606060606,0.0,0.0
56.56565656565657,46.06060606060606,0.0,0.0
57.37373737373737,46.06060606060606,0.0,0.0
58.18181818181818,46.06060606060606,0.0,0.0
58.98989898989899,46.06060606060606,0.0,0.0
59.7979797979798,46.06060606060606,0.0,0.0
60.6060606060606,46.06060606060606,0.0,0.0
61.41414141414141,46.06060606060606,0.0,0.0
62.22222222222222,46.06060606060606,0.0,0.0
63.03030303030303,46.06060606060606,0.0,0.0
63.838383838383834,46.06060606060606,0.0,0.0
64.64646464646465,46.06060606060606,0.0,0.0
65.45454545454545,46.06060606060606,0.0,0.0
66.26262626262626,46.06060606060606,0.0,0.0
67.07070707070707,46.06060606060606,0.0,0.0
67.87878787878788,46.06060606060606,0.0,0.0
68.68686868686869,46.06060606060606,0.0,0.0
69.4949494949495,46.06060606060606,0.0,0.0
70.3030303030303,46.06060606060606,0.0,0.0
71.11111111111111,46.06060606060606,0.0,0.0
71.91919191919192,46.06060606060606,0.0,0.0
72.72727272727272,46.06060606060606,0.0,0.0
73.53535353535354,46.06060606060606,0.0,0.0
74.34343434343434,46.06060606060606,0.0,0.0
75.15151515151516,46.06060606060606,0.0,0.0
75.95959595959596,46.06060606060606,0.0,0.0
76.76767676767676,46.06060606060606,0.0,0.0
77.57575757575758,46.06060606060606,0.0,0.0
78.38383838383838,46.06060606060606,0.0,0.0
79.1919191919192,46.06060606060606,0.0,0.0
80.0,46.06060606060606,0.0,0.0
0.0,46.868686868686865,0.0,0.0
0.8080808080808081,46.868686868686865,0.0,0.0
1.6161616161616161,46.868686868686865,0.0,0.0
2.4242424242424243,46.868686868686865,0.0,0.0
3.2323232323232323,46.868686868686865,0.0,0.0
4.040404040404041,46.868686868686865,0.0,0.0
4.848484848484849,46.868686868686865,0.0,0.0
5.656565656565657,46.868686868686865,0.0,0.0
6.4646464646464645,46.868686868686865,0.3919663052024152,0.3919835326840005
7.2727272727272725,46.868686868686865,0.41683645982390927,0.4168547803844788
8.080808080808081,46.868686868686865,0.4423593061653576,0.44237874849164915
8.88888888888889,46.868686868686865,0.46846499352192017,0.46848558323063266
9.696969696969697,46.868686868686865,0.49507571609597534,0.49509747538413135
10.505050505050505,46.868686868686865,0.5221059121377902,0.5221288594418506
11.313131313131313,46.868686868686865,0.5494625578041623,0.5494867074720565
12.121212121212121,46.868686868686865,0.5770455573303663,0.5770709193106713
12.929292929292929,46.868686868686865,0.6047482297556449,0.6047748093081563
13.737373737373737,46.868686868686865,0.632457891009405,0.6324856884412918
14.545454545454545,46.868686868686865,0.6600565286776081,0.6600855391092245
15.353535353535353,46.868686868686865,0.68742156525239,0.6874517784166326
16.161616161616163,46.868686868686865,0.7144267041504081,0.7144581042292578
16.96969696969697,46.868686868686865,0.7409428512958504,0.7409754167974177
17.77777777777778,46.868686868686865,0.7668391036322365,0.7668728073112552
18.585858585858585,46.868686868686865,0.791983794582963,0.7920186034072316
19.393939393939394,46.868686868686865,0.816245585253209,0.8162814604179932
20.2020202020202,46.868686868686865,0.8394945890832373,0.8395314860751021
21.01010101010101,46.868686868686865,0.86160351675116,0.8616413854621222
21.818181818181817,46.868686868686865,0.8824488274050216,3.0885708959175755
22.626262626262626,46.868686868686865,0.9019118717994224,3.1566915512979787
23.434343434343432,46.868686868686865,0.9198800126367357,3.219580044228575
24.242424242424242,46.868686868686865,0.9362477073787892,3.276866975825762
25.05050505050505,46.868686868686865,0.9509175390083997,3.328211386529399
25.858585858585858,46.868686868686865,0.9638011806830521,3.3733041323906825
26.666666666666668,46.868686868686865,0.9748202809317441,3.4118709832611045
27.474747474747474,46.868686868686865,0.983907256991813,3.4436753994713456
28.282828282828284,46.868686868686865,0.9910059850514844,3.4685209476801955
29.09090909090909,46.868686868686865,0.9960723775371398,3.4862533213799893
29.8989898989899,46.868686868686865,0.9990748391385206,3.496761936984822
30.707070707070706,46.868686868686865,0.0,0.0
31.515151515151516,46.868686868686865,0.9988258861195176,3.4958906014183118
32.323232323232325,46.868686868686865,0.995576029675806,3.484516103865321
33.13131313131313,46.868686868686865,0.990265342458303,3.4659286986040607
33.93939393939394,46.868686868686865,0.9829269294622379,3.4402442531178328
34.74747474747475,46.868686868686865,0.9736063401607102,3.4076221905624857
35.55555555555556,46.868686868686865,0.9623610976358314,3.36826384172541
36.36363636363636,46.868686868686865,0.9492601073515577,3.322410375730452
37.17171717171717,46.868686868686865,0.9343829540689952,3.270340339241483
37.97979797979798,46.868686868686865,0.9178190969389672,3.2123668392863856
38.78787878787879,46.868686868686865,0.8996669741566555,3.1488344095482943
39.5959595959596,46.868686868686865,0.8800330297063408,3.080115603972193
40.4040404040404,46.868686868686865,0.8590306756424165,3.006607364748458
41.21212121212121,46.868686868686865,0.8367792040326233,2.9287272141141814
42.02020202020202,46.868686868686865,0.8134026631226927,2.8469093209294245
42.82828282828283,46.868686868686865,0.7890287124653756,2.7616004936288148
43.63636363636363,46.868686868686865,0.7637874716934577,2.6732561509271022
44.44444444444444,46.868686868686865,0.7378103773131346,2.582336320595971
45.25252525252525,46.868686868686865,0.711229061363096,0.7148628990210805
46.06060606060606,46.868686868686865,0.6841742650422377,0.6876698733405957
46.868686868686865,46.868686868686865,0.6567747994753267,0.66013041741728
47.676767676767675,46.868686868686865,0.6291565646846949,0.6323710745264858
48.484848484848484,46.868686868686865,0.601441636593275,0.6045145443059375
49.292929292929294,46.868686868686865,0.5737474305280957,0.576678841985368
50.1010101010101,46.868686868686865,0.5461859482531025,0.548976541572251
50.90909090909091,46.868686868686865,0.5188631140657021,0.5215141085563061
51.717171717171716,46.868686868686865,0.49187820397252485,0.4943913261687853
52.525252525252526,46.868686868686865,0.46532337044544625,0.46770081771036004
53.333333333333336,46.868686868686865,0.439283263776447,0.4415276659713936
54.14141414141414,46.868686868686865,0.41383474962492506,0.4159491293361358
54.94949494949495,46.868686868686865,0.3890467210067195,0.39103445281115407
55.75757575757576,46.868686868686865,0.0,0.0
56.56565656565657,46.868686868686865,0.0,0.0
57.37373737373737,46.868686868686865,0.0,0.0
58.18181818181818,46.868686868686865,0.0,0.0
58.98989898989899,46.868686868686865,0.0,0.0
59.7979797979798,46.868686868686865,0.0,0.0
60.6060606060606,46.868686868686865,0.0,0.0
61.41414141414141,46.868686868686865,0.0,0.0
62.22222222222222,46.868686868686865,0.0,0.0
63.03030303030303,46.868686868686865,0.0,0.0
63.838383838383834,46.868686868686865,0.0,0.0
64.64646464646465,46.868686868686865,0.0,0.0
65.45454545454545,46.868686868686865,0.0,0.0
66.26262626262626,46.868686868686865,0.0,0.0
67.07070707070707,46.868686868686865,0.0,0.0
67.87878787878788,46.868686868686865,0.0,0.0
68.68686868686869,46.868686868686865,0.0,0.0
69.4949494949495,46.868686868686865,0.0,0.0
70.3030303030303,46.868686868686865,0.0,0.0
71.11111111111111,46.868686868686865,0.0,0.0
71.91919191919192,46.868686868686865,0.0,0.0
72.72727272727272,46.868686868686865,0.0,0.0
73.53535353535354,46.868686868686865,0.0,0.0
74.34343434343434,46.868686868686865,0.0,0.0
75.15151515151516,46.868686868686865,0.0,0.0
75.95959595959596,46.868686868686865,0.0,0.0
76.76767676767676,46.868686868686865,0.0,0.0
77.57575757575758,46.868686868686865,0.0,0.0
78.38383838383838,46.868686868686865,0.0,0.0
79.1919191919192,46.868686868686865,0.0,0.0
80.0,46.868686868686865,0.0,0.0
0.0,47.676767676767675,0.0,0.0
0.8080808080808081,47.676767676767675,0.0,0.0
1.6161616161616161,47.676767676767675,0.0,0.0
2.4242424242424243,47.676767676767675,0.0,0.0
3.2323232323232323,47.676767676767675,0.0,0.0
4.040404040404041,47.676767676767675,0.0,0.0
4.848484848484849,47.676767676767675,0.0,0.0
5.656565656565657,47.676767676767675,0.0,0.0
6.4646464646464645,47.676767676767675,0.39158990123770643,0.3916071121757973
7.2727272727272725,47.676767676767675,0.4164361731308175,0.41645447609821246
8.080808080808081,47.676767676767675,0.44193450996615247,0.44195393362204144
8.88888888888889,47.676767676767675,0.46801512811627555,0.4680356980527579
9.696969696969697,47.676767676767675,0.4946002965002187,0.49462203489300127
10.505050505050505,47.676767676767675,0.5216045355329184,0.5216274608007575
11.313131313131313,47.676767676767675,0.5489349107016656,0.5489590371787124
12.121212121212121,47.676767676767675,0.5764914223633709,0.5765167599886489
12.929292929292929,47.676767676767675,0.6041674920026561,0.6041940460309099
13.737373737373737,47.676767676767675,0.6318505437590737,0.6318783144971774
14.545454545454545,47.676767676767675,0.6594226785455214,0.6594516611185149
15.353535353535353,47.676767676767675,0.6867614365649161,0.6867916207155557
16.161616161616163,47.676767676767675,0.7137406425161126,0.713772012441569
16.96969696969697,47.676767676767675,0.7402313262919183,0.7402638605209407
17.77777777777778,47.676767676767675,0.7661027105416319,0.7661363818551176
18.585858585858585,47.676767676767675,0.7912232551276336,0.7912580305251018
19.393939393939394,47.676767676767675,0.8154617472794151,0.8154975879933956
20.2020202020202,47.676767676767675,0.838688425166879,0.8387252867266829
21.01010101010101,47.676767676767675,0.860776121703658,0.8608139540494205
21.818181818181817,47.676767676767675,0.8816014146736739,0.8816401623209468
22.626262626262626,47.676767676767675,0.9010457687700105,3.153660190695037
23.434343434343432,47.676767676767675,0.9189966548602707,3.2164882920109474
24.242424242424242,47.676767676767675,0.9353486317584374,3.273720211154531
25.05050505050505,47.676767676767675,0.9500043759965714,3.325015315988
25.858585858585858,47.676767676767675,0.9628756455521363,3.370064759432477
26.666666666666668,47.676767676767675,0.9738841641947922,3.4085945746817727
27.474747474747474,47.676767676767675,0.9829624140613826,3.440368449214839
28.282828282828284,47.676767676767675,0.9900543252356468,3.465190138324764
29.09090909090909,47.676767676767675,0.9951158524811194,3.482905483683918
29.8989898989899,47.676767676767675,0.9981154308284153,3.4934040078994535
30.707070707070706,47.676767676767675,0.9990343034242399,3.4966200619848395
31.515151515151516,47.676767676767675,0.9978667168781846,3.4925335090736462
32.323232323232325,47.676767676767675,0.9946199812610184,3.4811699344135643
33.13131313131313,47.676767676767675,0.9893143938791324,3.4626003785769637
33.93939393939394,47.676767676767675,0.9819830279371374,3.436940597779981
34.74747474747475,47.676767676767675,0.9726713891671221,3.4043498620849277
35.55555555555556,47.676767676767675,0.96143694541197,3.365029308941895
36.36363636363636,47.676767676767675,0.9483485359659447,3.3192198758808065
37.17171717171717,47.676767676767675,0.9334856691651661,3.2671998420780812
37.97979797979798,47.676767676767675,0.9169377182531263,3.209282013885942
38.78787878787879,47.676767676767675,0.8988030268951296,3.1458105941329535
39.5959595959596,47.676767676767675,0.8791879368576454,3.077157779001759
40.4040404040404,47.676767676767675,0.8582057512858414,3.003720129500445
41.21212121212121,47.676767676767675,0.8359756476916744,2.9259147669208607
42.02020202020202,47.676767676767675,0.8126215551977503,2.844175443192126
42.82828282828283,47.676767676767675,0.7882710107657674,2.758948537680186
43.63636363636363,47.676767676767675,0.7630540090750528,2.670689031762685
44.44444444444444,47.676767676767675,0.7371018604137534,2.5798565114481367
45.25252525252525,47.676767676767675,0.7105460704147416,2.4869112464515957
46.06060606060606,47.676767676767675,0.6835172547265662,0.6870095062036744
46.868686868686865,47.676767676767675,0.6561441007770913,0.6594964963300773
47.676767676767675,47.676767676767675,0.6285523876872677,0.6317638106457398
48.484848484848484,47.676767676767675,0.6008640741509175,0.6039340309603242
49.292929292929294,47.676767676767675,0.5731964627415134,0.5761250591739223
50.1010101010101,47.676767676767675,0.5456614476680727,0.5484493611895567
50.90909090909091,47.676767676767675,0.5183648515092444,0.5210133002584838
51.717171717171716,47.676767676767675,0.49140585493723354,0.4939165637904441
52.525252525252526,47.676767676767675,0.46487652193019735,0.4672516861402553
53.333333333333336,47.676767676767675,0.4388614214907173,0.4411036683935549
54.14141414141414,47.676767676767675,0.4134373454643489,0.41554969474361786
54.94949494949495,47.676767676767675,0.3886731207091933,0.3906589437012579
55.75757575757576,47.676767676767675,0.0,0.0
56.56565656565657,47.676767676767675,0.0,0.0
57.37373737373737,47.676767676767675,0.0,0.0
58.18181818181818,47.676767676767675,0.0,0.0
58.98989898989899,47.676767676767675,0.0,0.0
59.7979797979798,47.676767676767675,0.0,0.0
60.6060606060606,47.676767676767675,0.0,0.0
61.41414141414141,47.676767676767675,0.0,0.0
62.22222222222222,47.676767676767675,0.0,0.0
63.03030303030303,47.676767676767675,0.0,0.0
63.838383838383834,47.676767676767675,0.0,0.0
64.64646464646465,47.676767676767675,0.0,0.0
65.45454545454545,47.676767676767675,0.0,0.0
66.26262626262626,47.676767676767675,0.0,0.0
67.07070707070707,47.676767676767675,0.0,0.0
67.87878787878788,47.676767676767675,0.0,0.0
68.68686868686869,47.676767676767675,0.0,0.0
69.4949494949495,47.676767676767675,0.0,0.0
70.3030303030303,47.676767676767675,0.0,0.0
71.11111111111111,47.676767676767675,0.0,0.0
71.91919191919192,47.676767676767675,0.0,0.0
72.72727272727272,47.676767676767675,0.0,0.0
73.53535353535354,47.676767676767675,0.0,0.0
74.34343434343434,47.676767676767675,0.0,0.0
75.15151515151516,47.676767676767675,0.0,0.0
75.95959595959596,47.676767676767675,0.0,0.0
76.76767676767676,47.676767676767675,0.0,0.0
77.57575757575758,47.676767676767675,0.0,0.0
78.38383838383838,47.676767676767675,0.0,0.0
79.1919191919192,47.676767676767675,0.0,0.0
80.0,47.676767676767675,0.0,0.0
0.0,48.484848484848484,0.0,0.0
0.8080808080808081,48.484848484848484,0.0,0.0
1.6161616161616161,48.484848484848484,0.0,0.0
2.4242424242424243,48.484848484848484,0.0,0.0
3.2323232323232323,48.484848484848484,0.0,0.0
4.040404040404041,48.484848484848484,0.0,0.0
4.848484848484849,48.484848484848484,0.0,0.0
5.656565656565657,48.484848484848484,0.0,0.0
6.4646464646464645,48.484848484848484,0.39039723851786684,0.3904143970367197
7.2727272727272725,48.484848484848484,0.41516783628833004,0.41518608351050074
8.080808080808081,48.484848484848484,0.4405885130112227,0.440607877508614
8.88888888888889,48.484848484848484,0.4665896975986321,0.46661020488539773
9.696969696969697,48.484848484848484,0.49309389571461887,0.49311556789892524
10.505050505050505,48.484848484848484,0.5200158881187151,0.5200387435632207
11.313131313131313,48.484848484848484,0.5472630233482302,0.5472870763434288
12.121212121212121,48.484848484848484,0.5747356063283124,0.5747608667829561
12.929292929292929,48.484848484848484,0.6023273831490492,0.6023538563018783
13.737373737373737,48.484848484848484,0.6299261208215311,0.6299538069784851
14.545454545454545,48.484848484848484,0.6574142793431104,0.6574431736440769
15.353535353535353,48.484848484848484,0.6846697718916811,0.6846998641106568
16.161616161616163,48.484848484848484,0.7115668074573617,0.7115980818396477
16.96969696969697,48.484848484848484,0.7379768087363446,0.7380092438760852
17.77777777777778,48.484848484848484,0.7637693966856232,0.7638029654466165
18.585858585858585,48.484848484848484,0.7888134317984871,0.7888481012807618
19.393939393939394,48.484848484848484,0.8129781009382777,0.8130138324924374
20.2020202020202,48.484848484848484,0.8361340374896281,0.836170786780428
21.01010101010101,48.484848484848484,0.8581544616781078,0.8581921787981501
21.818181818181817,48.484848484848484,0.8789163271938494,0.8789549568276744
22.626262626262626,48.484848484848484,0.8983014597521208,0.8983409413903395
23.434343434343432,48.484848484848484,0.9161976729497444,3.2066918553241055
24.242424242424242,48.484848484848484,0.9324998467422118,3.2637494635977413
25.05050505050505,48.484848484848484,0.9471109540790134,3.3148883392765467
25.858585858585858,48.484848484848484,0.9599430216957454,3.359800575935109
26.666666666666668,48.484848484848484,0.9709180117674543,3.3982130411860902
27.474747474747474,48.484848484848484,0.979968612069684,3.429890142243894
28.282828282828284,48.484848484848484,0.9870389234579393,3.4546362321027875
29.09090909090909,48.484848484848484,0.9920850348440344,3.4722976219541204
29.8989898989899,48.484848484848484,0.9950754773957984,3.4827641708852943
30.707070707070706,48.484848484848484,0.9959915513875582,3.485970429856454
31.515151515151516,48.484848484848484,0.9948275209519677,3.481896323331887
32.323232323232325,48.484848484848484,0.9915906738955624,3.4705673586344687
33.13131313131313,48.484848484848484,0.9863012457053646,3.452054359968776
33.93939393939394,48.484848484848484,0.9789922088551487,3.4264727309930203
34.74747474747475,48.484848484848484,0.9697089304805024,3.3939812566817587
35.55555555555556,48.484848484848484,0.9585087033948878,3.3547804618821075
36.36363636363636,48.484848484848484,0.9454601572291947,3.3091105503021816
37.17171717171717,48.484848484848484,0.9306425581615398,3.2572489535653895
37.97979797979798,48.484848484848484,0.9141450072319312,3.199507525311759
38.78787878787879,48.484848484848484,0.8960655485810347,3.1362294200336214
39.5959595959596,48.484848484848484,0.8765102000909194,3.067785700318218
40.4040404040404,48.484848484848484,0.8555919198201285,2.99457171937045
41.21212121212121,48.484848484848484,0.8334295223024746,2.917003328058661
42.02020202020202,48.484848484848484,0.8101465592104709,2.8355129572366478
42.82828282828283,48.484848484848484,0.7858701790673527,2.750545626735734
43.63636363636363,48.484848484848484,0.7607299806285288,2.6625549321998507
44.44444444444444,48.484848484848484,0.7348568742512879,2.5719990598795075
45.25252525252525,48.484848484848484,0.7083819650426837,2.479336877649393
46.06060606060606,48.484848484848484,0.6814354708360655,2.385024147926229
46.868686868686865,48.484848484848484,0.6541456871168666,0.6574878723013382
47.676767676767675,48.484848484848484,0.626638009921418,0.6298396518706555
48.484848484848484,48.484848484848484,0.5990340264947708,0.6020946331574384
49.292929292929294,48.484848484848484,0.5714506821427416,0.574370358968758
50.1010101010101,48.484848484848484,0.54399953027891,0.5467789526709939
50.90909090909091,48.484848484848484,0.5167860711788116,0.5194264535655665
51.717171717171716,48.484848484848484,0.4899091834407468,0.4924122454449448
52.525252525252526,48.484848484848484,0.4634606506442361,0.4658285808326866
53.333333333333336,48.484848484848484,0.4375247842206205,0.4397602019271964
54.14141414141414,48.484848484848484,0.41217814213104986,0.4142840578423726
54.94949494949495,48.484848484848484,0.3874893416081276,0.38946911639250514
55.75757575757576,48.484848484848484,0.0,0.0
56.56565656565657,48.484848484848484,0.0,0.0
57.37373737373737,48.484848484848484,0.0,0.0
58.18181818181818,48.484848484848484,0.0,0.0
58.98989898989899,48.484848484848484,0.0,0.0
59.7979797979798,48.484848484848484,0.0,0.0
60.6060606060606,48.484848484848484,0.0,0.0
61.41414141414141,48.484848484848484,0.0,0.0
62.22222222222222,48.484848484848484,0.0,0.0
63.03030303030303,48.484848484848484,0.0,0.0
63.838383838383834,48.484848484848484,0.0,0.0
64.64646464646465,48.484848484848484,0.0,0.0
65.45454545454545,48.484848484848484,0.0,0.0
66.26262626262626,48.484848484848484,0.0,0.0
67.07070707070707,48.484848484848484,0.0,0.0
67.87878787878788,48.484848484848484,0.0,0.0
68.68686868686869,48.484848484848484,0.0,0.0
69.4949494949495,48.484848484848484,0.0,0.0
70.3030303030303,48.484848484848484,0.0,0.0
71.11111111111111,48.484848484848484,0.0,0.0
71.91919191919192,48.484848484848484,0.0,0.0
72.72727272727272,48.484848484848484,0.0,0.0
73.53535353535354,48.484848484848484,0.0,0.0
74.34343434343434,48.484848484848484,0.0,0.0
75.15151515151516,48.484848484848484,0.0,0.0
75.95959595959596,48.484848484848484,0.0,0.0
76.76767676767676,48.484848484848484,0.0,0.0
77.57575757575758,48.484848484848484,0.0,0.0
78.38383838383838,48.484848484848484,0.0,0.0
79.1919191919192,48.484848484848484,0.0,0.0
80.0,48.484848484848484,0.0,0.0
0.0,49.292929292929294,0.0,0.0
0.8080808080808081,49.292929292929294,0.0,0.0
1.6161616161616161,49.292929292929294,0.0,0.0
2.4242424242424243,49.292929292929294,0.0,0.0
3.2323232323232323,49.292929292929294,0.0,0.0
4.040404040404041,49.292929292929294,0.0,0.0
4.848484848484849,49.292929292929294,0.0,0.0
5.656565656565657,49.292929292929294,0.0,0.0
6.4646464646464645,49.292929292929294,0.3883957746650242,0.3884128452166686
7.2727272727272725,49.292929292929294,0.4130393801026545,0.4130575337761215
8.080808080808081,49.292929292929294,0.4383297317090867,0.4383489969297984
8.88888888888889,49.292929292929294,0.4641976150690583,0.46421801722036415
9.696969696969697,49.292929292929294,0.4905659331396864,0.49058749421640996
10.505050505050505,49.292929292929294,0.5173499035771113,0.5173726418477705
11.313131313131313,49.292929292929294,0.544457349918297,0.5444812796001222
12.121212121212121,49.292929292929294,0.5717890881987917,0.5718142191497353
12.929292929292929,49.292929292929294,0.5992394092445028,0.5992657466764476
13.737373737373737,49.292929292929294,0.626696655455505,0.6267241996728219
14.545454545454545,49.292929292929294,0.6540438894257965,0.6540726355932897
15.353535353535353,49.292929292929294,0.6811596502402635,0.6811895881843556
16.161616161616163,49.292929292929294,0.7079187917864123,0.7079499058331746
16.96969696969697,49.292929292929294,0.7341933959424185,0.7342256647957376
17.77777777777778,49.292929292929294,0.7598537520843006,0.7598871487470948
18.585858585858585,49.292929292929294,0.7847693930230714,0.7848038847640387
19.393939393939394,49.292929292929294,0.8088101762665817,0.8088457246344711
20.2020202020202,49.292929292929294,0.8318473984280398,0.8318839593149017
21.01010101010101,49.292929292929294,0.8537549296995389,0.8537924534538375
21.818181818181817,49.292929292929294,0.8744103545972445,0.8744487861871079
22.626262626262626,49.292929292929294,0.8936961046848683,0.893735383911123
23.434343434343432,49.292929292929294,0.9115005687093835,0.9115406304673814
24.242424242424242,49.292929292929294,0.9277191655490726,3.247017079421754
25.05050505050505,49.292929292929294,0.9422553655855673,3.2978937795494856
25.858585858585858,49.292929292929294,0.9550216465702278,3.3425757629957973
26.666666666666668,49.292929292929294,0.9659403707574821,3.380791297651187
27.474747474747474,49.292929292929294,0.9749445710149262,3.4123059985522417
28.282828282828284,49.292929292929294,0.9819786347782606,3.436925221723912
29.09090909090909,49.292929292929294,0.9869988760798873,3.4544960662796056
29.8989898989899,49.292929292929294,0.9899739874200524,3.4649089559701833
30.707070707070706,49.292929292929294,0.9908853649416528,3.468098777295785
31.515151515151516,49.292929292929294,0.9897273021836238,3.464045557642683
32.323232323232325,49.292929292929294,0.9865070495898361,3.4527746735644267
33.13131313131313,49.292929292929294,0.9812447389052976,3.4343565861685414
33.93939393939394,49.292929292929294,0.9739731735625912,3.408906107469069
34.74747474747475,49.292929292929294,0.9647374881119453,3.3765812083918085
35.55555555555556,49.292929292929294,0.9535946816416522,3.3375813857457826
36.36363636363636,49.292929292929294,0.9406130319365538,3.292145611777938
37.17171717171717,49.292929292929294,0.9258713987979418,3.240549895792796
37.97979797979798,49.292929292929294,0.909458426468252,3.1831044926388823
38.78787878787879,49.292929292929294,0.8914716564416555,3.120150797545794
39.5959595959596,49.292929292929294,0.8720165630744539,3.0520579707605884
40.4040404040404,49.292929292929294,0.8512055253189649,2.979219338616377
41.21212121212121,49.292929292929294,0.8291567485781697,2.902048620023594
42.02020202020202,49.292929292929294,0.8059931511076869,2.820976028876904
42.82828282828283,49.292929292929294,0.7818412295737505,2.7364443035081267
43.63636363636363,49.292929292929294,0.7568299183130727,2.6489047140957545
44.44444444444444,49.292929292929294,0.7310894565400082,2.5588130978900288
45.25252525252525,49.292929292929294,0.7047502772202461,2.4666259702708615
46.06060606060606,49.292929292929294,0.6779419305945897,2.372796757081064
46.868686868686865,49.292929292929294,0.6507920544112976,0.6541171050923039
47.676767676767675,49.292929292929294,0.6234254018342387,0.6266106298081737
48.484848484848484,49.292929292929294,0.5959629367626718,0.5990078525008176
49.292929292929294,49.292929292929294,0.5685210049546213,0.5714257133662825
50.1010101010101,49.292929292929294,0.5412105879186869,0.5439757609439703
50.90909090909091,49.292929292929294,0.514136645058269,0.5167634908997224
51.717171717171716,49.292929292929294,0.4873975480471284,0.4898877775114707
52.525252525252526,49.292929292929294,0.46108460991454003,0.46344040034837486
53.333333333333336,49.292929292929294,0.43528170984933423,0.43750566715789935
54.14141414141414,49.292929292929294,0.4100650133201519,0.41216013255609646
54.94949494949495,49.292929292929294,0.385502785777111,0.38747241077743083
55.75757575757576,49.292929292929294,0.0,0.0
56.56565656565657,49.292929292929294,0.0,0.0
57.37373737373737,49.292929292929294,0.0,0.0
58.18181818181818,49.292929292929294,0.0,0.0
58.98989898989899,49.292929292929294,0.0,0.0
59.7979797979798,49.292929292929294,0.0,0.0
60.6060606060606,49.292929292929294,0.0,0.0
61.41414141414141,49.292929292929294,0.0,0.0
62.22222222222222,49.292929292929294,0.0,0.0
63.03030303030303,49.292929292929294,0.0,0.0
63.838383838383834,49.292929292929294,0.0,0.0
64.64646464646465,49.292929292929294,0.0,0.0
65.45454545454545,49.292929292929294,0.0,0.0
66.26262626262626,49.292929292929294,0.0,0.0
67.07070707070707,49.292929292929294,0.0,0.0
67.87878787878788,49.292929292929294,0.0,0.0
68.68686868686869,49.292929292929294,0.0,0.0
69.4949494949495,49.292929292929294,0.0,0.0
70.3030303030303,49.292929292929294,0.0,0.0
71.11111111111111,49.292929292929294,0.0,0.0
71.91919191919192,49.292929292929294,0.0,0.0
72.72727272727272,49.292929292929294,0.0,0.0
73.53535353535354,49.292929292929294,0.0,0.0
74.34343434343434,49.292929292929294,0.0,0.0
75.15151515151516,49.292929292929294,0.0,0.0
75.95959595959596,49.292929292929294,0.0,0.0
76.76767676767676,49.292929292929294,0.0,0.0
77.57575757575758,49.292929292929294,0.0,0.0
78.38383838383838,49.292929292929294,0.0,0.0
79.1919191919192,49.292929292929294,0.0,0.0
80.0,49.292929292929294,0.0,0.0
0.0,50.1010101010101,0.0,0.0
0.8080808080808081,50.1010101010101,0.0,0.0
1.6161616161616161,50.1010101010101,0.0,0.0
2.4242424242424243,50.1010101010101,0.0,0.0
3.2323232323232323,50.1010101010101,0.0,0.0
4.040404040404041,50.1010101010101,0.0,0.0
4.848484848484849,50.1010101010101,0.0,0.0
5.656565656565657,50.1010101010101,0.0,0.0
6.4646464646464645,50.1010101010101,0.38559799048630494,0.3856149380713199
7.2727272727272725,50.1010101010101,0.41006407728470845,0.41008210018934704
8.080808080808081,50.1010101010101,0.4351722514571567,0.4351913779020804
8.88888888888889,50.1010101010101,0.46085379717001057,0.4608740523557214
9.696969696969697,50.1010101010101,0.48703217274401644,0.4870535785068997
10.505050505050505,50.1010101010101,0.5136232065595181,0.5136457810364956
11.313131313131313,50.1010101010101,0.5405353861407491,0.5405591434466382
12.121212121212121,50.1010101010101,0.5676702419886172,0.5676951919103593
12.929292929292929,50.1010101010101,0.5949228263983191,0.5949489741102535
13.737373737373737,50.1010101010101,0.6221822860883258,0.6222096318926309
14.545454545454545,50.1010101010101,0.6493325260037776,0.6493610651000875
15.353535353535353,50.1010101010101,0.6762529601655125,0.6762826824535347
16.161616161616163,50.1010101010101,0.7028193439430719,0.7028502338617839
16.96969696969697,50.1010101010101,0.7289046806646599,0.7289367170713532
17.77777777777778,50.1010101010101,0.7543801940684973,0.7544133501605621
18.585858585858585,50.1010101010101,0.7791163567776677,0.7791506000595799
19.393939393939394,50.1010101010101,0.8029839637731595,0.8030192560706493
20.2020202020202,50.1010101010101,0.8258552387748151,0.8258915362976615
21.01010101010101,50.1010101010101,0.8476049605427504,0.8476422139970793
21.818181818181817,50.1010101010101,0.8681115954052571,0.8681497501556152
22.626262626262626,50.1010101010101,0.8872584218227754,0.8872974181036303
23.434343434343432,50.1010101010101,0.9049346325268178,0.9049744057024985
24.242424242424242,50.1010101010101,0.9210363997391038,0.9210768806105595
25.05050505050505,50.1010101010101,0.9354678891862109,3.2741376121517383
25.858585858585858,50.1010101010101,0.9481422090804328,3.3184977317815147
26.666666666666668,50.1010101010101,0.9589822809347434,3.3564379832716016
27.474747474747474,50.1010101010101,0.9679216200102035,3.3877256700357123
28.282828282828284,50.1010101010101,0.9749050143440723,3.412167550204253
29.09090909090909,50.1010101010101,0.9798890926578314,3.42961182430241
29.8989898989899,50.1010101010101,0.9828427729733036,3.4399497054065624
30.707070707070706,50.1010101010101,0.9837475854450835,3.443116549057792
31.515151515151516,50.1010101010101,0.9825978647182344,3.4390925265138206
32.323232323232325,50.1010101010101,0.9794008090085172,3.4279028315298103
33.13131313131313,50.1010101010101,0.9741764050431994,3.409617417651198
33.93939393939394,50.1010101010101,0.9669572199574302,3.384350269851006
34.74747474747475,50.1010101010101,0.957788063177586,3.3522582211215513
35.55555555555556,50.1010101010101,0.9467255232026635,3.313539331209322
36.36363636363636,50.1010101010101,0.9338373859828384,3.2684308509399345
37.17171717171717,50.1010101010101,0.9192019432578562,3.217206801402497
37.97979797979798,50.1010101010101,0.9029072007270085,3.1601752025445298
38.78787878787879,50.1010101010101,0.8850499972505375,3.097674990376881
39.5959595959596,50.1010101010101,0.8657350474069495,3.0300726659243233
40.4040404040404,50.1010101010101,0.8450739206339506,2.957758722218827
41.21212121212121,50.1010101010101,0.8231839708494443,2.881143897973055
42.02020202020202,50.1010101010101,0.8001872308752386,2.800655308063335
42.82828282828283,50.1010101010101,0.7762092861669037,2.716732501584163
43.63636363636363,50.1010101010101,0.7513781422908853,2.6298234980180983
44.44444444444444,50.1010101010101,0.7258231002916681,2.540380851020838
45.25252525252525,50.1010101010101,0.6996736535693958,2.4488577874928854
46.06060606060606,50.1010101010101,0.6730584191579789,2.3557044670529264
46.868686868686865,50.1010101010101,0.6461041153753015,2.2613644038135554
47.676767676767675,50.1010101010101,0.6189345967337769,0.6220968801212556
48.484848484848484,50.1010101010101,0.5916699557769345,0.5946929376588609
49.292929292929294,50.1010101010101,0.5644257001735551,0.5673094847035264
50.1010101010101,50.1010101010101,0.537312011984023,0.5400572662618682
50.90909090909091,50.1010101010101,0.5104330945433735,0.5130410180684307
51.717171717171716,50.1010101010101,0.48388661091129354,0.4863589021665945
52.525252525252526,50.1010101010101,0.45776321634947753,0.4601020369972485
53.333333333333336,50.1010101010101,0.4321461858283723,0.43435412300237897
54.14141414141414,50.1010101010101,0.40711113616352496,0.40919116334174593
54.94949494949495,50.1010101010101,0.3827258410592402,0.3846812779915547
55.75757575757576,50.1010101010101,0.0,0.0
56.56565656565657,50.1010101010101,0.0,0.0
57.37373737373737,50.1010101010101,0.0,0.0
58.18181818181818,50.1010101010101,0.0,0.0
58.98989898989899,50.1010101010101,0.0,0.0
59.7979797979798,50.1010101010101,0.0,0.0
60.6060606060606,50.1010101010101,0.0,0.0
61.41414141414141,50.1010101010101,0.0,0.0
62.22222222222222,50.1010101010101,0.0,0.0
63.03030303030303,50.1010101010101,0.0,0.0
63.838383838383834,50.1010101010101,0.0,0.0
64.64646464646465,50.1010101010101,0.0,0.0
65.45454545454545,50.1010101010101,0.0,0.0
66.26262626262626,50.1010101010101,0.0,0.0
67.07070707070707,50.1010101010101,0.0,0.0
67.87878787878788,50.1010101010101,0.0,0.0
68.68686868686869,50.1010101010101,0.0,0.0
69.4949494949495,50.1010101010101,0.0,0.0
70.3030303030303,50.1010101010101,0.0,0.0
71.11111111111111,50.1010101010101,0.0,0.0
71.91919191919192,50.1010101010101,0.0,0.0
72.72727272727272,50.1010101010101,0.0,0.0
73.53535353535354,50.1010101010101,0.0,0.0
74.34343434343434,50.1010101010101,0.0,0.0
75.15151515151516,50.1010101010101,0.0,0.0
75.95959595959596,50.1010101010101,0.0,0.0
76.76767676767676,50.1010101010101,0.0,0.0
77.57575757575758,50.1010101010101,0.0,0.0
78.38383838383838,50.1010101010101,0.0,0.0
79.1919191919192,50.1010101010101,0.0,0.0
80.0,50.1010101010101,0.0,0.0
0.0,50.90909090909091,0.0,0.0
0.8080808080808081,50.90909090909091,0.0,0.0
1.6161616161616161,50.90909090909091,0.0,0.0
2.4242424242424243,50.90909090909091,0.0,0.0
3.2323232323232323,50.90909090909091,0.0,0.0
4.040404040404041,50.90909090909091,0.0,0.0
4.848484848484849,50.90909090909091,0.0,0.0
5.656565656565657,50.90909090909091,0.0,0.0
6.4646464646464645,50.90909090909091,0.38202126035078704,0.38203805073337993
7.2727272727272725,50.90909090909091,0.40626040460252505,0.40627826033029096
8.080808080808081,50.90909090909091,0.4311356803537518,0.431154629385583
8.88888888888889,50.90909090909091,0.4565790091652105,0.45659907646785414
9.696969696969697,50.90909090909091,0.48251455934301446,0.48253576655030594
10.505050505050505,50.90909090909091,0.508858940026682,0.5088813051073087
11.313131313131313,50.90909090909091,0.5355214875919388,0.5355450245297918
12.121212121212121,50.90909090909091,0.5624046459231483,0.5624293644143873
12.929292929292929,50.90909090909091,0.5894044407895072,0.5894303459604752
13.737373737373737,50.90909090909091,0.6164110471624409,0.6164381393125135
14.545454545454545,50.90909090909091,0.6433094468616879,0.6433377212350264
15.353535353535353,50.90909090909091,0.6699801724396047,0.670009619029605
16.161616161616163,50.90909090909091,0.6963001317341707,0.6963307351241511
16.96969696969697,50.90909090909091,0.7221435060694151,0.7221752453127828
17.77777777777778,50.90909090909091,0.7473827136865073,0.747415562229268
18.585858585858585,50.90909090909091,0.7718894286786724,0.7719233543267241
19.393939393939394,50.90909090909091,0.7955356445069129,0.7955706094400826
20.2020202020202,50.90909090909091,0.818194770118389,0.8182307309526452
21.01010101010101,50.90909090909091,0.839742745800489,0.8397796536991977
21.818181818181817,50.90909090909091,0.8600591652036302,0.8600969660381258
22.626262626262626,50.90909090909091,0.8790283894739986,0.8790670240331216
23.434343434343432,50.90909090909091,0.8965406391692528,0.89658004341688
24.242424242424242,50.90909090909091,0.912493049596897,0.9125331549758543
25.05050505050505,50.90909090909091,0.9267906754231364,0.9268314092032658
25.858585858585858,50.90909090909091,0.9393474308511749,3.287716007979112
26.666666666666668,50.90909090909091,0.9500869523586758,3.325304333255365
27.474747474747474,50.90909090909091,0.9589433719058924,3.3563018016706234
28.282828282828284,50.90909090909091,0.9658619896652499,3.380516963828375
29.09090909090909,50.90909090909091,0.9707998366615684,3.3977994283154898
29.8989898989899,50.90909090909091,0.9737261192269079,3.4080414172941778
30.707070707070706,50.90909090909091,0.9746225388384689,3.4111788859346412
31.515151515151516,50.90909090909091,0.9734834826920187,3.4071921894220654
32.323232323232325,50.90909090909091,0.9703160822341026,3.396106287819359
33.13131313131313,50.90909090909091,0.965140138799088,3.377990485796808
33.93939393939394,50.90909090909091,0.9579879174358674,3.352957711025536
34.74747474747475,50.90909090909091,0.9489038119275052,3.321163341746268
35.55555555555556,50.90909090909091,0.9379438858693558,3.2828036005427457
36.36363636363636,50.90909090909091,0.9251752964426266,3.2381135375491934
37.17171717171717,50.90909090909091,0.9106756091684834,3.1873646320896922
37.97979797979798,50.90909090909091,0.894532013422885,3.1308620469800976
38.78787878787879,50.90909090909091,0.8768404498080995,3.068941574328348
39.5959595959596,50.90909090909091,0.8577046615910658,3.0019663155687306
40.4040404040404,50.90909090909091,0.8372351833136142,2.9303231415976496
41.21212121212121,50.90909090909091,0.8155482803420866,2.854418981197303
42.02020202020202,50.90909090909091,0.7927648535461488,2.774676987411521
42.82828282828283,50.90909090909091,0.7690093234757064,2.6915326321649724
43.63636363636363,50.90909090909091,0.7444085083430737,2.605429779200758
44.44444444444444,50.90909090909091,0.7190905098220078,2.5168167843770273
45.25252525252525,50.90909090909091,0.6931836201576723,2.426142670551853
46.06060606060606,50.90909090909091,0.6668152633579959,2.333853421752986
46.868686868686865,50.90909090909091,0.6401109823269926,2.240388438144474
47.676767676767675,50.90909090909091,0.6131934827272947,0.6163264334041055
48.484848484848484,50.90909090909091,0.5861817431479242,0.5891766844521946
49.292929292929294,50.90909090909091,0.5591901998315396,0.5620472349507588
50.1010101010101,50.90909090909091,0.5323280128116847,0.5350478026577967
50.90909090909091,50.90909090909091,0.5056984188540204,0.5082821518000463
51.717171717171716,50.90909090909091,0.47939817511514926,0.48184753388933055
52.525252525252526,50.90909090909091,0.45351709595662,0.4558342221700349
53.333333333333336,50.90909090909091,0.42813768390684487,0.43032514069552164
54.14141414141414,50.90909090909091,0.4033348543748554,0.4053955876353833
54.94949494949495,50.90909090909091,0.3791757524095779,0.38111305109849786
55.75757575757576,50.90909090909091,0.0,0.0
56.56565656565657,50.90909090909091,0.0,0.0
57.37373737373737,50.90909090909091,0.0,0.0
58.18181818181818,50.90909090909091,0.0,0.0
58.98989898989899,50.90909090909091,0.0,0.0
59.7979797979798,50.90909090909091,0.0,0.0
60.6060606060606,50.90909090909091,0.0,0.0
61.41414141414141,50.90909090909091,0.0,0.0
62.22222222222222,50.90909090909091,0.0,0.0
63.03030303030303,50.90909090909091,0.0,0.0
63.838383838383834,50.90909090909091,0.0,0.0
64.64646464646465,50.90909090909091,0.0,0.0
65.45454545454545,50.90909090909091,0.0,0.0
66.26262626262626,50.90909090909091,0.0,0.0
67.07070707070707,50.90909090909091,0.0,0.0
67.87878787878788,50.90909090909091,0.0,0.0
68.68686868686869,50.90909090909091,0.0,0.0
69.4949494949495,50.90909090909091,0.0,0.0
70.3030303030303,50.90909090909091,0.0,0.0
71.11111111111111,50.90909090909091,0.0,0.0
71.91919191919192,50.90909090909091,0.0,0.0
72.72727272727272,50.90909090909091,0.0,0.0
73.53535353535354,50.90909090909091,0.0,0.0
74.34343434343434,50.90909090909091,0.0,0.0
75.15151515151516,50.90909090909091,0.0,0.0
75.95959595959596,50.90909090909091,0.0,0.0
76.76767676767676,50.90909090909091,0.0,0.0
77.57575757575758,50.90909090909091,0.0,0.0
78.38383838383838,50.90909090909091,0.0,0.0
79.1919191919192,50.90909090909091,0.0,0.0
80.0,50.90909090909091,0.0,0.0
0.0,51.717171717171716,0.0,0.0
0.8080808080808081,51.717171717171716,0.0,0.0
1.6161616161616161,51.717171717171716,0.0,0.0
2.4242424242424243,51.717171717171716,0.0,0.0
3.2323232323232323,51.717171717171716,0.0,0.0
4.040404040404041,51.717171717171716,0.0,0.0
4.848484848484849,51.717171717171716,0.0,0.0
5.656565656565657,51.717171717171716,0.0,0.0
6.4646464646464645,51.717171717171716,0.3776876724925855,0.3777042724077733
7.2727272727272725,51.717171717171716,0.4016518517826194,0.4016695049578756
8.080808080808081,51.717171717171716,0.42624494639851884,0.4262636804755745
8.88888888888889,51.717171717171716,0.4513996501719148,0.4514194898342983
9.696969696969697,51.717171717171716,0.4770409916314838,0.47706195826761977
10.505050505050505,51.717171717171716,0.50308652588928,0.503108637264022
11.313131313131313,51.717171717171716,0.5294466177946311,0.529469887733239
12.121212121212121,51.717171717171716,0.5560248178928162,0.5560492559814582
12.929292929292929,51.717171717171716,0.5827183314200179,0.5827439427268846
13.737373737373737,51.717171717171716,0.6094185791851572,0.609445364006228
14.545454545454545,51.717171717171716,0.6360118477557475,0.6360398013891333
15.353535353535353,51.717171717171716,0.6623800249036952,0.662409137456305
16.161616161616163,51.717171717171716,0.6884014148047082,0.6884316710347448
16.96969696969697,51.717171717171716,0.7139516260496804,0.7139830052481658
17.77777777777778,51.717171717171716,0.7389045241467745,0.7389370000609388
18.585858585858585,51.717171717171716,0.7631332388977045,0.7631667796986501
19.393939393939394,51.717171717171716,0.7865112158491046,0.7865457841456847
20.2020202020202,51.717171717171716,0.8089132999767188,0.8089488528770433
21.01010101010101,51.717171717171716,0.8302168388814022,0.8302533281028321
21.818181818181817,51.717171717171716,0.850302792083875,0.8503401641117716
22.626262626262626,51.717171717171716,0.8690568325189195,0.8690950288138052
23.434343434343432,51.717171717171716,0.886370426064567,0.886409383316734
24.242424242424242,51.717171717171716,0.9021418749088826,0.9021815253388584
25.05050505050505,51.717171717171716,0.9162773107626979,0.9163175824653638
25.858585858585858,51.717171717171716,0.9286916243726779,3.250420685304373
26.666666666666668,51.717171717171716,0.9393093184720261,3.2875826146520915
27.474747474747474,51.717171717171716,0.9480652722174658,3.3182284527611303
28.282828282828284,51.717171717171716,0.9549054062874863,3.342168922006202
29.09090909090909,51.717171717171716,0.9597872391400653,3.3592553369902283
29.8989898989899,51.717171717171716,0.9626803264256886,3.36938114248991
30.707070707070706,51.717171717171716,0.9635665771970627,3.3724830201897196
31.515151515151516,51.717171717171716,0.9624404423207049,3.368541548122467
32.323232323232325,51.717171717171716,0.9593089723451759,3.3575814032081155
33.13131313131313,51.717171717171716,0.954191743981684,3.339671103935894
33.93939393939394,51.717171717171716,0.9471206562695863,3.314922296943552
34.74747474747475,51.717171717171716,0.9381395993959977,3.283488597885992
35.55555555555556,51.717171717171716,0.927304000979846,3.245564003429461
36.36363636363636,51.717171717171716,0.9146802563820544,3.2013808973371907
37.17171717171717,51.717171717171716,0.9003450512329668,3.151207679315384
37.97979797979798,51.717171717171716,0.8843845858462563,3.095346050461897
38.78787878787879,51.717171717171716,0.8668937124893984,3.0341279937128944
39.5959595959596,51.717171717171716,0.847974997582364,2.967912491538274
40.4040404040404,51.717171717171716,0.8277377217808831,2.897082026233091
41.21212121212121,51.717171717171716,0.8062968315556438,2.8220389104447534
42.02020202020202,51.717171717171716,0.7837718562962526,2.743201497036884
42.82828282828283,51.717171717171716,0.760285805145868,2.661000318010538
43.63636363636363,51.717171717171716,0.7359640577113594,2.575874201989758
44.44444444444444,51.717171717171716,0.7109332625016593,2.4882664187558077
45.25252525252525,51.717171717171716,0.6853202564352943,2.39862089752353
46.06060606060606,51.717171717171716,0.6592510180427005,2.3073785631494514
46.868686868686865,51.717171717171716,0.6328496660893399,2.2149738313126894
47.676767676767675,51.717171717171716,0.6062375142845037,2.1218312999957627
48.484848484848484,51.717171717171716,0.5795321915431976,0.5824931587140382
49.292929292929294,51.717171717171716,0.5528468359617118,0.5556714613331286
50.1010101010101,51.717171717171716,0.5262893692796913,0.5289783062663495
50.90909090909091,51.717171717171716,0.4999618571614978,0.5025162806557056
51.717171717171716,51.717171717171716,0.4739599591660805,0.4763815328074804
52.525252525252526,51.717171717171716,0.4483724708152869,0.45066331192086473
53.333333333333336,51.717171717171716,0.42328095874208943,0.42544360137206977
54.14141414141414,51.717171717171716,0.3987594885271448,0.4007968451603389
54.94949494949495,51.717171717171716,0.3748744435367216,0.37678976582027524
55.75757575757576,51.717171717171716,0.0,0.0
56.56565656565657,51.717171717171716,0.0,0.0
57.37373737373737,51.717171717171716,0.0,0.0
58.18181818181818,51.717171717171716,0.0,0.0
58.98989898989899,51.717171717171716,0.0,0.0
59.7979797979798,51.717171717171716,0.0,0.0
60.6060606060606,51.717171717171716,0.0,0.0
61.41414141414141,51.717171717171716,0.0,0.0
62.22222222222222,51.717171717171716,0.0,0.0
63.03030303030303,51.717171717171716,0.0,0.0
63.838383838383834,51.717171717171716,0.0,0.0
64.64646464646465,51.717171717171716,0.0,0.0
65.45454545454545,51.717171717171716,0.0,0.0
66.26262626262626,51.717171717171716,0.0,0.0
67.07070707070707,51.717171717171716,0.0,0.0
67.87878787878788,51.717171717171716,0.0,0.0
68.68686868686869,51.717171717171716,0.0,0.0
69.4949494949495,51.717171717171716,0.0,0.0
70.3030303030303,51.717171717171716,0.0,0.0
71.11111111111111,51.717171717171716,0.0,0.0
71.91919191919192,51.717171717171716,0.0,0.0
72.72727272727272,51.717171717171716,0.0,0.0
73.53535353535354,51.717171717171716,0.0,0.0
74.34343434343434,51.717171717171716,0.0,0.0
75.15151515151516,51.717171717171716,0.0,0.0
75.95959595959596,51.717171717171716,0.0,0.0
76.76767676767676,51.717171717171716,0.0,0.0
77.57575757575758,51.717171717171716,0.0,0.0
78.38383838383838,51.717171717171716,0.0,0.0
79.1919191919192,51.717171717171716,0.0,0.0
80.0,51.717171717171716,0.0,0.0
0.0,52.525252525252526,0.0,0.0
0.8080808080808081,52.525252525252526,0.0,0.0
1.6161616161616161,52.525252525252526,0.0,0.0
2.4242424242424243,52.525252525252526,0.0,0.0
3.2323232323232323,52.525252525252526,0.0,0.0
4.040404040404041,52.525252525252526,0.0,0.0
4.848484848484849,52.525252525252526,0.0,0.0
5.656565656565657,52.525252525252526,0.0,0.0
6.4646464646464645,52.525252525252526,0.3726238018401608,0.3726401791909668
7.2727272727272725,52.525252525252526,0.3962666799253781,0.3962840964146035
8.080808080808081,52.525252525252526,0.420530041115625,0.4205485240143926
8.88888888888889,52.525252525252526,0.44534748165411603,0.4453670553150083
9.696969696969697,52.525252525252526,0.4706450352541317,0.4706657207788067
10.505050505050505,52.525252525252526,0.49634136241262206,0.4963631773277499
11.313131313131313,52.525252525252526,0.522348029767699,0.5223709877131767
12.121212121212121,52.525252525252526,0.5485698810166267,0.5485939914500951
12.929292929292929,52.525252525252526,0.5749054996226932,0.574930767544391
13.737373737373737,52.525252525252526,0.6012477621769885,0.6012741878789266
14.545454545454545,52.525252525252526,0.6274844798668526,0.6275120587101829
15.353535353535353,52.525252525252526,0.6534991240611401,0.6535278462854137
16.161616161616163,52.525252525252526,0.6791716305797926,0.6792014811475677
16.96969696969697,52.525252525252526,0.7043792757991575,0.7044102342791131
17.77777777777778,52.525252525252526,0.7289976163833392,0.7290296568746907
18.585858585858585,52.525252525252526,0.7529014831540226,0.7529345742546207
19.393939393939394,52.525252525252526,0.7759660184444441,0.7760001232644659
20.2020202020202,52.525252525252526,0.7980677452540174,0.7981028214766485
21.01010101010101,52.525252525252526,0.819085655653168,0.8191216556431219
21.818181818181817,52.525252525252526,0.8389023052051491,0.8389391761652876
22.626262626262626,52.525252525252526,0.8574048996918875,0.8574425838676049
23.434343434343432,52.525252525252526,0.874486360169317,0.8745247950997344
24.242424242424242,52.525252525252526,0.8900463523451588,0.8900854711595608
25.05050505050505,52.525252525252526,0.9039922664750931,0.9040319982324335
25.858585858585858,52.525252525252526,0.9162401344133235,0.9162804044820355
26.666666666666668,52.525252525252526,0.9267154711272922,3.2435041489455227
27.474747474747474,52.525252525252526,0.9353540288854261,3.2737391010989914
28.282828282828284,52.525252525252526,0.942102453438037,3.2973585870331297
29.09090909090909,52.525252525252526,0.946918832816985,3.314215914859447
29.8989898989899,52.525252525252526,0.9497731308572409,3.324205958000343
30.707070707070706,52.525252525252526,0.9506474991669974,3.327266247084491
31.515151515151516,52.525252525252526,0.9495364630131196,3.3233776205459185
32.323232323232325,52.525252525252526,0.9464469784135053,3.3125644244472685
33.13131313131313,52.525252525252526,0.9413983596034063,3.2948942586119223
33.93939393939394,52.525252525252526,0.9344220779338508,3.2704772727684777
34.74747474747475,52.525252525252526,0.9255614351315761,3.239465022960516
35.55555555555556,52.525252525252526,0.914871115666307,3.2020489048320746
36.36363636363636,52.525252525252526,0.9024166246990896,3.1584581864468135
37.17171717171717,52.525252525252526,0.8882736196929717,3.108957668925401
37.97979797979798,52.525252525252526,0.8725271452256295,3.053845008289703
38.78787878787879,52.525252525252526,0.8552707818269404,2.9934477363942915
39.5959595959596,52.525252525252526,0.8366057207513035,2.928120022629562
40.4040404040404,52.525252525252526,0.8166397774673491,2.8582392211357215
41.21212121212121,52.525252525252526,0.7954863572939037,2.784202250528663
42.02020202020202,52.525252525252526,0.7732633870229462,2.7064218545803116
42.82828282828283,52.525252525252526,0.7500922265449969,2.625322792907489
43.63636363636363,52.525252525252526,0.7260965744321506,2.541338010512527
44.44444444444444,52.525252525252526,0.7014013811456816,2.4549048340098856
45.25252525252525,52.525252525252526,0.6761317830303463,2.366461240606212
46.06060606060606,52.525252525252526,0.6504120695517009,2.2764422434309535
46.868686868686865,52.525252525252526,0.6243646953452405,2.1852764337083417
47.676767676767675,52.525252525252526,0.5981093475992528,2.093382716597385
48.484848484848484,52.525252525252526,0.571762078111845,2.0011672733914576
49.292929292929294,52.525252525252526,0.5454345080733366,0.5482212621067031
50.1010101010101,52.525252525252526,0.5192331122560236,0.5218859971549791
50.90909090909091,52.525252525252526,0.49325858787260796,0.4957787627770198
51.717171717171716,52.525252525252526,0.4676053119206303,0.46999441816479043
52.525252525252526,52.525252525252526,0.44236088939052853,0.44462101590336534
53.333333333333336,52.525252525252526,0.4176057933056367,0.41973944017180675
54.14141414141414,52.525252525252526,0.39341309620779225,0.3954231368568684
54.94949494949495,52.525252525252526,0.3698482914242061,0.3717379339066754
55.75757575757576,52.525252525252526,0.0,0.0
56.56565656565657,52.525252525252526,0.0,0.0
57.37373737373737,52.525252525252526,0.0,0.0
58.18181818181818,52.525252525252526,0.0,0.0
58.98989898989899,52.525252525252526,0.0,0.0
59.7979797979798,52.525252525252526,0.0,0.0
60.6060606060606,52.525252525252526,0.0,0.0
61.41414141414141,52.525252525252526,0.0,0.0
62.22222222222222,52.525252525252526,0.0,0.0
63.03030303030303,52.525252525252526,0.0,0.0
63.838383838383834,52.525252525252526,0.0,0.0
64.64646464646465,52.525252525252526,0.0,0.0
65.45454545454545,52.525252525252526,0.0,0.0
66.26262626262626,52.525252525252526,0.0,0.0
67.07070707070707,52.525252525252526,0.0,0.0
67.87878787878788,52.525252525252526,0.0,0.0
68.68686868686869,52.525252525252526,0.0,0.0
69.4949494949495,52.525252525252526,0.0,0.0
70.3030303030303,52.525252525252526,0.0,0.0
71.11111111111111,52.525252525252526,0.0,0.0
71.91919191919192,52.525252525252526,0.0,0.0
72.72727272727272,52.525252525252526,0.0,0.0
73.53535353535354,52.525252525252526,0.0,0.0
74.34343434343434,52.525252525252526,0.0,0.0
75.15151515151516,52.525252525252526,0.0,0.0
75.95959595959596,52.525252525252526,0.0,0.0
76.76767676767676,52.525252525252526,0.0,0.0
77.57575757575758,52.525252525252526,0.0,0.0
78.38383838383838,52.525252525252526,0.0,0.0
79.1919191919192,52.525252525252526,0.0,0.0
80.0,52.525252525252526,0.0,0.0
0.0,53.333333333333336,0.0,0.0
0.8080808080808081,53.333333333333336,0.0,0.0
1.6161616161616161,53.333333333333336,0.0,0.0
2.4242424242424243,53.333333333333336,0.0,0.0
3.2323232323232323,53.333333333333336,0.0,0.0
4.040404040404041,53.333333333333336,0.0,0.0
4.848484848484849,53.333333333333336,0.0,0.0
5.656565656565657,53.333333333333336,0.0,0.0
6.4646464646464645,53.333333333333336,0.0,0.0
7.2727272727272725,53.333333333333336,0.39013763291028386,0.39015478001909776
8.080808080808081,53.333333333333336,0.41402571328835835,0.41404391031258425
8.88888888888889,53.333333333333336,0.4384593030829934,0.43847857399855295
9.696969696969697,53.333333333333336,0.46336558004221123,0.4633859456243837
10.505050505050505,53.333333333333336,0.4886644627390594,0.4886859402434302
11.313131313131313,53.333333333333336,0.5142688856082885,0.5142914884637868
12.121212121212121,53.333333333333336,0.5400851641273624,0.540108901645348
12.929292929292929,53.333333333333336,0.5660134503666536,0.5660383274700265
13.737373737373737,53.333333333333336,0.5919482777923895,0.5919742947686442
14.545454545454545,53.333333333333336,0.6177791928135224,0.6178063450955597
15.353535353535353,53.333333333333336,0.6433914691443858,0.6434197471227214
16.161616161616163,53.333333333333336,0.6686668996346482,0.6686962885044241
16.96969696969697,53.333333333333336,0.6934846588239325,0.6935151384698383
17.77777777777778,53.333333333333336,0.7177222281383661,0.717753773060224
18.585858585858585,53.333333333333336,0.7412563743882435,0.7412889536696008
19.393939393939394,53.333333333333336,0.7639641710772692,0.7639977483988766
20.2020202020202,53.333333333333336,0.7857240510205955,0.7857585847201518
21.01010101010101,53.333333333333336,0.8064168779153251,0.8064523210943176
21.818181818181817,53.333333333333336,0.8259270238349327,0.8259633245128354
22.626262626262626,53.333333333333336,0.8441434391467483,0.8441805404622446
23.434343434343432,53.333333333333336,0.8609607010941062,0.8609985415523977
24.242424242424242,53.333333333333336,0.8762800272527642,0.8763185410174238
25.05050505050505,53.333333333333336,0.8900102402710459,0.8900493574982704
25.858585858585858,53.333333333333336,0.9020686707364053,0.9021083179489526
26.666666666666668,53.333333333333336,0.9123819856744553,0.9124220861719937
27.474747474747474,53.333333333333336,0.9208869310717109,3.2231042587509884
28.282828282828284,53.333333333333336,0.9275309779073547,3.2463584226757414
29.09090909090909,53.333333333333336,0.9322728624646295,3.262955018626203
29.8989898989899,53.333333333333336,0.9350830131471335,3.272790546014967
30.707070707070706,53.333333333333336,0.9359438576236976,3.2758035016829417
31.515151515151516,53.333333333333336,0.9348500058387499,3.2719750204356246
32.323232323232325,53.333333333333336,0.9318083062216304,3.261329071775706
33.13131313131313,53.333333333333336,0.9268377742747878,3.2439322099617574
33.93939393939394,53.333333333333336,0.9199693945826362,3.2198928810392267
34.74747474747475,53.333333333333336,0.911245799125168,3.189360296938088
35.55555555555556,53.333333333333336,0.9007208265687567,3.152522892990649
36.36363636363636,53.333333333333336,0.8884589689077298,3.109606391177054
37.17171717171717,53.333333333333336,0.8745347134130105,3.060871496945537
37.97979797979798,53.333333333333336,0.8590317892798789,3.006611262479576
38.78787878787879,53.333333333333336,0.8420423296304528,2.9471481537065847
39.5959595959596,53.333333333333336,0.8236659605964827,2.8828308620876895
40.4040404040404,53.333333333333336,0.8040088300673909,2.8140309052358683
41.21212121212121,53.333333333333336,0.7831825893247206,2.741139062636522
42.02020202020202,53.333333333333336,0.7613033411896524,2.6645616941637833
42.82828282828283,53.333333333333336,0.738490568482258,2.584716989687903
43.63636363636363,53.333333333333336,0.7148660565318528,2.5020311978614846
44.44444444444444,53.333333333333336,0.6905528231939926,2.416934881178974
45.25252525252525,53.333333333333336,0.6656740693326595,2.329859242664308
46.06060606060606,53.333333333333336,0.6403521620312962,2.2412325671095368
46.868686868686865,53.333333333333336,0.614707661922555,2.1514768167289424
47.676767676767675,53.333333333333336,0.5888584049959193,2.0610044174857176
48.484848484848484,53.333333333333336,0.5629186480791827,1.9702152682771394
49.292929292929294,53.333333333333336,0.5369982859204525,0.5397419372975644
50.1010101010101,53.333333333333336,0.5112021464493346,0.5138139992426525
50.90909090909091,53.333333333333336,0.4856293693972128,0.4881105648182164
51.717171717171716,53.333333333333336,0.4603728720349225,0.4627250260314264
52.525252525252526,53.333333333333336,0.4355189043686639,0.4377440735601841
53.333333333333336,53.333333333333336,0.4111466947474941,0.41324734054993906
54.14141414141414,53.333333333333336,0.3873281855020387,0.38930713690171653
54.94949494949495,53.333333333333336,0.0,0.0
55.75757575757576,53.333333333333336,0.0,0.0
56.56565656565657,53.333333333333336,0.0,0.0
57.37373737373737,53.333333333333336,0.0,0.0
58.18181818181818,53.333333333333336,0.0,0.0
58.98989898989899,53.333333333333336,0.0,0.0
59.7979797979798,53.333333333333336,0.0,0.0
60.6060606060606,53.333333333333336,0.0,0.0
61.41414141414141,53.333333333333336,0.0,0.0
62.22222222222222,53.333333333333336,0.0,0.0
63.03030303030303,53.333333333333336,0.0,0.0
63.838383838383834,53.333333333333336,0.0,0.0
64.64646464646465,53.333333333333336,0.0,0.0
65.45454545454545,53.333333333333336,0.0,0.0
66.26262626262626,53.333333333333336,0.0,0.0
67.07070707070707,53.333333333333336,0.0,0.0
67.87878787878788,53.333333333333336,0.0,0.0
68.68686868686869,53.333333333333336,0.0,0.0
69.4949494949495,53.333333333333336,0.0,0.0
70.3030303030303,53.333333333333336,0.0,0.0
71.11111111111111,53.333333333333336,0.0,0.0
71.91919191919192,53.333333333333336,0.0,0.0
72.72727272727272,53.333333333333336,0.0,0.0
73.53535353535354,53.333333333333336,0.0,0.0
74.34343434343434,53.333333333333336,0.0,0.0
75.15151515151516,53.333333333333336,0.0,0.0
75.95959595959596,53.333333333333336,0.0,0.0
76.76767676767676,53.333333333333336,0.0,0.0
77.57575757575758,53.333333333333336,0.0,0.0
78.38383838383838,53.333333333333336,0.0,0.0
79.1919191919192,53.333333333333336,0.0,0.0
80.0,53.333333333333336,0.0,0.0
0.0,54.14141414141414,0.0,0.0
0.8080808080808081,54.14141414141414,0.0,0.0
1.6161616161616161,54.14141414141414,0.0,0.0
2.4242424242424243,54.14141414141414,0.0,0.0
3.2323232323232323,54.14141414141414,0.0,0.0
4.040404040404041,54.14141414141414,0.0,0.0
4.848484848484849,54.14141414141414,0.0,0.0
5.656565656565657,54.14141414141414,0.0,0.0
6.4646464646464645,54.14141414141414,0.0,0.0
7.2727272727272725,54.14141414141414,0.38330160591328044,0.3833184525688981
8.080808080808081,54.14141414141414,0.406771117179852,0.40678899535416857
8.88888888888889,54.14141414141414,0.4307765793974988,0.4307955126463277
9.696969696969697,54.14141414141414,0.4552464463123483,0.4552664550469423
10.505050505050505,54.14141414141414,0.4801020396914767,0.4801231408650675
11.313131313131313,54.14141414141414,0.505257819540367,0.5052800263465806
12.121212121212121,54.14141414141414,0.5306217428851857,0.5306450644722277
12.929292929292929,54.14141414141414,0.5560957113407871,0.5561201525452978
13.737373737373737,54.14141414141414,0.5815761063675706,0.5816016674720071
14.545454545454545,54.14141414141414,0.606954409752332,0.6069810862696201
15.353535353535353,54.14141414141414,0.632117905453789,0.6321456879428228
16.161616161616163,54.14141414141414,0.656950457558023,0.6569793314733565
16.96969696969697,54.14141414141414,0.6813333577193341,0.6813633032981192
17.77777777777778,54.14141414141414,0.7051462341454163,0.7051772263342918
18.585858585858585,54.14141414141414,0.728268012949694,0.7283000213739277
19.393939393939394,54.14141414141414,0.7505779215650913,0.7506109105418233
20.2020202020202,54.14141414141414,0.7719565229180018,0.7719904515149415
21.01010101010101,54.14141414141414,0.792286768222636,0.7923215903630308
21.818181818181817,54.14141414141414,0.8114550555954865,0.8114907202096179
22.626262626262626,54.14141414141414,0.8293522812256217,0.829388732448502
23.434343434343432,54.14141414141414,0.8458748695834819,0.8459120469978305
24.242424242424242,54.14141414141414,0.8609257691194241,0.8609636080424052
25.05050505050505,54.14141414141414,0.8744154000995992,0.8744538319112196
25.858585858585858,54.14141414141414,0.8862625416524079,0.8863014941629002
26.666666666666668,54.14141414141414,0.8963951457504932,0.8964345436034759
27.474747474747474,54.14141414141414,0.9047510667229325,0.9047908318306327
28.282828282828284,54.14141414141414,0.9112786959671766,3.189475435885118
29.09090909090909,54.14141414141414,0.9159374927930565,3.2057812247756976
29.8989898989899,54.14141414141414,0.9186984037603658,3.2154444131612805
30.707070707070706,54.14141414141414,0.9195441644419161,3.2184045755467063
31.515151515151516,54.14141414141414,0.9184694792271781,3.2146431772951236
32.323232323232325,54.14141414141414,0.9154810765466918,3.2041837679134213
33.13131313131313,54.14141414141414,0.9105976387115465,3.1870917354904127
33.93939393939394,54.14141414141414,0.9038496073914578,3.163473625870102
34.74747474747475,54.14141414141414,0.895278867564997,3.1334760364774894
35.55555555555556,54.14141414141414,0.884938314532541,3.0972841008638934
36.36363636363636,54.14141414141414,0.8728913102538419,3.0551195858884466
37.17171717171717,54.14141414141414,0.8592110368271046,3.007238628894866
37.97979797979798,54.14141414141414,0.8439797563370537,2.953929147179688
38.78787878787879,54.14141414141414,0.8272879875408826,2.895507956393089
39.5959595959596,54.14141414141414,0.8092336109122236,2.8323176381927824
40.4040404040404,54.14141414141414,0.7899209144075505,2.7647232004264266
41.21212121212121,54.14141414141414,0.7694595929445226,2.6931085753058293
42.02020202020202,54.14141414141414,0.7479637149801547,2.6178730024305414
42.82828282828283,54.14141414141414,0.7255506697457061,2.5394273441099715
43.63636363636363,54.14141414141414,0.7023401086369033,2.4581903802291616
44.44444444444444,54.14141414141414,0.678452893979277,2.3745851289274693
45.25252525252525,54.14141414141414,0.6540100679000942,2.28903523765033
46.06060606060606,54.14141414141414,0.6291318533556599,2.2019614867448096
46.868686868686865,54.14141414141414,0.6039366985042842,2.1137784447649945
47.676767676767675,54.14141414141414,0.5785403746025526,2.024891311108934
48.484848484848484,54.14141414141414,0.5530551364597566,1.935692977609148
49.292929292929294,54.14141414141414,0.5275889532382578,1.8465613363339024
50.1010101010101,54.14141414141414,0.5022448160631696,0.5048109037348966
50.90909090909091,54.14141414141414,0.47712012753050853,0.47955784722025213
51.717171717171716,54.14141414141414,0.45230617680626073,0.4546171161470513
52.525252525252526,54.14141414141414,0.4278877026161937,0.43007388219127346
53.333333333333336,54.14141414141414,0.4039425450630443,0.4060063831591689
54.14141414141414,54.14141414141414,0.3805413858973946,0.38248566193111755
54.94949494949495,54.14141414141414,0.0,0.0
55.75757575757576,54.14141414141414,0.0,0.0
56.56565656565657,54.14141414141414,0.0,0.0
57.37373737373737,54.14141414141414,0.0,0.0
58.18181818181818,54.14141414141414,0.0,0.0
58.98989898989899,54.14141414141414,0.0,0.0
59.7979797979798,54.14141414141414,0.0,0.0
60.6060606060606,54.14141414141414,0.0,0.0
61.41414141414141,54.14141414141414,0.0,0.0
62.22222222222222,54.14141414141414,0.0,0.0
63.03030303030303,54.14141414141414,0.0,0.0
63.838383838383834,54.14141414141414,0.0,0.0
64.64646464646465,54.14141414141414,0.0,0.0
65.45454545454545,54.14141414141414,0.0,0.0
66.26262626262626,54.14141414141414,0.0,0.0
67.07070707070707,54.14141414141414,0.0,0.0
67.87878787878788,54.14141414141414,0.0,0.0
68.68686868686869,54.14141414141414,0.0,0.0
69.4949494949495,54.14141414141414,0.0,0.0
70.3030303030303,54.14141414141414,0.0,0.0
71.11111111111111,54.14141414141414,0.0,0.0
71.91919191919192,54.14141414141414,0.0,0.0
72.72727272727272,54.14141414141414,0.0,0.0
73.53535353535354,54.14141414141414,0.0,0.0
74.34343434343434,54.14141414141414,0.0,0.0
75.15151515151516,54.14141414141414,0.0,0.0
75.95959595959596,54.14141414141414,0.0,0.0
76.76767676767676,54.14141414141414,0.0,0.0
77.57575757575758,54.14141414141414,0.0,0.0
78.38383838383838,54.14141414141414,0.0,0.0
79.1919191919192,54.14141414141414,0.0,0.0
80.0,54.14141414141414,0.0,0.0
0.0,54.94949494949495,0.0,0.0
0.8080808080808081,54.94949494949495,0.0,0.0
1.6161616161616161,54.94949494949495,0.0,0.0
2.4242424242424243,54.94949494949495,0.0,0.0
3.2323232323232323,54.94949494949495,0.0,0.0
4.040404040404041,54.94949494949495,0.0,0.0
4.848484848484849,54.94949494949495,0.0,0.0
5.656565656565657,54.94949494949495,0.0,0.0
6.4646464646464645,54.94949494949495,0.0,0.0
7.2727272727272725,54.94949494949495,0.375799275729444,0.37581579264688425
8.080808080808081,54.94949494949495,0.39880942022045623,0.3988269484667664
8.88888888888889,54.94949494949495,0.42234502553953013,0.4223635882094677
9.696969696969697,54.94949494949495,0.4463359458016196,0.4463555629069296
10.505050505050505,54.94949494949495,0.47070504273625463,0.4707257308983446
11.313131313131313,54.94949494949495,0.49536845061605644,0.4953902227703147
12.121212121212121,54.94949494949495,0.5202359280165987,0.5202587931321735
12.929292929292929,54.94949494949495,0.5452112966241999,0.5452352594430646
13.737373737373737,54.94949494949495,0.5701929660162447,0.570218026815328
14.545454545454545,54.94949494949495,0.5950745419974136,0.5951006963774663
15.353535353535353,54.94949494949495,0.6197455147080472,0.6197727534127534
16.161616161616163,54.94949494949495,0.6440920213527287,0.6441203301213392
16.96969696969697,54.94949494949495,0.6679976770542527,0.6680270365107359
17.77777777777778,54.94949494949495,0.6913444660473076,0.6913748516286696
18.585858585858585,54.94949494949495,0.714013684214345,0.7140450661403758
19.393939393939394,54.94949494949495,0.7358869228596149,0.7359192661458722
20.2020202020202,54.94949494949495,0.7568470826413349,0.7568803471566925
21.01010101010101,54.94949494949495,0.7767794057597828,0.7768135463293443
21.818181818181817,54.94949494949495,0.7955725138515888,0.795607480405219
22.626262626262626,54.94949494949495,0.8131194385855616,0.8131551763517137
23.434343434343432,54.94949494949495,0.8293186317072945,0.8293550814512302
24.242424242424242,54.94949494949495,0.8440749412489856,0.844112039553901
25.05050505050505,54.94949494949495,0.8573005408134035,0.8573382204023984
25.858585858585858,54.94949494949495,0.8689157992582558,0.8689539893545273
26.666666666666668,54.94949494949495,0.8788500787461825,0.8788887054682931
27.474747474747474,54.94949494949495,0.8870424499782653,0.8870814367668477
28.282828282828284,54.94949494949495,0.8934423144828045,0.8934815825546157
29.09090909090909,54.94949494949495,0.8980099250691594,3.143034737742058
29.8989898989899,54.94949494949495,0.9007167969576718,3.1525087893518515
30.707070707070706,54.94949494949495,0.9015460036363386,3.155411012727185
31.515151515151516,54.94949494949495,0.9004923531451716,3.1517232360081007
32.323232323232325,54.94949494949495,0.8975624422197036,3.141468547768963
33.13131313131313,54.94949494949495,0.8927745875037165,3.124711056263008
33.93939393939394,54.94949494949495,0.8861586348346774,3.101555221921371
34.74747474747475,54.94949494949495,0.8777556493799853,3.0721447728299487
35.55555555555556,54.94949494949495,0.867617491124739,3.0366612189365862
36.36363636363636,54.94949494949495,0.855806281850367,2.9953219864762843
37.17171717171717,54.94949494949495,0.842393771268004,2.948378199438014
37.97979797979798,54.94949494949495,0.8274606113534896,2.8961121397372134
38.78787878787879,54.94949494949495,0.8110955491479751,2.838834422017913
39.5959595959596,54.94949494949495,0.7933945493187917,2.776880922615771
40.4040404040404,54.94949494949495,0.7744598586029885,2.71060950511046
41.21212121212121,54.94949494949495,0.7543990248688014,2.640396587040805
42.02020202020202,54.94949494949495,0.7333238839209036,2.5666335937231626
42.82828282828283,54.94949494949495,0.7113495273409767,2.4897233456934185
43.63636363636363,54.94949494949495,0.6885932645980142,2.41007642609305
44.44444444444444,54.94949494949495,0.6651735923893861,2.3281075733628516
45.25252525252525,54.94949494949495,0.6412091836949549,2.244232142932342
46.06060606060606,54.94949494949495,0.6168179083571852,2.158862679250148
46.868686868686865,54.94949494949495,0.5921158961585191,2.0724056365548167
47.676767676767675,54.94949494949495,0.567216652374447,1.9852582833105643
48.484848484848484,54.94949494949495,0.5422302346602932,1.8978058213110263
49.292929292929294,54.94949494949495,0.5172624989070607,1.8104187461747123
50.1010101010101,54.94949494949495,0.4924144204032084,0.4949302822561624
50.90909090909091,54.94949494949495,0.46778149529191076,0.4701715016986262
51.717171717171716,54.94949494949495,0.44345322594396513,0.4457189334628641
52.525252525252526,54.94949494949495,0.4195126925011665,0.42165608216678496
53.333333333333336,54.94949494949495,0.39603621150844953,0.3980596542746193
54.14141414141414,54.94949494949495,0.3730930812684208,0.37499930215040816
54.94949494949495,54.94949494949495,0.0,0.0
55.75757575757576,54.94949494949495,0.0,0.0
56.56565656565657,54.94949494949495,0.0,0.0
57.37373737373737,54.94949494949495,0.0,0.0
58.18181818181818,54.94949494949495,0.0,0.0
58.98989898989899,54.94949494949495,0.0,0.0
59.7979797979798,54.94949494949495,0.0,0.0
60.6060606060606,54.94949494949495,0.0,0.0
61.41414141414141,54.94949494949495,0.0,0.0
62.22222222222222,54.94949494949495,0.0,0.0
63.03030303030303,54.94949494949495,0.0,0.0
63.838383838383834,54.94949494949495,0.0,0.0
64.64646464646465,54.94949494949495,0.0,0.0
65.45454545454545,54.94949494949495,0.0,0.0
66.26262626262626,54.94949494949495,0.0,0.0
67.07070707070707,54.94949494949495,0.0,0.0
67.87878787878788,54.94949494949495,0.0,0.0
68.68686868686869,54.94949494949495,0.0,0.0
69.4949494949495,54.94949494949495,0.0,0.0
70.3030303030303,54.94949494949495,0.0,0.0
71.11111111111111,54.94949494949495,0.0,0.0
71.91919191919192,54.94949494949495,0.0,0.0
72.72727272727272,54.94949494949495,0.0,0.0
73.53535353535354,54.94949494949495,0.0,0.0
74.34343434343434,54.94949494949495,0.0,0.0
75.15151515151516,54.94949494949495,0.0,0.0
75.95959595959596,54.94949494949495,0.0,0.0
76.76767676767676,54.94949494949495,0.0,0.0
77.57575757575758,54.94949494949495,0.0,0.0
78.38383838383838,54.94949494949495,0.0,0.0
79.1919191919192,54.94949494949495,0.0,0.0
80.0,54.94949494949495,0.0,0.0
0.0,55.75757575757576,0.0,0.0
0.8080808080808081,55.75757575757576,0.0,0.0
1.6161616161616161,55.75757575757576,0.0,0.0
2.4242424242424243,55.75757575757576,0.0,0.0
3.2323232323232323,55.75757575757576,0.0,0.0
4.040404040404041,55.75757575757576,0.0,0.0
4.848484848484849,55.75757575757576,0.0,0.0
5.656565656565657,55.75757575757576,0.0,0.0
6.4646464646464645,55.75757575757576,0.0,0.0
7.2727272727272725,55.75757575757576,0.0,0.0
8.080808080808081,55.75757575757576,0.3901873756575322,0.3902045249526112
8.88888888888889,55.75757575757576,0.41321415388379495,0.4132323152388204
9.696969696969697,55.75757575757576,0.43668640338958453,0.43670559638365847
10.505050505050505,55.75757575757576,0.46052865359223294,0.46054889448741687
11.313131313131313,55.75757575757576,0.4846588518961535,0.4846801533481797
12.121212121212121,55.75757575757576,0.5089887078478431,0.5090110786319518
12.929292929292929,55.75757575757576,0.5334241224568874,0.533447567212533
13.737373737373737,55.75757575757576,0.5578657016308141,0.557890220628938
14.545454545454545,55.75757575757576,0.5822093513594214,0.5822349402958841
15.353535353535353,55.75757575757576,0.6063469509466114,0.6063736007652133
16.161616161616163,55.75757575757576,0.6301670992491906,0.6301947959974923
16.96969696969697,55.75757575757576,0.6535559275682257,0.653584652289095
17.77777777777778,55.75757575757576,0.6763979715755979,0.6764277002370797
18.585858585858585,55.75757575757576,0.6985770934727559,0.6986077969384721
19.393939393939394,55.75757575757576,0.7199774444960865,0.7200090885379397
20.2020202020202,55.75757575757576,0.7404844569284184,0.7405170022828955
21.01010101010101,55.75757575757576,0.7599858539717628,0.7600192564406245
21.818181818181817,55.75757575757576,0.7783726652028932,0.7784068757984935
22.626262626262626,55.75757575757576,0.7955402348882442,0.7955752000231677
23.434343434343432,55.75757575757576,0.8113892101918979,0.8114248719120293
24.242424242424242,55.75757575757576,0.8258264962802755,0.825862792539848
25.05050505050505,55.75757575757576,0.838766165515483,0.8388030304920868
25.858585858585858,55.75757575757576,0.8501303083375749,0.8501676727845632
26.666666666666668,55.75757575757576,0.8598498140611354,0.8598876056943477
27.474747474747474,55.75757575757576,0.8678650706458261,0.8679032145610672
28.282828282828284,55.75757575757576,0.8741265735316143,0.8741649926488926
29.09090909090909,55.75757575757576,0.8785954348406831,0.8786340503708288
29.8989898989899,55.75757575757576,0.881243785618947,3.0843532496663144
30.707070707070706,55.75757575757576,0.8820550652964628,3.08719272853762
31.515151515151516,55.75757575757576,0.8810241941606167,3.0835846795621586
32.323232323232325,55.75757575757576,0.8781576263290778,3.0735516921517725
33.13131313131313,55.75757575757576,0.8734732824496683,3.057156488573839
33.93939393939394,55.75757575757576,0.867000363108947,3.0345012708813144
34.74747474747475,55.75757575757576,0.8587790456675428,3.0057266598364
35.55555555555556,55.75757575757576,0.8488600689256479,2.971010241239768
36.36363636363636,55.75757575757576,0.8373042116252823,2.9305647406884883
37.17171717171717,55.75757575757576,0.824181672287525,2.884635853006338
37.97979797979798,55.75757575757576,0.8095713592359987,2.8334997573259955
38.78787878787879,55.75757575757576,0.7935601008486913,2.7774603529704196
39.5959595959596,55.75757575757576,0.7762417870885862,2.7168462548100516
40.4040404040404,55.75757575757576,0.757716454173425,2.6520075896069875
41.21212121212121,55.75757575757576,0.73808932484454,2.58331263695589
42.02020202020202,55.75757575757576,0.717469817076827,2.5111443597688945
42.82828282828283,55.75757575757576,0.6959705342340475,2.4358968698191665
43.63636363636363,55.75757575757576,0.6737062496177475,2.357971873662116
44.44444444444444,55.75757575757576,0.6507928980906126,2.277775143317144
45.25252525252525,55.75757575757576,0.6273465869866878,2.195713054453407
46.06060606060606,55.75757575757576,0.6034826378660184,2.1121892325310645
46.868686868686865,55.75757575757576,0.5793146698477858,2.02760134446725
47.676767676767675,55.75757575757576,0.5549537342846446,1.942338069996256
48.484848484848484,55.75757575757576,0.530507509444772,1.856776283056702
49.292929292929294,55.75757575757576,0.5060795626719016,1.7712784693516554
50.1010101010101,55.75757575757576,0.48176868622321845,1.6861904017812646
50.90909090909091,55.75757575757576,0.45766831166678834,0.4600066474240668
51.717171717171716,55.75757575757576,0.43386600638042594,0.43608273052480057
52.525252525252526,55.75757575757576,0.4104430543580708,0.41254010509517935
53.333333333333336,55.75757575757576,0.3874741222221185,0.3894538192470498
54.14141414141414,55.75757575757576,0.0,0.0
54.94949494949495,55.75757575757576,0.0,0.0
55.75757575757576,55.75757575757576,0.0,0.0
56.56565656565657,55.75757575757576,0.0,0.0
57.37373737373737,55.75757575757576,0.0,0.0
58.18181818181818,55.75757575757576,0.0,0.0
58.98989898989899,55.75757575757576,0.0,0.0
59.7979797979798,55.75757575757576,0.0,0.0
60.6060606060606,55.75757575757576,0.0,0.0
61.41414141414141,55.75757575757576,0.0,0.0
62.22222222222222,55.75757575757576,0.0,0.0
63.03030303030303,55.75757575757576,0.0,0.0
63.838383838383834,55.75757575757576,0.0,0.0
64.64646464646465,55.75757575757576,0.0,0.0
65.45454545454545,55.75757575757576,0.0,0.0
66.26262626262626,55.75757575757576,0.0,0.0
67.07070707070707,55.75757575757576,0.0,0.0
67.87878787878788,55.75757575757576,0.0,0.0
68.68686868686869,55.75757575757576,0.0,0.0
69.4949494949495,55.75757575757576,0.0,0.0
70.3030303030303,55.75757575757576,0.0,0.0
71.11111111111111,55.75757575757576,0.0,0.0
71.91919191919192,55.75757575757576,0.0,0.0
72.72727272727272,55.75757575757576,0.0,0.0
73.53535353535354,55.75757575757576,0.0,0.0
74.34343434343434,55.75757575757576,0.0,0.0
75.15151515151516,55.75757575757576,0.0,0.0
75.95959595959596,55.75757575757576,0.0,0.0
76.76767676767676,55.75757575757576,0.0,0.0
77.57575757575758,55.75757575757576,0.0,0.0
78.38383838383838,55.75757575757576,0.0,0.0
79.1919191919192,55.75757575757576,0.0,0.0
80.0,55.75757575757576,0.0,0.0
0.0,56.56565656565657,0.0,0.0
0.8080808080808081,56.56565656565657,0.0,0.0
1.6161616161616161,56.56565656565657,0.0,0.0
2.4242424242424243,56.56565656565657,0.0,0.0
3.2323232323232323,56.56565656565657,0.0,0.0
4.040404040404041,56.56565656565657,0.0,0.0
4.848484848484849,56.56565656565657,0.0,0.0
5.656565656565657,56.56565656565657,0.0,0.0
6.4646464646464645,56.56565656565657,0.0,0.0
7.2727272727272725,56.56565656565657,0.0,0.0
8.080808080808081,56.56565656565657,0.3809548660798308,0.38097160959286525
8.88888888888889,56.56565656565657,0.40343679082343215,0.4034545224493206
9.696969696969697,56.56565656565657,0.42635364622399924,0.42637238507856823
10.505050505050505,56.56565656565657,0.44963174746365514,0.4496515094241777
11.313131313131313,56.56565656565657,0.47319098345343796,0.47321178087618976
12.121212121212121,56.56565656565657,0.4969451528449984,0.4969669942975822
12.929292929292929,56.56565656565657,0.5208023831931273,0.52082527320522
13.737373737373737,56.56565656565657,0.5446656322418489,0.5446895710779811
14.545454545454545,56.56565656565657,0.5684332690256583,0.5684582524835337
15.353535353535353,56.56565656565657,0.5919997311715203,0.5920257504092248
16.161616161616163,56.56565656565657,0.6152562534803696,0.6152832948756027
16.96969696969697,56.56565656565657,0.6380916615840458,0.6381197066282339
17.77777777777778,56.56565656565657,0.6603932232405554,0.660422248470381
18.585858585858585,56.56565656565657,0.6820475486729495,0.6820775256414519
19.393939393939394,56.56565656565657,0.7029415303001507,0.7029724255891284
20.2020202020202,56.56565656565657,0.7229633112757433,0.7229950865507262
21.01010101010101,56.56565656565657,0.7420032714653765,0.742035883573932
21.818181818181817,56.56565656565657,0.7599550188749039,0.7599884199885188
22.626262626262626,56.56565656565657,0.7767163741068048,0.7767505119060347
23.434343434343432,56.56565656565657,0.7921903351854568,0.7922251530874812
24.242424242424242,56.56565656565657,0.8062860100623943,0.8063214474895569
25.05050505050505,56.56565656565657,0.8189195042965653,0.8189554969839286
25.858585858585858,56.56565656565657,0.830014751803245,0.8300512321426579
26.666666666666668,56.56565656565657,0.8395042771756163,0.8395411745932867
27.474747474747474,56.56565656565657,0.8473298788975344,0.8473671202616303
28.282828282828284,56.56565656565657,0.8534432237726581,0.8534807338270339
29.09090909090909,56.56565656565657,0.8578063440777597,0.8578440458975339
29.8989898989899,56.56565656565657,0.8603920302865093,0.860429845750903
30.707070707070706,56.56565656565657,0.8611841136807518,3.014144397882631
31.515151515151516,56.56565656565657,0.8601776347426774,3.010621721599371
32.323232323232325,56.56565656565657,0.8573788948743452,3.000826132060208
33.13131313131313,56.56565656565657,0.8528053906899898,2.9848188674149645
33.93939393939394,56.56565656565657,0.8464856318396823,2.962699711438888
34.74747474747475,56.56565656565657,0.8384588450180633,2.9346059575632215
35.55555555555556,56.56565656565657,0.828774568457373,2.9007109896008054
36.36363636363636,56.56565656565657,0.8174921427692536,2.8612224996923876
37.17171717171717,56.56565656565657,0.8046801054561081,2.8163803690963785
37.97979797979798,56.56565656565657,0.7904154977338588,2.7664542420685057
38.78787878787879,56.56565656565657,0.7747830934705804,2.7117408271470316
39.5959595959596,56.56565656565657,0.7578745610300024,2.6525609636050085
40.4040404040404,56.56565656565657,0.7397875695995731,2.589256493598506
41.21212121212121,56.56565656565657,0.7206248521681934,2.5221869825886767
42.02020202020202,56.56565656565657,0.7004932376918307,2.4517263319214075
42.82828282828283,56.56565656565657,0.6795026651434967,2.378259328002238
43.63636363636363,56.56565656565657,0.6577651920894987,2.3021781723132455
44.44444444444444,56.56565656565657,0.6353940101727338,2.2238790356045683
45.25252525252525,56.56565656565657,0.6125024794264871,2.1437586779927047
46.06060606060606,56.56565656565657,0.5892031927028186,2.0622111744598652
46.868686868686865,56.56565656565657,0.5656070806956266,1.979624782434693
47.676767676767675,56.56565656565657,0.5418225670900884,1.8963789848153092
48.484848484848484,56.56565656565657,0.5179547822999289,1.812841738049751
49.292929292929294,56.56565656565657,0.4941048430860268,1.7293669508010938
50.1010101010101,56.56565656565657,0.4703692041095367,1.6462922143833785
50.90909090909091,56.56565656565657,0.4468390861856884,1.5639368016499093
51.717171717171716,56.56565656565657,0.42359998469636684,0.425764257305477
52.525252525252526,56.56565656565657,0.4007312603153341,0.40277869119741105
53.333333333333336,56.56565656565657,0.37830581292328824,0.3802386668854146
54.14141414141414,56.56565656565657,0.0,0.0
54.94949494949495,56.56565656565657,0.0,0.0
55.75757575757576,56.56565656565657,0.0,0.0
56.56565656565657,56.56565656565657,0.0,0.0
57.37373737373737,56.56565656565657,0.0,0.0
58.18181818181818,56.56565656565657,0.0,0.0
58.98989898989899,56.56565656565657,0.0,0.0
59.7979797979798,56.56565656565657,0.0,0.0
60.6060606060606,56.56565656565657,0.0,0.0
61.41414141414141,56.56565656565657,0.0,0.0
62.22222222222222,56.56565656565657,0.0,0.0
63.03030303030303,56.56565656565657,0.0,0.0
63.838383838383834,56.56565656565657,0.0,0.0
64.64646464646465,56.56565656565657,0.0,0.0
65.45454545454545,56.56565656565657,0.0,0.0
66.26262626262626,56.56565656565657,0.0,0.0
67.07070707070707,56.56565656565657,0.0,0.0
67.87878787878788,56.56565656565657,0.0,0.0
68.68686868686869,56.56565656565657,0.0,0.0
69.4949494949495,56.56565656565657,0.0,0.0
70.3030303030303,56.56565656565657,0.0,0.0
71.11111111111111,56.56565656565657,0.0,0.0
71.91919191919192,56.56565656565657,0.0,0.0
72.72727272727272,56.56565656565657,0.0,0.0
73.53535353535354,56.56565656565657,0.0,0.0
74.34343434343434,56.56565656565657,0.0,0.0
75.15151515151516,56.56565656565657,0.0,0.0
75.95959595959596,56.56565656565657,0.0,0.0
76.76767676767676,56.56565656565657,0.0,0.0
77.57575757575758,56.56565656565657,0.0,0.0
78.38383838383838,56.56565656565657,0.0,0.0
79.1919191919192,56.56565656565657,0.0,0.0
80.0,56.56565656565657,0.0,0.0
0.0,57.37373737373737,0.0,0.0
0.8080808080808081,57.37373737373737,0.0,0.0
1.6161616161616161,57.37373737373737,0.0,0.0
2.4242424242424243,57.37373737373737,0.0,0.0
3.2323232323232323,57.37373737373737,0.0,0.0
4.040404040404041,57.37373737373737,0.0,0.0
4.848484848484849,57.37373737373737,0.0,0.0
5.656565656565657,57.37373737373737,0.0,0.0
6.4646464646464645,57.37373737373737,0.0,0.0
7.2727272727272725,57.37373737373737,0.0,0.0
8.080808080808081,57.37373737373737,0.37116442404005784,0.3711807372491153
8.88888888888889,57.37373737373737,0.39306856910227655,0.393085845029942
9.696969696969697,57.37373737373737,0.41539646721548334,0.41541472448631134
10.505050505050505,57.37373737373737,0.43807632724266166,0.43809558132588344
11.313131313131313,57.37373737373737,0.4610300969292237,0.4610503598635619
12.121212121212121,57.37373737373737,0.4841737902792936,0.4841950704121657
12.929292929292929,57.37373737373737,0.5074178959458653,0.5074401976905367
13.737373737373737,57.37373737373737,0.5306678656339731,0.530691189248176
14.545454545454545,57.37373737373737,0.553824680267776,0.5538490216572122
15.353535353535353,57.37373737373737,0.5767854904000653,0.5768108409500555
16.161616161616163,57.37373737373737,0.5994443260694068,0.5994706725077401
16.96969696969697,57.37373737373737,0.6216928700602964,0.6217201943540648
17.77777777777778,57.37373737373737,0.6434212873203546,0.6434495666092419
18.585858585858585,57.37373737373737,0.6645191021607257,0.6645483087288505
19.393939393939394,57.37373737373737,0.6848761138360628,0.6849062151240631
20.2020202020202,57.37373737373737,0.7043833401921236,0.704414298850715
21.01010101010101,57.37373737373737,0.7229339783038046,0.7229657522895612
21.818181818181817,57.37373737373737,0.7404243704238348,0.7404569131374238
22.626262626262626,57.37373737373737,0.7567549631389193,0.7567882236054926
23.434343434343432,57.37373737373737,0.771831247399251,0.771865170490152
24.242424242424242,57.37373737373737,0.7855646670586237,0.7855991937530261
25.05050505050505,57.37373737373737,0.7978734837415346,0.7979085514260934
25.858585858585858,57.37373737373737,0.8086835862420645,0.8087191290461407
26.666666666666668,57.37373737373737,0.8179292332539907,0.8179651824175206
27.474747474747474,57.37373737373737,0.8255537190251581,0.8255900032957787
28.282828282828284,57.37373737373737,0.8315099525099353,0.8315464985655648
29.09090909090909,57.37373737373737,0.8357609417458127,0.8357976746385193
29.8989898989899,57.37373737373737,0.8382801764842864,0.8383170201009749
30.707070707070706,57.37373737373737,0.8390519035390973,2.9366816623868406
31.515151515151516,57.37373737373737,0.8380712908507677,2.933249517977687
32.323232323232325,57.37373737373737,0.8353444778769447,2.9237056725693065
33.13131313131313,57.37373737373737,0.8308885115733792,2.908109790506827
33.93939393939394,57.37373737373737,0.8247311688994705,2.886559091148147
34.74747474747475,57.37373737373737,0.8169106684339005,2.859187339518652
35.55555555555556,57.37373737373737,0.8074752752890862,2.826163463511802
36.36363636363636,57.37373737373737,0.7964828050382192,2.787689817633767
37.17171717171717,57.37373737373737,0.7840000337875249,2.7440001182563374
37.97979797979798,57.37373737373737,0.7701020228134992,2.695357079847247
38.78787878787879,57.37373737373737,0.7548713673176188,2.642049785611666
39.5959595959596,57.37373737373737,0.738397379810252,2.584390829335882
40.4040404040404,57.37373737373737,0.7207752194058592,2.522713267920507
41.21212121212121,57.37373737373737,0.7021049788819596,2.4573674260868583
42.02020202020202,57.37373737373737,0.6824907417178389,2.388717596012436
42.82828282828283,57.37373737373737,0.6620396214831893,2.3171386751911625
43.63636363636363,57.37373737373737,0.6408607958936962,2.2430127856279367
44.44444444444444,57.37373737373737,0.6190645475961579,2.166725916586553
45.25252525252525,57.37373737373737,0.5967613233001715,2.0886646315506003
46.06060606060606,57.37373737373737,0.5740608222504687,2.0092128778766405
46.868686868686865,57.37373737373737,0.5510711242506569,1.928748934877299
47.676767676767675,57.37373737373737,0.527897866525101,1.8476425328378534
48.484848484848484,57.37373737373737,0.5046434776629432,1.766252171820301
49.292929292929294,57.37373737373737,0.48140647575032486,1.684922665126137
50.1010101010101,57.37373737373737,0.45828083658842583,1.6039829280594904
50.90909090909091,57.37373737373737,0.43535543664099585,1.5237440282434855
51.717171717171716,57.37373737373737,0.4127135740806026,0.4148222254405191
52.525252525252526,57.37373737373737,0.3904325700321122,0.39242738246731723
53.333333333333336,57.37373737373737,0.36858345086804556,0.3704666309806624
54.14141414141414,57.37373737373737,0.0,0.0
54.94949494949495,57.37373737373737,0.0,0.0
55.75757575757576,57.37373737373737,0.0,0.0
56.56565656565657,57.37373737373737,0.0,0.0
57.37373737373737,57.37373737373737,0.0,0.0
58.18181818181818,57.37373737373737,0.0,0.0
58.98989898989899,57.37373737373737,0.0,0.0
59.7979797979798,57.37373737373737,0.0,0.0
60.6060606060606,57.37373737373737,0.0,0.0
61.41414141414141,57.37373737373737,0.0,0.0
62.22222222222222,57.37373737373737,0.0,0.0
63.03030303030303,57.37373737373737,0.0,0.0
63.838383838383834,57.37373737373737,0.0,0.0
64.64646464646465,57.37373737373737,0.0,0.0
65.45454545454545,57.37373737373737,0.0,0.0
66.26262626262626,57.37373737373737,0.0,0.0
67.07070707070707,57.37373737373737,0.0,0.0
67.87878787878788,57.37373737373737,0.0,0.0
68.68686868686869,57.37373737373737,0.0,0.0
69.4949494949495,57.37373737373737,0.0,0.0
70.3030303030303,57.37373737373737,0.0,0.0
71.11111111111111,57.37373737373737,0.0,0.0
71.91919191919192,57.37373737373737,0.0,0.0
72.72727272727272,57.37373737373737,0.0,0.0
73.53535353535354,57.37373737373737,0.0,0.0
74.34343434343434,57.37373737373737,0.0,0.0
75.15151515151516,57.37373737373737,0.0,0.0
75.95959595959596,57.37373737373737,0.0,0.0
76.76767676767676,57.37373737373737,0.0,0.0
77.57575757575758,57.37373737373737,0.0,0.0
78.38383838383838,57.37373737373737,0.0,0.0
79.1919191919192,57.37373737373737,0.0,0.0
80.0,57.37373737373737,0.0,0.0
0.0,58.18181818181818,0.0,0.0
0.8080808080808081,58.18181818181818,0.0,0.0
1.6161616161616161,58.18181818181818,0.0,0.0
2.4242424242424243,58.18181818181818,0.0,0.0
3.2323232323232323,58.18181818181818,0.0,0.0
4.040404040404041,58.18181818181818,0.0,0.0
4.848484848484849,58.18181818181818,0.0,0.0
5.656565656565657,58.18181818181818,0.0,0.0
6.4646464646464645,58.18181818181818,0.0,0.0
7.2727272727272725,58.18181818181818,0.0,0.0
8.080808080808081,58.18181818181818,0.0,0.0
8.88888888888889,58.18181818181818,0.38216740269924493,0.38218419950500376
9.696969696969697,58.18181818181818,0.403876070093196,0.4038938210260387
10.505050505050505,58.18181818181818,0.42592693826605643,0.42594565836619835
11.313131313131313,58.18181818181818,0.4482441196252903,0.44826382059757813
12.121212121212121,58.18181818181818,0.4707459574004766,0.47076664736082474
12.929292929292929,58.18181818181818,0.4933454227073784,0.49336710594665706
13.737373737373737,58.18181818181818,0.5159505894059866,0.51597326617478
14.545454545454545,58.18181818181818,0.5384651845658088,0.538488850883368
15.353535353535353,58.18181818181818,0.5607892111145819,0.5608138586051429
16.161616161616163,58.18181818181818,0.5828196380085928,0.5828452537680294
16.96969696969697,58.18181818181818,0.6044511520476252,0.604477718543145
17.77777777777778,58.18181818181818,0.6255769642895124,0.6256044592947958
18.585858585858585,58.18181818181818,0.6460896629227022,0.6461180594905263
19.393939393939394,58.18181818181818,0.6658821034540069,0.6659113699279945
20.2020202020202,58.18181818181818,0.684848326185548,0.6848784262522412
21.01010101010101,58.18181818181818,0.7028844902109399,0.7029153829929239
21.818181818181817,58.18181818181818,0.7198898125748455,0.71992145276515
22.626262626262626,58.18181818181818,0.7357675008283654,0.7357998388658531
23.434343434343432,58.18181818181818,0.7504256669882429,0.7504586492731677
24.242424242424242,58.18181818181818,0.7637782108799819,0.7638117800283717
25.05050505050505,58.18181818181818,0.775745661019159,0.7757797561541557
25.858585858585858,58.18181818181818,0.7862559615628414,0.7862905186406293
26.666666666666668,58.18181818181818,0.7952451944411957,0.7952801466086682
27.474747474747474,58.18181818181818,0.8026582265509348,0.8026935045318062
28.282828282828284,58.18181818181818,0.8084492728458507,0.8084848053515169
29.09090909090909,58.18181818181818,0.8125823672799544,0.812618081441052
29.8989898989899,58.18181818181818,0.8150317348266678,0.8150675566409838
30.707070707070706,58.18181818181818,0.8157820591906926,0.8158179139828412
31.515151515151516,58.18181818181818,0.8148286423224633,2.8519002481286218
32.323232323232325,58.18181818181818,0.8121774534109902,2.8426210869384656
33.13131313131313,58.18181818181818,0.8078450666403099,2.8274577332410846
33.93939393939394,58.18181818181818,0.8018584886175716,2.8065047101615006
34.74747474747475,58.18181818181818,0.7942548779865788,2.7798920729530257
35.55555555555556,58.18181818181818,0.7850811612993469,2.747784064547714
36.36363636363636,58.18181818181818,0.7743935507009796,2.7103774274534285
37.17171717171717,58.18181818181818,0.7622569703626892,2.667899396269412
37.97979797979798,58.18181818181818,0.7487443998492045,2.6206053994722156
38.78787878787879,58.18181818181818,0.7339361437081418,2.568776502978496
39.5959595959596,58.18181818181818,0.7179190375015347,2.5127166312553717
40.4040404040404,58.18181818181818,0.700785601248727,2.4527496043705446
41.21212121212121,58.18181818181818,0.682633151804385,2.3892160313153474
42.02020202020202,58.18181818181818,0.6635628860488226,2.3224701011708793
42.82828282828283,58.18181818181818,0.6436789469177536,2.2528763142121377
43.63636363636363,58.18181818181818,0.6230874842468962,2.180806194864137
44.44444444444444,58.18181818181818,0.6018957221594763,2.106635027558167
45.25252525252525,58.18181818181818,0.5802110442914833,2.0307386550201914
46.06060606060606,58.18181818181818,0.5581401075438569,1.9534903764034992
46.868686868686865,58.18181818181818,0.5357879942891794,1.875257980012128
47.676767676767675,58.18181818181818,0.5132574120620577,1.7964009422172018
48.484848484848484,58.18181818181818,0.49064794874855466,1.7172678206199414
49.292929292929294,58.18181818181818,0.4680553901836592,1.6381938656428072
50.1010101010101,58.18181818181818,0.44557110589085114,1.559498870617979
50.90909090909091,58.18181818181818,0.4232815074786437,1.4814852761752528
51.717171717171716,58.18181818181818,0.4012675829698967,1.4044365403946384
52.525252525252526,58.18181818181818,0.3796045091042086,0.38154399841258957
53.333333333333336,58.18181818181818,0.0,0.0
54.14141414141414,58.18181818181818,0.0,0.0
54.94949494949495,58.18181818181818,0.0,0.0
55.75757575757576,58.18181818181818,0.0,0.0
56.56565656565657,58.18181818181818,0.0,0.0
57.37373737373737,58.18181818181818,0.0,0.0
58.18181818181818,58.18181818181818,0.0,0.0
58.98989898989899,58.18181818181818,0.0,0.0
59.7979797979798,58.18181818181818,0.0,0.0
60.6060606060606,58.18181818181818,0.0,0.0
61.41414141414141,58.18181818181818,0.0,0.0
62.22222222222222,58.18181818181818,0.0,0.0
63.03030303030303,58.18181818181818,0.0,0.0
63.838383838383834,58.18181818181818,0.0,0.0
64.64646464646465,58.18181818181818,0.0,0.0
65.45454545454545,58.18181818181818,0.0,0.0
66.26262626262626,58.18181818181818,0.0,0.0
67.07070707070707,58.18181818181818,0.0,0.0
67.87878787878788,58.18181818181818,0.0,0.0
68.68686868686869,58.18181818181818,0.0,0.0
69.4949494949495,58.18181818181818,0.0,0.0
70.3030303030303,58.18181818181818,0.0,0.0
71.11111111111111,58.18181818181818,0.0,0.0
71.91919191919192,58.18181818181818,0.0,0.0
72.72727272727272,58.18181818181818,0.0,0.0
73.53535353535354,58.18181818181818,0.0,0.0
74.34343434343434,58.18181818181818,0.0,0.0
75.15151515151516,58.18181818181818,0.0,0.0
75.95959595959596,58.18181818181818,0.0,0.0
76.76767676767676,58.18181818181818,0.0,0.0
77.57575757575758,58.18181818181818,0.0,0.0
78.38383838383838,58.18181818181818,0.0,0.0
79.1919191919192,58.18181818181818,0.0,0.0
80.0,58.18181818181818,0.0,0.0
0.0,58.98989898989899,0.0,0.0
0.8080808080808081,58.98989898989899,0.0,0.0
1.6161616161616161,58.98989898989899,0.0,0.0
2.4242424242424243,58.98989898989899,0.0,0.0
3.2323232323232323,58.98989898989899,0.0,0.0
4.040404040404041,58.98989898989899,0.0,0.0
4.848484848484849,58.98989898989899,0.0,0.0
5.656565656565657,58.98989898989899,0.0,0.0
6.4646464646464645,58.98989898989899,0.0,0.0
7.2727272727272725,58.98989898989899,0.0,0.0
8.080808080808081,58.98989898989899,0.0,0.0
8.88888888888889,58.98989898989899,0.370792951168075,0.3708092480503667
9.696969696969697,58.98989898989899,0.39185550331688807,0.3918727259285715
10.505050505050505,58.98989898989899,0.41325007132002994,0.41326823425367826
11.313131313131313,58.98989898989899,0.4349030262280019,0.43492214084009045
12.121212121212121,58.98989898989899,0.45673514162150824,0.4567552157863974
12.929292929292929,58.98989898989899,0.47866197885770584,0.4786830167385565
13.737373737373737,58.98989898989899,0.5005943477950416,0.50061634963498
14.545454545454545,58.98989898989899,0.5224388408750408,0.5224618028117969
15.353535353535353,58.98989898989899,0.5440984372391197,0.5441223511462175
16.161616161616163,58.98989898989899,0.5654731723573616,0.5654980257147406
16.96969696969697,58.98989898989899,0.5864608674671893,0.5864866432638858
17.77777777777778,58.98989898989899,0.6069579119865947,0.606984588657811
18.585858585858585,58.98989898989899,0.6268600910026513,0.6268876424031951
19.393939393939394,58.98989898989899,0.6460634489645981,0.6460918443802811
20.2020202020202,58.98989898989899,0.6644651798539111,0.6644943840520732
21.01010101010101,58.98989898989899,0.6819645333819501,0.6819945067018113
21.818181818181817,58.98989898989899,0.6984637261973018,0.6984944246803636
22.626262626262626,58.98989898989899,0.7138688466855148,0.7139002222457284
23.434343434343432,58.98989898989899,0.7280907417261295,0.7281227423590385
24.242424242424242,58.98989898989899,0.7410458737448472,0.741078443774399
25.05050505050505,58.98989898989899,0.7526571365676851,0.7526902169289001
25.858585858585858,58.98989898989899,0.7628546189503529,0.7628881475055521
26.666666666666668,58.98989898989899,0.771576305217052,0.7716102171028782
27.474747474747474,58.98989898989899,0.7787687031914994,0.7788029311935377
28.282828282828284,58.98989898989899,0.7843873905281915,0.784421865479601
29.09090909090909,58.98989898989899,0.7883974716388605,0.7884321228390894
29.8989898989899,58.98989898989899,0.7907739386392548,0.7908086942886186
30.707070707070706,58.98989898989899,0.7915019310930984,0.7915367187387752
31.515151515151516,58.98989898989899,0.7905768907789135,0.790611637767741
32.323232323232325,58.98989898989899,0.788004609224689,2.758016132286411
33.13131313131313,58.98989898989899,0.7838011673168863,2.743304085609102
33.93939393939394,58.98989898989899,0.7779927678647854,2.722974687526749
34.74747474747475,58.98989898989899,0.7706154635591708,2.6971541224570976
35.55555555555556,58.98989898989899,0.7617147842767059,2.6660017449684705
36.36363636363636,58.98989898989899,0.7513452691199607,2.6297084419198624
37.17171717171717,58.98989898989899,0.7395699099215085,2.58849468472528
37.97979797979798,58.98989898989899,0.7264595141546965,2.5426082995414374
38.78787878787879,58.98989898989899,0.7120919962622339,2.4923219869178186
39.5959595959596,58.98989898989899,0.6965516073186112,2.4379306256151394
40.4040404040404,58.98989898989899,0.67992811366908,2.37974839784178
41.21212121212121,58.98989898989899,0.662315935725966,2.3181057750408813
42.02020202020202,58.98989898989899,0.6438132584460063,2.253346404561022
42.82828282828283,58.98989898989899,0.6245211251578684,2.1858239380525393
43.63636363636363,58.98989898989899,0.6045425263588412,2.115898842255944
44.44444444444444,58.98989898989899,0.5839814948596945,2.043935232008931
45.25252525252525,58.98989898989899,0.5629422182363824,1.9702977638273382
46.06060606060606,58.98989898989899,0.5415281789596296,1.8953486263587034
46.868686868686865,58.98989898989899,0.5198413318345034,1.819444661420762
47.676767676767675,58.98989898989899,0.4979813275104195,1.7429346462864683
48.484848484848484,58.98989898989899,0.4760447898383732,1.666156764434306
49.292929292929294,58.98989898989899,0.4541246537787635,1.5894362882256723
50.1010101010101,58.98989898989899,0.43230956942319554,1.5130834929811843
50.90909090909091,58.98989898989899,0.4106833765107722,1.4373918177877028
51.717171717171716,58.98989898989899,0.3893246526171667,1.3626362841600834
52.525252525252526,58.98989898989899,0.36830633699606213,0.3701881012683003
53.333333333333336,58.98989898989899,0.0,0.0
54.14141414141414,58.98989898989899,0.0,0.0
54.94949494949495,58.98989898989899,0.0,0.0
55.75757575757576,58.98989898989899,0.0,0.0
56.56565656565657,58.98989898989899,0.0,0.0
57.37373737373737,58.98989898989899,0.0,0.0
58.18181818181818,58.98989898989899,0.0,0.0
58.98989898989899,58.98989898989899,0.0,0.0
59.7979797979798,58.98989898989899,0.0,0.0
60.6060606060606,58.98989898989899,0.0,0.0
61.41414141414141,58.98989898989899,0.0,0.0
62.22222222222222,58.98989898989899,0.0,0.0
63.03030303030303,58.98989898989899,0.0,0.0
63.838383838383834,58.98989898989899,0.0,0.0
64.64646464646465,58.98989898989899,0.0,0.0
65.45454545454545,58.98989898989899,0.0,0.0
66.26262626262626,58.98989898989899,0.0,0.0
67.07070707070707,58.98989898989899,0.0,0.0
67.87878787878788,58.98989898989899,0.0,0.0
68.68686868686869,58.98989898989899,0.0,0.0
69.4949494949495,58.98989898989899,0.0,0.0
70.3030303030303,58.98989898989899,0.0,0.0
71.11111111111111,58.98989898989899,0.0,0.0
71.91919191919192,58.98989898989899,0.0,0.0
72.72727272727272,58.98989898989899,0.0,0.0
73.53535353535354,58.98989898989899,0.0,0.0
74.34343434343434,58.98989898989899,0.0,0.0
75.15151515151516,58.98989898989899,0.0,0.0
75.95959595959596,58.98989898989899,0.0,0.0
76.76767676767676,58.98989898989899,0.0,0.0
77.57575757575758,58.98989898989899,0.0,0.0
78.38383838383838,58.98989898989899,0.0,0.0
79.1919191919192,58.98989898989899,0.0,0.0
80.0,58.98989898989899,0.0,0.0
0.0,59.7979797979798,0.0,0.0
0.8080808080808081,59.7979797979798,0.0,0.0
1.6161616161616161,59.7979797979798,0.0,0.0
2.4242424242424243,59.7979797979798,0.0,0.0
3.2323232323232323,59.7979797979798,0.0,0.0
4.040404040404041,59.7979797979798,0.0,0.0
4.848484848484849,59.7979797979798,0.0,0.0
5.656565656565657,59.7979797979798,0.0,0.0
6.4646464646464645,59.7979797979798,0.0,0.0
7.2727272727272725,59.7979797979798,0.0,0.0
8.080808080808081,59.7979797979798,0.0,0.0
8.88888888888889,59.7979797979798,0.0,0.0
9.696969696969697,59.7979797979798,0.3793990901214149,0.37941576525586335
10.505050505050505,59.7979797979798,0.40011356156618255,0.4001311471313763
11.313131313131313,59.7979797979798,0.4210782062400158,0.4210967132314272
12.121212121212121,59.7979797979798,0.4422163161953675,0.44223575223704464
12.929292929292929,59.7979797979798,0.46344613694877457,0.4634665060715386
13.737373737373737,59.7979797979798,0.4846813135600449,0.4847026159992935
14.545454545454545,59.7979797979798,0.5058314077365023,0.5058536397527403
15.353535353535353,59.7979797979798,0.5268024827459635,0.5268256364710417
16.161616161616163,59.7979797979798,0.547497751759167,0.547521815071016
16.96969696969697,59.7979797979798,0.5678182841008421,0.5678432405292475
17.77777777777778,59.7979797979798,0.587663762791368,0.5876895914570401
18.585858585858585,59.7979797979798,0.6069332857308459,0.606959961319703
19.393939393939394,59.7979797979798,0.6255262019368653,0.6255536947110705
20.2020202020202,59.7979797979798,0.6433429734175979,0.6433712492644768
21.01010101010101,59.7979797979798,0.6602860525629786,0.6603150730824991
21.818181818181817,59.7979797979798,0.6762607643863314,0.6762904870173604
22.626262626262626,59.7979797979798,0.6911761825620774,0.6912065607471387
23.434343434343432,59.7979797979798,0.7049459879942803,0.7049769713820501
24.242424242424242,59.7979797979798,0.7174892986246006,0.7175208333088723
25.05050505050505,59.7979797979798,0.7287314593518491,0.7287634881452172
25.858585858585858,59.7979797979798,0.7386047812900755,0.738637244030111
26.666666666666668,59.7979797979798,0.7470492201352641,0.7470820540205046
27.474747474747474,59.7979797979798,0.7540129841355102,0.7540461240881715
28.282828282828284,59.7979797979798,0.7594530630553508,0.7594864421072871
29.09090909090909,59.7979797979798,0.7633356705773141,0.7633692202754226
29.8989898989899,59.7979797979798,0.7656365937748226,0.7656702446018074
30.707070707070706,59.7979797979798,0.7663414445993373,0.7663751264055273
31.515151515151516,59.7979797979798,0.7654458097274095,0.7654794521691617
32.323232323232325,59.7979797979798,0.762955296584304,0.7629888295644297
33.13131313131313,59.7979797979798,0.7588854748727307,2.6560991620545575
33.93939393939394,59.7979797979798,0.7532617144596822,2.6364160006088877
34.74747474747475,59.7979797979798,0.7461189219828452,2.6114162269399586
35.55555555555556,59.7979797979798,0.7375011800023304,2.5812541300081566
36.36363636363636,59.7979797979798,0.7274612939163416,2.5461145287071956
37.17171717171717,59.7979797979798,0.7160602531553223,2.506210886043628
37.97979797979798,59.7979797979798,0.7033666143446976,2.4617831502064416
38.78787878787879,59.7979797979798,0.6894558151609093,2.4130953530631825
39.5959595959596,59.7979797979798,0.6744094284815438,2.360432999685403
40.4040404040404,59.7979797979798,0.6583143671339662,2.3041002849688814
41.21212121212121,59.7979797979798,0.6412620500678198,2.2444171752373694
42.02020202020202,59.7979797979798,0.6233475411087612,2.1817163938806643
42.82828282828283,59.7979797979798,0.6046686715916434,2.116340350570752
43.63636363636363,59.7979797979798,0.5853251581227972,2.04863805342979
44.44444444444444,59.7979797979798,0.565417726488679,1.9789620427103767
45.25252525252525,59.7979797979798,0.5450472523212095,1.9076653831242334
46.06060606060606,59.7979797979798,0.5243139285611648,1.8350987499640767
46.868686868686865,59.7979797979798,0.5033164690455302,1.7616076416593556
47.676767676767675,59.7979797979798,0.48215135670078746,1.687529748452756
48.484848484848484,59.7979797979798,0.4609121438717205,1.613192503551022
49.292929292929294,59.7979797979798,0.4396888112760108,1.5389108394660378
50.1010101010101,59.7979797979798,0.4185671909711629,1.4649851683990702
50.90909090909091,59.7979797979798,0.39762845757502024,1.3916996015125709
51.717171717171716,59.7979797979798,0.37694869081713117,1.3193204178599591
52.525252525252526,59.7979797979798,0.0,0.0
53.333333333333336,59.7979797979798,0.0,0.0
54.14141414141414,59.7979797979798,0.0,0.0
54.94949494949495,59.7979797979798,0.0,0.0
55.75757575757576,59.7979797979798,0.0,0.0
56.56565656565657,59.7979797979798,0.0,0.0
57.37373737373737,59.7979797979798,0.0,0.0
58.18181818181818,59.7979797979798,0.0,0.0
58.98989898989899,59.7979797979798,0.0,0.0
59.7979797979798,59.7979797979798,0.0,0.0
60.6060606060606,59.7979797979798,0.0,0.0
61.41414141414141,59.7979797979798,0.0,0.0
62.22222222222222,59.7979797979798,0.0,0.0
63.03030303030303,59.7979797979798,0.0,0.0
63.838383838383834,59.7979797979798,0.0,0.0
64.64646464646465,59.7979797979798,0.0,0.0
65.45454545454545,59.7979797979798,0.0,0.0
66.26262626262626,59.7979797979798,0.0,0.0
67.07070707070707,59.7979797979798,0.0,0.0
67.87878787878788,59.7979797979798,0.0,0.0
68.68686868686869,59.7979797979798,0.0,0.0
69.4949494949495,59.7979797979798,0.0,0.0
70.3030303030303,59.7979797979798,0.0,0.0
71.11111111111111,59.7979797979798,0.0,0.0
71.91919191919192,59.7979797979798,0.0,0.0
72.72727272727272,59.7979797979798,0.0,0.0
73.53535353535354,59.7979797979798,0.0,0.0
74.34343434343434,59.7979797979798,0.0,0.0
75.15151515151516,59.7979797979798,0.0,0.0
75.95959595959596,59.7979797979798,0.0,0.0
76.76767676767676,59.7979797979798,0.0,0.0
77.57575757575758,59.7979797979798,0.0,0.0
78.38383838383838,59.7979797979798,0.0,0.0
79.1919191919192,59.7979797979798,0.0,0.0
80.0,59.7979797979798,0.0,0.0
0.0,60.6060606060606,0.0,0.0
0.8080808080808081,60.6060606060606,0.0,0.0
1.6161616161616161,60.6060606060606,0.0,0.0
2.4242424242424243,60.6060606060606,0.0,0.0
3.2323232323232323,60.6060606060606,0.0,0.0
4.040404040404041,60.6060606060606,0.0,0.0
4.848484848484849,60.6060606060606,0.0,0.0
5.656565656565657,60.6060606060606,0.0,0.0
6.4646464646464645,60.6060606060606,0.0,0.0
7.2727272727272725,60.6060606060606,0.0,0.0
8.080808080808081,60.6060606060606,0.0,0.0
8.88888888888889,60.6060606060606,0.0,0.0
9.696969696969697,60.6060606060606,0.0,0.0
10.505050505050505,60.6060606060606,0.3865859909161405,0.3866029819251921
11.313131313131313,60.6060606060606,0.4068418350412789,0.40685971632374696
12.121212121212121,60.6060606060606,0.4272652797033321,0.42728405862550073
12.929292929292929,60.6060606060606,0.44777733448298607,0.44779701493939705
13.737373737373737,60.6060606060606,0.46829456404254777,0.4683151462606401
14.545454545454545,60.6060606060606,0.4887295877472441,0.4887510681139525
15.353535353535353,60.6060606060606,0.5089916448026842,0.5090140157158762
16.161616161616163,60.6060606060606,0.528987220677265,0.5290104704247104
16.96969696969697,60.6060606060606,0.5486207294753679,0.548644842143699
17.77777777777778,60.6060606060606,0.5677952458670426,0.5678202012828846
18.585858585858585,60.6060606060606,0.586413279184584,0.5864390528897071
19.393939393939394,60.6060606060606,0.6043775813876621,0.6044041446496459
20.2020202020202,60.6060606060606,0.621591979797065,0.6216192996565616
21.01010101010101,60.6060606060606,0.6379622248218743,0.6379902641771309
21.818181818181817,60.6060606060606,0.6533968423730947,0.6534255601019414
22.626262626262626,60.6060606060606,0.6678079802831143,0.6678373314021521
23.434343434343432,60.6060606060606,0.6811122378466263,0.6811421737068757
24.242424242424242,60.6060606060606,0.693231467573333,0.69326193609112
25.05050505050505,60.6060606060606,0.7040935384008499,0.7041244843222367
25.858585858585858,60.6060606060606,0.7136330499589749,0.713664415155584
26.666666666666668,60.6060606060606,0.7217919880012638,0.7218237117949079
27.474747474747474,60.6060606060606,0.7285203118201403,0.7285523313332714
28.282828282828284,60.6060606060606,0.7337764653273009,0.7338087158559212
29.09090909090909,60.6060606060606,0.7375278044979638,0.7375602199033239
29.8989898989899,60.6060606060606,0.7397509350283286,0.7397834481434655
30.707070707070706,60.6060606060606,0.7404319553201089,0.740464498367065
31.515151515151516,60.6060606060606,0.7395666012613563,0.7395991062747598
32.323232323232325,60.6060606060606,0.7371602906940554,0.7371926899466563
33.13131313131313,60.6060606060606,0.73322806691973,0.7332602933454533
33.93939393939394,60.6060606060606,0.7277944420672172,2.5472805472352604
34.74747474747475,60.6060606060606,0.7208931426042406,2.5231259991148423
35.55555555555556,60.6060606060606,0.7125667606891757,2.493983662412115
36.36363636363636,60.6060606060606,0.7028663164051967,2.4600321074181886
37.17171717171717,60.6060606060606,0.6918507371710872,2.4214775800988053
37.97979797979798,60.6060606060606,0.6795862617588355,2.3785519161559243
38.78787878787879,60.6060606060606,0.6661457773477351,2.331510220717073
39.5959595959596,60.6060606060606,0.6516080988911955,2.2806283461191845
40.4040404040404,60.6060606060606,0.6360572007522926,2.226200202633024
41.21212121212121,60.6060606060606,0.6195814110674134,2.168534938735947
42.02020202020202,60.6060606060606,0.6022725796181494,2.107954028663523
42.82828282828283,60.6060606060606,0.5842252301276627,2.0447883054468194
43.63636363636363,60.6060606060606,0.5655357078508311,1.9793749774779088
44.44444444444444,60.6060606060606,0.5463013331029561,1.9120546658603466
45.25252525252525,60.6060606060606,0.5266195709786292,1.8431684984252024
46.06060606060606,60.6060606060606,0.5065872269626259,1.7730552943691906
46.868686868686865,60.6060606060606,0.48629967744343666,1.7020488710520283
47.676767676767675,60.6060606060606,0.46585014332463276,1.6304755016362147
48.484848484848484,60.6060606060606,0.44532901400908587,1.5586515490318005
49.292929292929294,60.6060606060606,0.4248232280268776,1.4868812980940715
50.1010101010101,60.6060606060606,0.4044157155113252,1.4154550042896383
50.90909090909091,60.6060606060606,0.38418490662099025,1.344647173173466
51.717171717171716,60.6060606060606,0.0,0.0
52.525252525252526,60.6060606060606,0.0,0.0
53.333333333333336,60.6060606060606,0.0,0.0
54.14141414141414,60.6060606060606,0.0,0.0
54.94949494949495,60.6060606060606,0.0,0.0
55.75757575757576,60.6060606060606,0.0,0.0
56.56565656565657,60.6060606060606,0.0,0.0
57.37373737373737,60.6060606060606,0.0,0.0
58.18181818181818,60.6060606060606,0.0,0.0
58.98989898989899,60.6060606060606,0.0,0.0
59.7979797979798,60.6060606060606,0.0,0.0
60.6060606060606,60.6060606060606,0.0,0.0
61.41414141414141,60.6060606060606,0.0,0.0
62.22222222222222,60.6060606060606,0.0,0.0
63.03030303030303,60.6060606060606,0.0,0.0
63.838383838383834,60.6060606060606,0.0,0.0
64.64646464646465,60.6060606060606,0.0,0.0
65.45454545454545,60.6060606060606,0.0,0.0
66.26262626262626,60.6060606060606,0.0,0.0
67.07070707070707,60.6060606060606,0.0,0.0
67.87878787878788,60.6060606060606,0.0,0.0
68.68686868686869,60.6060606060606,0.0,0.0
69.4949494949495,60.6060606060606,0.0,0.0
70.3030303030303,60.6060606060606,0.0,0.0
71.11111111111111,60.6060606060606,0.0,0.0
71.91919191919192,60.6060606060606,0.0,0.0
72.72727272727272,60.6060606060606,0.0,0.0
73.53535353535354,60.6060606060606,0.0,0.0
74.34343434343434,60.6060606060606,0.0,0.0
75.15151515151516,60.6060606060606,0.0,0.0
75.95959595959596,60.6060606060606,0.0,0.0
76.76767676767676,60.6060606060606,0.0,0.0
77.57575757575758,60.6060606060606,0.0,0.0
78.38383838383838,60.6060606060606,0.0,0.0
79.1919191919192,60.6060606060606,0.0,0.0
80.0,60.6060606060606,0.0,0.0
0.0,61.41414141414141,0.0,0.0
0.8080808080808081,61.41414141414141,0.0,0.0
1.6161616161616161,61.41414141414141,0.0,0.0
2.4242424242424243,61.41414141414141,0.0,0.0
3.2323232323232323,61.41414141414141,0.0,0.0
4.040404040404041,61.41414141414141,0.0,0.0
4.848484848484849,61.41414141414141,0.0,0.0
5.656565656565657,61.41414141414141,0.0,0.0
6.4646464646464645,61.41414141414141,0.0,0.0
7.2727272727272725,61.41414141414141,0.0,0.0
8.080808080808081,61.41414141414141,0.0,0.0
8.88888888888889,61.41414141414141,0.0,0.0
9.696969696969697,61.41414141414141,0.0,0.0
10.505050505050505,61.41414141414141,0.37273610111632455,0.3727524834028449
11.313131313131313,61.41414141414141,0.39226625622135497,0.39228349688621794
12.121212121212121,61.41414141414141,0.4119580073804136,0.41197611352599767
12.929292929292929,61.41414141414141,0.43173519409722666,0.4317541694785472
13.737373737373737,61.41414141414141,0.45151737020147814,0.4515372150378259
14.545454545454545,61.41414141414141,0.4712202855705982,0.4712409963783501
15.353535353535353,61.41414141414141,0.4907564310205235,0.49077800046990233
16.161616161616163,61.41414141414141,0.5100356422857958,0.5100580590841753
16.96969696969697,61.41414141414141,0.5289657579459504,0.5289890067500779
17.77777777777778,61.41414141414141,0.547453325132973,0.547477386492208
18.585858585858585,61.41414141414141,0.5654043458949735,0.5654291962273307
19.393939393939394,61.41414141414141,0.5827250562150307,0.5827506678174618
20.2020202020202,61.41414141414141,0.5993227289112867,0.5993490700052504
21.01010101010101,61.41414141414141,0.615106490993317,0.615133525806274
21.818181818181817,61.41414141414141,0.6299881455370573,0.6300158344200866
22.626262626262626,61.41414141414141,0.6438829877803076,0.6439112873615926
23.434343434343432,61.41414141414141,0.6567106049443929,0.6567394683178599
24.242424242424242,61.41414141414141,0.6683956492631501,0.6684250262110829
25.05050505050505,61.41414141414141,0.6788685738528468,0.678898411100844
25.858585858585858,61.41414141414141,0.6880663213871103,0.6880965628893104
26.666666666666668,61.41414141414141,0.695932956046906,0.6959635432989879
27.474747474747474,61.41414141414141,0.7024202298908261,0.7024511022679027
28.282828282828284,61.41414141414141,0.7074880756254451,0.7075191707416142
29.09090909090909,61.41414141414141,0.711105018735888,0.7111362728218972
29.8989898989899,61.41414141414141,0.7132485030463181,0.7132798513415386
30.707070707070706,61.41414141414141,0.7139051249992703,0.7139365021539678
31.515151515151516,61.41414141414141,0.7130707732495335,0.7131021137332743
32.323232323232325,61.41414141414141,0.7107506715386432,0.7107819100505846
33.13131313131313,61.41414141414141,0.7069593242244646,0.7069903961012508
33.93939393939394,61.41414141414141,0.7017203652604972,0.701751206877519
34.74747474747475,61.41414141414141,0.6950663128247893,2.4327320948867626
35.55555555555556,61.41414141414141,0.6870382331624302,2.4046338160685057
36.36363636363636,61.41414141414141,0.6776853185031642,2.3718986147610748
37.17171717171717,61.41414141414141,0.66706438512291,2.334725347930185
37.97979797979798,61.41414141414141,0.6552392987131145,2.2933375454959006
38.78787878787879,61.41414141414141,0.6422803351856567,2.2479811731497987
39.5959595959596,61.41414141414141,0.6282634858571752,2.198922200500113
40.4040404040404,61.41414141414141,0.6132697166121609,2.1464440081425633
41.21212121212121,61.41414141414141,0.5973841911294576,2.0908446689531015
42.02020202020202,61.41414141414141,0.580695468566105,2.0324341399813672
42.82828282828283,61.41414141414141,0.5632946862236664,1.9715314017828325
43.63636363636363,61.41414141414141,0.545274737676943,1.9084615818693005
44.44444444444444,61.41414141414141,0.5267294566284932,1.8435530981997263
45.25252525252525,61.41414141414141,0.5077528163732806,1.7771348573064822
46.06060606060606,61.41414141414141,0.4884381542277356,1.7095335397970746
46.868686868686865,61.41414141414141,0.4688774296110297,1.6410710036386038
47.676767676767675,61.41414141414141,0.44916052368015325,1.5720618328805362
48.484848484848484,61.41414141414141,0.4293745875331807,1.5028110563661325
49.292929292929294,61.41414141414141,0.40960344502690166,1.4336120575941558
50.1010101010101,61.41414141414141,0.38992705522678694,1.3647446932937544
50.90909090909091,61.41414141414141,0.3704210384403467,1.2964736345412133
51.717171717171716,61.41414141414141,0.0,0.0
52.525252525252526,61.41414141414141,0.0,0.0
53.333333333333336,61.41414141414141,0.0,0.0
54.14141414141414,61.41414141414141,0.0,0.0
54.94949494949495,61.41414141414141,0.0,0.0
55.75757575757576,61.41414141414141,0.0,0.0
56.56565656565657,61.41414141414141,0.0,0.0
57.37373737373737,61.41414141414141,0.0,0.0
58.18181818181818,61.41414141414141,0.0,0.0
58.98989898989899,61.41414141414141,0.0,0.0
59.7979797979798,61.41414141414141,0.0,0.0
60.6060606060606,61.41414141414141,0.0,0.0
61.41414141414141,61.41414141414141,0.0,0.0
62.22222222222222,61.41414141414141,0.0,0.0
63.03030303030303,61.41414141414141,0.0,0.0
63.838383838383834,61.41414141414141,0.0,0.0
64.64646464646465,61.41414141414141,0.0,0.0
65.45454545454545,61.41414141414141,0.0,0.0
66.26262626262626,61.41414141414141,0.0,0.0
67.07070707070707,61.41414141414141,0.0,0.0
67.87878787878788,61.41414141414141,0.0,0.0
68.68686868686869,61.41414141414141,0.0,0.0
69.4949494949495,61.41414141414141,0.0,0.0
70.3030303030303,61.41414141414141,0.0,0.0
71.11111111111111,61.41414141414141,0.0,0.0
71.91919191919192,61.41414141414141,0.0,0.0
72.72727272727272,61.41414141414141,0.0,0.0
73.53535353535354,61.41414141414141,0.0,0.0
74.34343434343434,61.41414141414141,0.0,0.0
75.15151515151516,61.41414141414141,0.0,0.0
75.95959595959596,61.41414141414141,0.0,0.0
76.76767676767676,61.41414141414141,0.0,0.0
77.57575757575758,61.41414141414141,0.0,0.0
78.38383838383838,61.41414141414141,0.0,0.0
79.1919191919192,61.41414141414141,0.0,0.0
80.0,61.41414141414141,0.0,0.0
0.0,62.22222222222222,0.0,0.0
0.8080808080808081,62.22222222222222,0.0,0.0
1.6161616161616161,62.22222222222222,0.0,0.0
2.4242424242424243,62.22222222222222,0.0,0.0
3.2323232323232323,62.22222222222222,0.0,0.0
4.040404040404041,62.22222222222222,0.0,0.0
4.848484848484849,62.22222222222222,0.0,0.0
5.656565656565657,62.22222222222222,0.0,0.0
6.4646464646464645,62.22222222222222,0.0,0.0
7.2727272727272725,62.22222222222222,0.0,0.0
8.080808080808081,62.22222222222222,0.0,0.0
8.88888888888889,62.22222222222222,0.0,0.0
9.696969696969697,62.22222222222222,0.0,0.0
10.505050505050505,62.22222222222222,0.0,0.0
11.313131313131313,62.22222222222222,0.37742338242832335,0.3774399707275836
12.121212121212121,62.22222222222222,0.39637002188689274,0.3963874429181456
12.929292929292929,62.22222222222222,0.4153988641265472,0.41541712150272286
13.737373737373737,62.22222222222222,0.43443250696134195,0.4344516008934335
14.545454545454545,62.22222222222222,0.45338988818996345,0.45340981532616387
15.353535353535353,62.22222222222222,0.4721868098684922,0.47220756315637397
16.161616161616163,62.22222222222222,0.4907365194366362,0.4907580880108723
16.96969696969697,62.22222222222222,0.5089503427489916,0.5089727118468992
17.77777777777778,62.22222222222222,0.5267383630793956,0.5267615139863224
18.585858585858585,62.22222222222222,0.5440101392431148,0.544034049269389
19.393939393939394,62.22222222222222,0.5606754551385718,0.5607000976293943
20.2020202020202,62.22222222222222,0.5766450922666865,0.5766704366459773
21.01010101010101,62.22222222222222,0.5918316161594841,0.5918576280082927
21.818181818181817,62.22222222222222,0.6061501671562814,0.6061768083259534
22.626262626262626,62.22222222222222,0.6195192456191411,0.6195464743789961
23.434343434343432,62.22222222222222,0.6318614814902599,0.6318892527090926
24.242424242424242,62.22222222222222,0.6431043780704886,0.6431326434307595
25.05050505050505,62.22222222222222,0.6531810200448358,0.6532097282879815
25.858585858585858,62.22222222222222,0.6620307360987819,0.6620598332996476
26.666666666666668,62.22222222222222,0.6695997069560473,0.6696291368240436
27.474747474747474,62.22222222222222,0.6758415103181222,0.6758712145223332
28.282828282828284,62.22222222222222,0.6807175949887997,0.6807475135039291
29.09090909090909,62.22222222222222,0.6841976774102246,0.6842277488799704
29.8989898989899,62.22222222222222,0.6862600549045765,0.6862902170187727
30.707070707070706,62.22222222222222,0.6868918310885571,0.6869220209702231
31.515151515151516,62.22222222222222,0.6860890501852134,0.6861192047835067
32.323232323232325,62.22222222222222,0.6838567382761109,0.6838867947610925
33.13131313131313,62.22222222222222,0.6802088508920116,0.6802387470471079
33.93939393939394,62.22222222222222,0.6751681277066147,0.6751978023146936
34.74747474747475,62.22222222222222,0.6687658564500142,0.6687952496690841
35.55555555555556,62.22222222222222,0.6610415494709765,2.313645423148418
36.36363636363636,62.22222222222222,0.6520425376256351,2.282148881689723
37.17171717171717,62.22222222222222,0.6418234873317465,2.2463822056611127
37.97979797979798,62.22222222222222,0.6304458476813615,2.206560466884765
38.78787878787879,62.22222222222222,0.6179772354320876,2.1629203240123065
39.5959595959596,62.22222222222222,0.6044907664823894,2.115717682688363
40.4040404040404,62.22222222222222,0.5900643430670405,2.0652252007346417
41.21212121212121,62.22222222222222,0.5747799063757797,2.011729672315229
42.02020202020202,62.22222222222222,0.5587226645958134,1.955529326085347
42.82828282828283,62.22222222222222,0.5419803065050471,1.896931072767665
43.63636363636363,62.22222222222222,0.5246422106993991,1.8362477374478967
44.44444444444444,62.22222222222222,0.5067986603292649,1.7737953111524272
45.25252525252525,62.22222222222222,0.4885400728554388,1.7098902549940358
46.06060606060606,62.22222222222222,0.46995625382483047,1.6448468883869067
46.868686868686865,62.22222222222222,0.4511356830250315,1.5789748905876102
47.676767676767675,62.22222222222222,0.432164840620343,1.5125769421712005
48.484848484848484,62.22222222222222,0.41312758001822986,1.4459465300638046
49.292929292929294,62.22222222222222,0.3941045532835995,1.3793659364925983
50.1010101010101,62.22222222222222,0.3751726939290014,1.3131044287515048
50.90909090909091,62.22222222222222,0.0,0.0
51.717171717171716,62.22222222222222,0.0,0.0
52.525252525252526,62.22222222222222,0.0,0.0
53.333333333333336,62.22222222222222,0.0,0.0
54.14141414141414,62.22222222222222,0.0,0.0
54.94949494949495,62.22222222222222,0.0,0.0
55.75757575757576,62.22222222222222,0.0,0.0
56.56565656565657,62.22222222222222,0.0,0.0
57.37373737373737,62.22222222222222,0.0,0.0
58.18181818181818,62.22222222222222,0.0,0.0
58.98989898989899,62.22222222222222,0.0,0.0
59.7979797979798,62.22222222222222,0.0,0.0
60.6060606060606,62.22222222222222,0.0,0.0
61.41414141414141,62.22222222222222,0.0,0.0
62.22222222222222,62.22222222222222,0.0,0.0
63.03030303030303,62.22222222222222,0.0,0.0
63.838383838383834,62.22222222222222,0.0,0.0
64.64646464646465,62.22222222222222,0.0,0.0
65.45454545454545,62.22222222222222,0.0,0.0
66.26262626262626,62.22222222222222,0.0,0.0
67.07070707070707,62.22222222222222,0.0,0.0
67.87878787878788,62.22222222222222,0.0,0.0
68.68686868686869,62.22222222222222,0.0,0.0
69.4949494949495,62.22222222222222,0.0,0.0
70.3030303030303,62.22222222222222,0.0,0.0
71.11111111111111,62.22222222222222,0.0,0.0
71.91919191919192,62.22222222222222,0.0,0.0
72.72727272727272,62.22222222222222,0.0,0.0
73.53535353535354,62.22222222222222,0.0,0.0
74.34343434343434,62.22222222222222,0.0,0.0
75.15151515151516,62.22222222222222,0.0,0.0
75.95959595959596,62.22222222222222,0.0,0.0
76.76767676767676,62.22222222222222,0.0,0.0
77.57575757575758,62.22222222222222,0.0,0.0
78.38383838383838,62.22222222222222,0.0,0.0
79.1919191919192,62.22222222222222,0.0,0.0
80.0,62.22222222222222,0.0,0.0
0.0,63.03030303030303,0.0,0.0
0.8080808080808081,63.03030303030303,0.0,0.0
1.6161616161616161,63.03030303030303,0.0,0.0
2.4242424242424243,63.03030303030303,0.0,0.0
3.2323232323232323,63.03030303030303,0.0,0.0
4.040404040404041,63.03030303030303,0.0,0.0
4.848484848484849,63.03030303030303,0.0,0.0
5.656565656565657,63.03030303030303,0.0,0.0
6.4646464646464645,63.03030303030303,0.0,0.0
7.2727272727272725,63.03030303030303,0.0,0.0
8.080808080808081,63.03030303030303,0.0,0.0
8.88888888888889,63.03030303030303,0.0,0.0
9.696969696969697,63.03030303030303,0.0,0.0
10.505050505050505,63.03030303030303,0.0,0.0
11.313131313131313,63.03030303030303,0.0,0.0
12.121212121212121,63.03030303030303,0.38057579060661095,0.38059251745873435
12.929292929292929,63.03030303030303,0.39884638696808733,0.39886391683913913
13.737373737373737,63.03030303030303,0.4171215926344809,0.4171399257270466
14.545454545454545,63.03030303030303,0.43532357550535583,0.43534270860118857
15.353535353535353,63.03030303030303,0.45337149268819965,0.45339141901589136
16.161616161616163,63.03030303030303,0.4711820484684093,0.47120275759558566
16.96969696969697,63.03030303030303,0.4886701021160355,0.48869157986826506
17.77777777777778,63.03030303030303,0.505749319833721,0.5057715482420779
18.585858585858585,63.03030303030303,0.5223328642637374,0.5223558215426694
19.393939393939394,63.03030303030303,0.5383341141625814,0.5383577747194083
20.2020202020202,63.03030303030303,0.5536674061375919,0.5536917406146044
21.01010101010101,63.03030303030303,0.568248789738587,0.5682737650883329
21.818181818181817,63.03030303030303,0.5819967867238439,0.5820223663177858
22.626262626262626,63.03030303030303,0.5948331449869227,0.5948592887572305
23.434343434343432,63.03030303030303,0.6066835774493574,0.6067102420631771
24.242424242424242,63.03030303030303,0.61747847620169,0.6175056152668007
25.05050505050505,63.03030303030303,0.6271535923161506,0.6271811566164983
25.858585858585858,63.03030303030303,0.6356506720595719,0.6356786098187676
26.666666666666668,63.03030303030303,0.642918040702562,0.6429462978730381
27.474747474747474,63.03030303030303,0.6489111257447264,0.6489396463198903
28.282828282828284,63.03030303030303,0.6535929121466691,0.6536216384930638
29.09090909090909,63.03030303030303,0.6569343230651972,0.6569631962713965
29.8989898989899,63.03030303030303,0.6589145206132,0.6589434808519232
30.707070707070706,63.03030303030303,0.6595211222920057,0.6595501091917432
31.515151515151516,63.03030303030303,0.658750329951254,0.658779282973562
32.323232323232325,63.03030303030303,0.6566069693972877,0.6566358282158237
33.13131313131313,63.03030303030303,0.653104440072192,0.653133144949538
33.93939393939394,63.03030303030303,0.648264575537586,0.6482930676959404
34.74747474747475,63.03030303030303,0.6421174167954598,0.6421456387773663
35.55555555555556,63.03030303030303,0.634700901738541,2.2214531560848934
36.36363636363636,63.03030303030303,0.6260604752213804,2.1912116632748315
37.17171717171717,63.03030303030303,0.6162486253586398,2.156870188755239
37.97979797979798,63.03030303030303,0.6053243526687692,2.118635234340692
38.78787878787879,63.03030303030303,0.5933525795716383,2.0767340285007343
39.5959595959596,63.03030303030303,0.5804035085026674,2.031412279759336
40.4040404040404,63.03030303030303,0.5665519375115372,1.9829317812903802
41.21212121212121,63.03030303030303,0.5518765426618903,1.931567899316616
42.02020202020202,63.03030303030303,0.5364591368341711,1.8776069789195988
42.82828282828283,63.03030303030303,0.5203839146549556,1.8213437012923446
43.63636363636363,63.03030303030303,0.5037366932343342,1.7630784263201698
44.44444444444444,63.03030303030303,0.48660415819292135,1.7031145536752248
45.25252525252525,63.03030303030303,0.4690731241098388,1.641755934384436
46.06060606060606,63.03030303030303,0.4512298180333713,1.5793043631167996
46.868686868686865,63.03030303030303,0.4331591940802684,1.5160571792809394
47.676767676767675,63.03030303030303,0.4149442864233569,1.4523050024817492
48.484848484848484,63.03030303030303,0.3966656071475041,1.3883296250162642
49.292929292929294,63.03030303030303,0.3784005945595224,1.3244020809583283
50.1010101010101,63.03030303030303,0.0,0.0
50.90909090909091,63.03030303030303,0.0,0.0
51.717171717171716,63.03030303030303,0.0,0.0
52.525252525252526,63.03030303030303,0.0,0.0
53.333333333333336,63.03030303030303,0.0,0.0
54.14141414141414,63.03030303030303,0.0,0.0
54.94949494949495,63.03030303030303,0.0,0.0
55.75757575757576,63.03030303030303,0.0,0.0
56.56565656565657,63.03030303030303,0.0,0.0
57.37373737373737,63.03030303030303,0.0,0.0
58.18181818181818,63.03030303030303,0.0,0.0
58.98989898989899,63.03030303030303,0.0,0.0
59.7979797979798,63.03030303030303,0.0,0.0
60.6060606060606,63.03030303030303,0.0,0.0
61.41414141414141,63.03030303030303,0.0,0.0
62.22222222222222,63.03030303030303,0.0,0.0
63.03030303030303,63.03030303030303,0.0,0.0
63.838383838383834,63.03030303030303,0.0,0.0
64.64646464646465,63.03030303030303,0.0,0.0
65.45454545454545,63.03030303030303,0.0,0.0
66.26262626262626,63.03030303030303,0.0,0.0
67.07070707070707,63.03030303030303,0.0,0.0
67.87878787878788,63.03030303030303,0.0,0.0
68.68686868686869,63.03030303030303,0.0,0.0
69.4949494949495,63.03030303030303,0.0,0.0
70.3030303030303,63.03030303030303,0.0,0.0
71.11111111111111,63.03030303030303,0.0,0.0
71.91919191919192,63.03030303030303,0.0,0.0
72.72727272727272,63.03030303030303,0.0,0.0
73.53535353535354,63.03030303030303,0.0,0.0
74.34343434343434,63.03030303030303,0.0,0.0
75.15151515151516,63.03030303030303,0.0,0.0
75.95959595959596,63.03030303030303,0.0,0.0
76.76767676767676,63.03030303030303,0.0,0.0
77.57575757575758,63.03030303030303,0.0,0.0
78.38383838383838,63.03030303030303,0.0,0.0
79.1919191919192,63.03030303030303,0.0,0.0
80.0,63.03030303030303,0.0,0.0
0.0,63.838383838383834,0.0,0.0
0.8080808080808081,63.838383838383834,0.0,0.0
1.6161616161616161,63.838383838383834,0.0,0.0
2.4242424242424243,63.838383838383834,0.0,0.0
3.2323232323232323,63.838383838383834,0.0,0.0
4.040404040404041,63.838383838383834,0.0,0.0
4.848484848484849,63.838383838383834,0.0,0.0
5.656565656565657,63.838383838383834,0.0,0.0
6.4646464646464645,63.838383838383834,0.0,0.0
7.2727272727272725,63.838383838383834,0.0,0.0
8.080808080808081,63.838383838383834,0.0,0.0
8.88888888888889,63.838383838383834,0.0,0.0
9.696969696969697,63.838383838383834,0.0,0.0
10.505050505050505,63.838383838383834,0.0,0.0
11.313131313131313,63.838383838383834,0.0,0.0
12.121212121212121,63.838383838383834,0.0,0.0
12.929292929292929,63.838383838383834,0.38215410200928174,0.38217089823045614
13.737373737373737,63.838383838383834,0.39966446449135284,0.3996820303180857
14.545454545454545,63.838383838383834,0.4171046686553787,0.41712300100411126
15.353535353535353,63.838383838383834,0.43439725499814885,0.43441634738086604
16.161616161616163,63.838383838383834,0.45146241384843283,0.45148225626937
16.96969696969697,63.838383838383834,0.4682185677361538,0.4682391466140994
17.77777777777778,63.838383838383834,0.4845829960553837,0.48460429417343687
18.585858585858585,63.838383838383834,0.5004724957145368,0.5004944921989014
19.393939393939394,63.838383838383834,0.5158040706915671,0.5158267410206527
20.2020202020202,63.838383838383834,0.5304956427278585,0.5305189587726177
21.01010101010101,63.838383838383834,0.5444667748182115,0.5444907049142745
21.818181818181817,63.838383838383834,0.557639398700467,0.5576639077522524
22.626262626262626,63.838383838383834,0.5699385372294288,0.5699635868460018
23.434343434343432,63.838383838383834,0.5812930123458491,0.5813185610078971
24.242424242424242,63.838383838383834,0.5916361293296539,0.5916621325865358
25.05050505050505,63.838383838383834,0.600906328161499,0.6009327388569222
25.858585858585858,63.838383838383834,0.6090477931092767,0.6090745616337674
26.666666666666668,63.838383838383834,0.6160110121040485,0.6160380866720062
27.474747474747474,63.838383838383834,0.6217532780675531,0.62178060501634
28.282828282828284,63.838383838383834,0.626239125092104,0.6262666492003048
29.09090909090909,63.838383838383834,0.6294406932414883,0.6294683580632037
29.8989898989899,63.838383838383834,0.6313380167236201,0.6313657649354251
30.707070707070706,63.838383838383834,0.6319192312648964,0.6319470050219145
31.515151515151516,63.838383838383834,0.6311806976729168,0.6312084389703239
32.323232323232325,63.838383838383834,0.6291270397872089,0.6291546908234047
33.13131313131313,63.838383838383834,0.6257710962642702,0.6257985998019324
33.93939393939394,63.838383838383834,0.6211337869003095,0.6211610866215707
34.74747474747475,63.838383838383834,0.6152438954389292,0.6152709362910087
35.55555555555556,63.838383838383834,0.6081377720184307,0.6081645005461885
36.36363636363636,63.838383838383834,0.5998589595619775,2.0995063584669214
37.17171717171717,63.838383838383834,0.5904577494824553,2.0666021231885936
37.97979797979798,63.838383838383834,0.5799906730432343,2.02996735565132
38.78787878787879,63.838383838383834,0.5685199355691627,1.9898197744920694
39.5959595959596,63.838383838383834,0.5561128014245255,1.946394804985839
40.4040404040404,63.838383838383834,0.5428409382549169,1.899943283892209
41.21212121212121,63.838383838383834,0.5287797294195284,1.8507290529683496
42.02020202020202,63.838383838383834,0.5140075638141369,1.7990264733494792
42.82828282828283,63.838383838383834,0.49860511240120875,1.7451178934042306
43.63636363636363,63.838383838383834,0.48265460072349814,1.6892911025322435
44.44444444444444,63.838383838383834,0.46623908648588885,1.631836802700611
45.25252525252525,63.838383838383834,0.44944175095467703,1.5730461283413697
46.06060606060606,63.838383838383834,0.4323452124543175,1.5132082435901113
46.868686868686865,63.838383838383834,0.4150308696517136,1.4526080437809976
47.676767676767675,63.838383838383834,0.3975782816222124,1.3915239856777435
48.484848484848484,63.838383838383834,0.38006459090614697,1.3302260681715143
49.292929292929294,63.838383838383834,0.0,0.0
50.1010101010101,63.838383838383834,0.0,0.0
50.90909090909091,63.838383838383834,0.0,0.0
51.717171717171716,63.838383838383834,0.0,0.0
52.525252525252526,63.838383838383834,0.0,0.0
53.333333333333336,63.838383838383834,0.0,0.0
54.14141414141414,63.838383838383834,0.0,0.0
54.94949494949495,63.838383838383834,0.0,0.0
55.75757575757576,63.838383838383834,0.0,0.0
56.56565656565657,63.838383838383834,0.0,0.0
57.37373737373737,63.838383838383834,0.0,0.0
58.18181818181818,63.838383838383834,0.0,0.0
58.98989898989899,63.838383838383834,0.0,0.0
59.7979797979798,63.838383838383834,0.0,0.0
60.6060606060606,63.838383838383834,0.0,0.0
61.41414141414141,63.838383838383834,0.0,0.0
62.22222222222222,63.838383838383834,0.0,0.0
63.03030303030303,63.838383838383834,0.0,0.0
63.838383838383834,63.838383838383834,0.0,0.0
64.64646464646465,63.838383838383834,0.0,0.0
65.45454545454545,63.838383838383834,0.0,0.0
66.26262626262626,63.838383838383834,0.0,0.0
67.07070707070707,63.838383838383834,0.0,0.0
67.87878787878788,63.838383838383834,0.0,0.0
68.68686868686869,63.838383838383834,0.0,0.0
69.4949494949495,63.838383838383834,0.0,0.0
70.3030303030303,63.838383838383834,0.0,0.0
71.11111111111111,63.838383838383834,0.0,0.0
71.91919191919192,63.838383838383834,0.0,0.0
72.72727272727272,63.838383838383834,0.0,0.0
73.53535353535354,63.838383838383834,0.0,0.0
74.34343434343434,63.838383838383834,0.0,0.0
75.15151515151516,63.838383838383834,0.0,0.0
75.95959595959596,63.838383838383834,0.0,0.0
76.76767676767676,63.838383838383834,0.0,0.0
77.57575757575758,63.838383838383834,0.0,0.0
78.38383838383838,63.838383838383834,0.0,0.0
79.1919191919192,63.838383838383834,0.0,0.0
80.0,63.838383838383834,0.0,0.0
0.0,64.64646464646465,0.0,0.0
0.8080808080808081,64.64646464646465,0.0,0.0
1.6161616161616161,64.64646464646465,0.0,0.0
2.4242424242424243,64.64646464646465,0.0,0.0
3.2323232323232323,64.64646464646465,0.0,0.0
4.040404040404041,64.64646464646465,0.0,0.0
4.848484848484849,64.64646464646465,0.0,0.0
5.656565656565657,64.64646464646465,0.0,0.0
6.4646464646464645,64.64646464646465,0.0,0.0
7.2727272727272725,64.64646464646465,0.0,0.0
8.080808080808081,64.64646464646465,0.0,0.0
8.88888888888889,64.64646464646465,0.0,0.0
9.696969696969697,64.64646464646465,0.0,0.0
10.505050505050505,64.64646464646465,0.0,0.0
11.313131313131313,64.64646464646465,0.0,0.0
12.121212121212121,64.64646464646465,0.0,0.0
12.929292929292929,64.64646464646465,0.0,0.0
13.737373737373737,64.64646464646465,0.3821385967749555,0.3821553923146526
14.545454545454545,64.64646464646465,0.3988140226354745,0.3988315510840674
15.353535353535353,64.64646464646465,0.41534830393077576,0.4153665590847583
16.161616161616163,64.64646464646465,0.4316651307597227,0.431684103061659
16.96969696969697,64.64646464646465,0.44768650294288165,0.4477061794071161
17.77777777777778,64.64646464646465,0.4633333272931364,0.46335369145775424
18.585858585858585,64.64646464646465,0.47852604929541065,0.47854708120196204
19.393939393939394,64.64646464646465,0.4931853124238672,0.4932069886260691
20.2020202020202,64.64646464646465,0.5072326376708384,0.5072549312731428
21.01010101010101,64.64646464646465,0.520591115310725,0.5206139960372911
21.818181818181817,64.64646464646465,0.5331861004881433,0.5332095347823818
22.626262626262626,64.64646464646465,0.5449459039146995,0.544969855069174
23.434343434343432,64.64646464646465,0.5558024687925083,0.5558268971085882
24.242424242424242,64.64646464646465,0.5656920250619171,0.5657168880381865
25.05050505050505,64.64646464646465,0.5745557121999133,0.5745809647479518
25.858585858585858,64.64646464646465,0.5823401620753751,0.5823657567611564
26.666666666666668,64.64646464646465,0.5889980337955576,0.5890239211043551
27.474747474747474,64.64646464646465,0.5944884930496594,0.59451462167202
28.282828282828284,64.64646464646465,0.5987776291615992,0.5988039462976467
29.09090909090909,64.64646464646465,0.6018388038938642,0.601865255572934
29.8989898989899,64.64646464646465,0.6036529269833733,0.6036794583957561
30.707070707070706,64.64646464646465,0.6042086544221665,0.6042352102595677
31.515151515151516,64.64646464646465,0.6035025066017209,0.603529031402912
32.323232323232325,64.64646464646465,0.6015389045994788,0.6015653430975442
33.13131313131313,64.64646464646465,0.5983301240781883,0.5983564215457452
33.93939393939394,64.64646464646465,0.5938961674705859,0.5939222700593872
34.74747474747475,64.64646464646465,0.5882645563112772,0.5882904113826867
35.55555555555556,64.64646464646465,0.5814700467321607,0.581495603175124
36.36363636363636,64.64646464646465,0.573554272235926,0.5735794807692411
37.17171717171717,64.64646464646465,0.5645653188838997,1.975978616093649
37.97979797979798,64.64646464646465,0.5545572389613812,1.9409503363648342
38.78787878787879,64.64646464646465,0.5435895099993021,1.9025632849975573
39.5959595959596,64.64646464646465,0.531726446721799,1.8610425635262966
40.4040404040404,64.64646464646465,0.5190365740440314,1.8166280091541098
41.21212121212121,64.64646464646465,0.5055919696553138,1.7695718937935985
42.02020202020202,64.64646464646465,0.4914675849843975,1.7201365474453914
42.82828282828283,64.64646464646465,0.47674055345478283,1.66859193709174
43.63636363636363,64.64646464646465,0.46148949489965124,1.6152132321487793
44.44444444444444,64.64646464646465,0.44579382482279595,1.5602783868797858
45.25252525252525,64.64646464646465,0.4297330768710743,1.50406576904876
46.06060606060606,64.64646464646465,0.4133862464353207,1.4468518625236224
46.868686868686865,64.64646464646465,0.39683116273257457,1.388909069564011
47.676767676767675,64.64646464646465,0.38014389605708254,1.3305036361997888
48.484848484848484,64.64646464646465,0.0,0.0
49.292929292929294,64.64646464646465,0.0,0.0
50.1010101010101,64.64646464646465,0.0,0.0
50.90909090909091,64.64646464646465,0.0,0.0
51.717171717171716,64.64646464646465,0.0,0.0
52.525252525252526,64.64646464646465,0.0,0.0
53.333333333333336,64.64646464646465,0.0,0.0
54.14141414141414,64.64646464646465,0.0,0.0
54.94949494949495,64.64646464646465,0.0,0.0
55.75757575757576,64.64646464646465,0.0,0.0
56.56565656565657,64.64646464646465,0.0,0.0
57.37373737373737,64.64646464646465,0.0,0.0
58.18181818181818,64.64646464646465,0.0,0.0
58.98989898989899,64.64646464646465,0.0,0.0
59.7979797979798,64.64646464646465,0.0,0.0
60.6060606060606,64.64646464646465,0.0,0.0
61.41414141414141,64.64646464646465,0.0,0.0
62.22222222222222,64.64646464646465,0.0,0.0
63.03030303030303,64.64646464646465,0.0,0.0
63.838383838383834,64.64646464646465,0.0,0.0
64.64646464646465,64.64646464646465,0.0,0.0
65.45454545454545,64.64646464646465,0.0,0.0
66.26262626262626,64.64646464646465,0.0,0.0
67.07070707070707,64.64646464646465,0.0,0.0
67.87878787878788,64.64646464646465,0.0,0.0
68.68686868686869,64.64646464646465,0.0,0.0
69.4949494949495,64.64646464646465,0.0,0.0
70.3030303030303,64.64646464646465,0.0,0.0
71.11111111111111,64.64646464646465,0.0,0.0
71.91919191919192,64.64646464646465,0.0,0.0
72.72727272727272,64.64646464646465,0.0,0.0
73.53535353535354,64.64646464646465,0.0,0.0
74.34343434343434,64.64646464646465,0.0,0.0
75.15151515151516,64.64646464646465,0.0,0.0
75.95959595959596,64.64646464646465,0.0,0.0
76.76767676767676,64.64646464646465,0.0,0.0
77.57575757575758,64.64646464646465,0.0,0.0
78.38383838383838,64.64646464646465,0.0,0.0
79.1919191919192,64.64646464646465,0.0,0.0
80.0,64.64646464646465,0.0,0.0
0.0,65.45454545454545,0.0,0.0
0.8080808080808081,65.45454545454545,0.0,0.0
1.6161616161616161,65.45454545454545,0.0,0.0
2.4242424242424243,65.45454545454545,0.0,0.0
3.2323232323232323,65.45454545454545,0.0,0.0
4.040404040404041,65.45454545454545,0.0,0.0
4.848484848484849,65.45454545454545,0.0,0.0
5.656565656565657,65.45454545454545,0.0,0.0
6.4646464646464645,65.45454545454545,0.0,0.0
7.2727272727272725,65.45454545454545,0.0,0.0
8.080808080808081,65.45454545454545,0.0,0.0
8.88888888888889,65.45454545454545,0.0,0.0
9.696969696969697,65.45454545454545,0.0,0.0
10.505050505050505,65.45454545454545,0.0,0.0
11.313131313131313,65.45454545454545,0.0,0.0
12.121212121212121,65.45454545454545,0.0,0.0
12.929292929292929,65.45454545454545,0.0,0.0
13.737373737373737,65.45454545454545,0.0,0.0
14.545454545454545,65.45454545454545,0.3805294688947802,0.38054619371099785
15.353535353535353,65.45454545454545,0.39630569772013596,0.3963231159242494
16.161616161616163,65.45454545454545,0.4118744417834371,0.41189254425619326
16.96969696969697,65.45454545454545,0.42716127700436296,0.4271800513554637
17.77777777777778,65.45454545454545,0.44209073640638236,0.4421101669286476
18.585858585858585,65.45454545454545,0.4565869128356542,0.45660698048567555
19.393939393939394,65.45454545454545,0.47057408805030077,0.47059477045674436
20.2020202020202,65.45454545454545,0.4839773810947583,0.4839986525951649
21.01010101010101,65.45454545454545,0.4967234083481558,0.49674524005475074
21.818181818181817,65.45454545454545,0.5087409472216105,0.508763307116284
22.626262626262626,65.45454545454545,0.5199615951884066,0.5199844482466599
23.434343434343432,65.45454545454545,0.5303204156723851,0.5303437240156637
24.242424242424242,65.45454545454545,0.5397565623001652,0.5397802853756289
25.05050505050505,65.45454545454545,0.5482138731459127,0.5482379679323244
25.858585858585858,65.45454545454545,0.5556414268642409,0.555665848102297
26.666666666666668,65.45454545454545,0.5619940530154189,0.5620187534605103
27.474747474747474,65.45454545454545,0.5672327894323214,0.567257720127396
28.282828282828284,65.45454545454545,0.5713252801524527,0.5713503907183671
29.09090909090909,65.45454545454545,0.5742461082300743,0.574271347170574
29.8989898989899,65.45454545454545,0.5759770586394873,0.5760023736577415
30.707070707070706,65.45454545454545,0.5765073074650848,0.5765326457885358
31.515151515151516,65.45454545454545,0.5758335346290655,0.5758588433392335
32.323232323232325,65.45454545454545,0.5739599585143236,0.5739851848781328
33.13131313131313,65.45454545454545,0.570898291977381,0.5709233837765524
33.93939393939394,65.45454545454545,0.566667620393058,0.5666925262481423
34.74747474747475,65.45454545454545,0.5612942035073825,0.5613188731930837
35.55555555555556,65.45454545454545,0.5548112039767844,0.5548355887253532
36.36363636363636,65.45454545454545,0.547258346519472,0.5472823993091173
37.17171717171717,65.45454545454545,0.5386815125797764,0.5387051884052622
37.97979797979798,65.45454545454545,0.5291322762906265,1.8519629670171929
38.78787878787879,65.45454545454545,0.5186673882976169,1.8153358590416593
39.5959595959596,65.45454545454545,0.5073482146672064,1.7757187513352224
40.4040404040404,65.45454545454545,0.49524013863090555,1.7333404852081693
41.21212121212121,65.45454545454545,0.4824119333092101,1.6884417665822353
42.02020202020202,65.45454545454545,0.46893511380880365,1.6412728983308127
42.82828282828283,65.45454545454545,0.4548832771925089,1.5920914701737812
43.63636363636363,65.45454545454545,0.44033143878493125,1.5411600357472595
44.44444444444444,65.45454545454545,0.4253553731019235,1.4887438058567324
45.25252525252525,65.45454545454545,0.4100309673858594,1.435108385850508
46.06060606060606,65.45454545454545,0.394433595300686,1.380517583552401
46.868686868686865,65.45454545454545,0.37863751780249644,1.3252313123087376
47.676767676767675,65.45454545454545,0.0,0.0
48.484848484848484,65.45454545454545,0.0,0.0
49.292929292929294,65.45454545454545,0.0,0.0
50.1010101010101,65.45454545454545,0.0,0.0
50.90909090909091,65.45454545454545,0.0,0.0
51.717171717171716,65.45454545454545,0.0,0.0
52.525252525252526,65.45454545454545,0.0,0.0
53.333333333333336,65.45454545454545,0.0,0.0
54.14141414141414,65.45454545454545,0.0,0.0
54.94949494949495,65.45454545454545,0.0,0.0
55.75757575757576,65.45454545454545,0.0,0.0
56.56565656565657,65.45454545454545,0.0,0.0
57.37373737373737,65.45454545454545,0.0,0.0
58.18181818181818,65.45454545454545,0.0,0.0
58.98989898989899,65.45454545454545,0.0,0.0
59.7979797979798,65.45454545454545,0.0,0.0
60.6060606060606,65.45454545454545,0.0,0.0
61.41414141414141,65.45454545454545,0.0,0.0
62.22222222222222,65.45454545454545,0.0,0.0
63.03030303030303,65.45454545454545,0.0,0.0
63.838383838383834,65.45454545454545,0.0,0.0
64.64646464646465,65.45454545454545,0.0,0.0
65.45454545454545,65.45454545454545,0.0,0.0
66.26262626262626,65.45454545454545,0.0,0.0
67.07070707070707,65.45454545454545,0.0,0.0
67.87878787878788,65.45454545454545,0.0,0.0
68.68686868686869,65.45454545454545,0.0,0.0
69.4949494949495,65.45454545454545,0.0,0.0
70.3030303030303,65.45454545454545,0.0,0.0
71.11111111111111,65.45454545454545,0.0,0.0
71.91919191919192,65.45454545454545,0.0,0.0
72.72727272727272,65.45454545454545,0.0,0.0
73.53535353535354,65.45454545454545,0.0,0.0
74.34343434343434,65.45454545454545,0.0,0.0
75.15151515151516,65.45454545454545,0.0,0.0
75.95959595959596,65.45454545454545,0.0,0.0
76.76767676767676,65.45454545454545,0.0,0.0
77.57575757575758,65.45454545454545,0.0,0.0
78.38383838383838,65.45454545454545,0.0,0.0
79.1919191919192,65.45454545454545,0.0,0.0
80.0,65.45454545454545,0.0,0.0
0.0,66.26262626262626,0.0,0.0
0.8080808080808081,66.26262626262626,0.0,0.0
1.6161616161616161,66.26262626262626,0.0,0.0
2.4242424242424243,66.26262626262626,0.0,0.0
3.2323232323232323,66.26262626262626,0.0,0.0
4.040404040404041,66.26262626262626,0.0,0.0
4.848484848484849,66.26262626262626,0.0,0.0
5.656565656565657,66.26262626262626,0.0,0.0
6.4646464646464645,66.26262626262626,0.0,0.0
7.2727272727272725,66.26262626262626,0.0,0.0
8.080808080808081,66.26262626262626,0.0,0.0
8.88888888888889,66.26262626262626,0.0,0.0
9.696969696969697,66.26262626262626,0.0,0.0
10.505050505050505,66.26262626262626,0.0,0.0
11.313131313131313,66.26262626262626,0.0,0.0
12.121212121212121,66.26262626262626,0.0,0.0
12.929292929292929,66.26262626262626,0.0,0.0
13.737373737373737,66.26262626262626,0.0,0.0
14.545454545454545,66.26262626262626,0.0,0.0
15.353535353535353,66.26262626262626,0.377346822172908,0.37736340710723515
16.161616161616163,66.26262626262626,0.3921707728032082,0.39218800927143793
16.96969696969697,66.26262626262626,0.40672630083341804,0.40674417703799187
17.77777777777778,66.26262626262626,0.4209415495530814,0.4209600505382353
18.585858585858585,66.26262626262626,0.43474424313208315,0.43476335076542677
19.393939393939394,66.26262626262626,0.4480622856149086,0.44808197859533067
20.2020202020202,66.26262626262626,0.46082437827740147,0.4608446321701097
21.01010101010101,66.26262626262626,0.47296064809907673,0.47298143539825915
21.818181818181817,66.26262626262626,0.4844032797097882,0.4844245699290501
22.626262626262626,66.26262626262626,0.49508714289255124,0.4951089026829314
23.434343434343432,66.26262626262626,0.5049504075732657,0.5049726008682823
24.242424242424242,66.26262626262626,0.5139351382093237,0.5139577263961449
25.05050505050505,66.26262626262626,0.5219878596062918,0.522010801721774
25.858585858585858,66.26262626262626,0.5290600864459597,0.5290833393959602
26.666666666666668,66.26262626262626,0.5351088091980922,0.5351323279981376
27.474747474747474,66.26262626262626,0.5400969296073921,0.5401206676424873
28.282828282828284,66.26262626262626,0.5439936395888474,0.5440175488899381
29.09090909090909,66.26262626262626,0.5467747381184533,0.5467987696528154
29.8989898989899,66.26262626262626,0.5484228815594598,0.5484469855320911
30.707070707070706,66.26262626262626,0.5489277638017571,0.5489518899646875
31.515151515151516,66.26262626262626,0.5482862235968069,0.5483103215631246
32.323232323232325,66.26262626262626,0.5465022775242068,0.5465262970835347
33.13131313131313,66.26262626262626,0.5435870781089202,0.5436109695410505
33.93939393939394,66.26262626262626,0.5395587977001716,0.5395825120835973
34.74747474747475,66.26262626262626,0.5344424398035162,0.5344659293156705
35.55555555555556,66.26262626262626,0.5282695806064546,0.5282927988125891
36.36363636363636,66.26262626262626,0.5210780444356716,0.5211009465634715
37.17171717171717,66.26262626262626,0.5129115178122406,0.5129340610094765
37.97979797979798,66.26262626262626,0.5038191076131988,0.5038412511859588
38.78787878787879,66.26262626262626,0.4938548495889646,1.728491973561376
39.5959595959596,66.26262626262626,0.4830771741136171,1.69077010939766
40.4040404040404,66.26262626262626,0.47154833654905465,1.6504191779216912
41.21212121212121,66.26262626262626,0.45933381997719913,1.607668369920197
42.02020202020202,66.26262626262626,0.4465017182922331,1.5627560140228158
42.82828282828283,66.26262626262626,0.4331221077457396,1.5159273771100887
43.63636363636363,66.26262626262626,0.41926641500283396,1.467432452509919
44.44444444444444,66.26262626262626,0.40500678960091374,1.417523763603198
45.25252525252525,66.26262626262626,0.3904154884111724,1.3664542094391035
46.06060606060606,66.26262626262626,0.37556427929546354,1.3144749775341225
46.868686868686865,66.26262626262626,0.0,0.0
47.676767676767675,66.26262626262626,0.0,0.0
48.484848484848484,66.26262626262626,0.0,0.0
49.292929292929294,66.26262626262626,0.0,0.0
50.1010101010101,66.26262626262626,0.0,0.0
50.90909090909091,66.26262626262626,0.0,0.0
51.717171717171716,66.26262626262626,0.0,0.0
52.525252525252526,66.26262626262626,0.0,0.0
53.333333333333336,66.26262626262626,0.0,0.0
54.14141414141414,66.26262626262626,0.0,0.0
54.94949494949495,66.26262626262626,0.0,0.0
55.75757575757576,66.26262626262626,0.0,0.0
56.56565656565657,66.26262626262626,0.0,0.0
57.37373737373737,66.26262626262626,0.0,0.0
58.18181818181818,66.26262626262626,0.0,0.0
58.98989898989899,66.26262626262626,0.0,0.0
59.7979797979798,66.26262626262626,0.0,0.0
60.6060606060606,66.26262626262626,0.0,0.0
61.41414141414141,66.26262626262626,0.0,0.0
62.22222222222222,66.26262626262626,0.0,0.0
63.03030303030303,66.26262626262626,0.0,0.0
63.838383838383834,66.26262626262626,0.0,0.0
64.64646464646465,66.26262626262626,0.0,0.0
65.45454545454545,66.26262626262626,0.0,0.0
66.26262626262626,66.26262626262626,0.0,0.0
67.07070707070707,66.26262626262626,0.0,0.0
67.87878787878788,66.26262626262626,0.0,0.0
68.68686868686869,66.26262626262626,0.0,0.0
69.4949494949495,66.26262626262626,0.0,0.0
70.3030303030303,66.26262626262626,0.0,0.0
71.11111111111111,66.26262626262626,0.0,0.0
71.91919191919192,66.26262626262626,0.0,0.0
72.72727272727272,66.26262626262626,0.0,0.0
73.53535353535354,66.26262626262626,0.0,0.0
74.34343434343434,66.26262626262626,0.0,0.0
75.15151515151516,66.26262626262626,0.0,0.0
75.95959595959596,66.26262626262626,0.0,0.0
76.76767676767676,66.26262626262626,0.0,0.0
77.57575757575758,66.26262626262626,0.0,0.0
78.38383838383838,66.26262626262626,0.0,0.0
79.1919191919192,66.26262626262626,0.0,0.0
80.0,66.26262626262626,0.0,0.0
0.0,67.07070707070707,0.0,0.0
0.8080808080808081,67.07070707070707,0.0,0.0
1.6161616161616161,67.07070707070707,0.0,0.0
2.4242424242424243,67.07070707070707,0.0,0.0
3.2323232323232323,67.07070707070707,0.0,0.0
4.040404040404041,67.07070707070707,0.0,0.0
4.848484848484849,67.07070707070707,0.0,0.0
5.656565656565657,67.07070707070707,0.0,0.0
6.4646464646464645,67.07070707070707,0.0,0.0
7.2727272727272725,67.07070707070707,0.0,0.0
8.080808080808081,67.07070707070707,0.0,0.0
8.88888888888889,67.07070707070707,0.0,0.0
9.696969696969697,67.07070707070707,0.0,0.0
10.505050505050505,67.07070707070707,0.0,0.0
11.313131313131313,67.07070707070707,0.0,0.0
12.121212121212121,67.07070707070707,0.0,0.0
12.929292929292929,67.07070707070707,0.0,0.0
13.737373737373737,67.07070707070707,0.0,0.0
14.545454545454545,67.07070707070707,0.0,0.0
15.353535353535353,67.07070707070707,0.0,0.0
16.161616161616163,67.07070707070707,0.3726302521930463,0.3726466298273546
16.96969696969697,67.07070707070707,0.3864605283299722,0.3864775138247631
17.77777777777778,67.07070707070707,0.3999674801038952,0.39998505924859906
18.585858585858585,67.07070707070707,0.41308243294069846,0.41310058850639947
19.393939393939394,67.07070707070707,0.4257368831783332,0.42575559492528126
20.2020202020202,67.07070707070707,0.4378630846628128,0.43788232937371724
21.01010101010101,67.07070707070707,0.4493946459059118,0.4494143974454807
21.818181818181817,67.07070707070707,0.4602671305441059,0.4602873599449766
22.626262626262626,67.07070707070707,0.4704186535750859,0.4704393291499612
23.434343434343432,67.07070707070707,0.47979046570465955,0.47981155318412655
24.242424242424242,67.07070707070707,0.4883275181190192,0.4883489808141905
25.05050505050505,67.07070707070707,0.4959790001087244,0.49600079909750905
25.858585858585858,67.07070707070707,0.5026988422121907,0.5027209365476788
26.666666666666668,67.07070707070707,0.5084461779161289,0.5084685248552685
27.474747474747474,67.07070707070707,0.513185757443692,0.5132083126941531
28.282828282828284,67.07070707070707,0.5168883077707698,0.516911025753631
29.09090909090909,67.07070707070707,0.5195308337271362,0.5195536678528052
29.8989898989899,67.07070707070707,0.5210968558498016,0.5211197588043901
30.707070707070706,67.07070707070707,0.5215765815466715,0.5215995055858929
31.515151515151516,67.07070707070707,0.5209670070833482,0.5209899043308971
32.323232323232325,67.07070707070707,0.5192719489070843,0.519294771654394
33.13131313131313,67.07070707070707,0.5165020038508872,0.5165247048551368
33.93939393939394,67.07070707070707,0.512674438798329,0.5126969715756019
34.74747474747475,67.07070707070707,0.5078130114162909,0.5078353305268543
35.55555555555556,67.07070707070707,0.5019477245594668,0.5019697858822562
36.36363636363636,67.07070707070707,0.49511451789845173,0.4951362788920027
37.17171717171717,67.07070707070707,0.48735490120524816,0.4873763211525104
37.97979797979798,67.07070707070707,0.4787155345301295,0.47873657476482884
38.78787878787879,67.07070707070707,0.4692477612079443,0.4692683853204199
39.5959595959596,67.07070707070707,0.45900710022822144,1.606524850798775
40.4040404040404,67.07070707070707,0.4480527049823236,1.5681844674381324
41.21212121212121,67.07070707070707,0.43644679575545053,1.5275637851440769
42.02020202020202,67.07070707070707,0.4242540735572689,1.484889257450441
42.82828282828283,67.07070707070707,0.4115411229807955,1.4403939304327842
43.63636363636363,67.07070707070707,0.3983758117461177,1.394315341111412
44.44444444444444,67.07070707070707,0.38482669442736683,1.346893430495784
45.25252525252525,67.07070707070707,0.37096242758439546,1.298368496545384
46.06060606060606,67.07070707070707,0.0,0.0
46.868686868686865,67.07070707070707,0.0,0.0
47.676767676767675,67.07070707070707,0.0,0.0
48.484848484848484,67.07070707070707,0.0,0.0
49.292929292929294,67.07070707070707,0.0,0.0
50.1010101010101,67.07070707070707,0.0,0.0
50.90909090909091,67.07070707070707,0.0,0.0
51.717171717171716,67.07070707070707,0.0,0.0
52.525252525252526,67.07070707070707,0.0,0.0
53.333333333333336,67.07070707070707,0.0,0.0
54.14141414141414,67.07070707070707,0.0,0.0
54.94949494949495,67.07070707070707,0.0,0.0
55.75757575757576,67.07070707070707,0.0,0.0
56.56565656565657,67.07070707070707,0.0,0.0
57.37373737373737,67.07070707070707,0.0,0.0
58.18181818181818,67.07070707070707,0.0,0.0
58.98989898989899,67.07070707070707,0.0,0.0
59.7979797979798,67.07070707070707,0.0,0.0
60.6060606060606,67.07070707070707,0.0,0.0
61.41414141414141,67.07070707070707,0.0,0.0
62.22222222222222,67.07070707070707,0.0,0.0
63.03030303030303,67.07070707070707,0.0,0.0
63.838383838383834,67.07070707070707,0.0,0.0
64.64646464646465,67.07070707070707,0.0,0.0
65.45454545454545,67.07070707070707,0.0,0.0
66.26262626262626,67.07070707070707,0.0,0.0
67.07070707070707,67.07070707070707,0.0,0.0
67.87878787878788,67.07070707070707,0.0,0.0
68.68686868686869,67.07070707070707,0.0,0.0
69.4949494949495,67.07070707070707,0.0,0.0
70.3030303030303,67.07070707070707,0.0,0.0
71.11111111111111,67.07070707070707,0.0,0.0
71.91919191919192,67.07070707070707,0.0,0.0
72.72727272727272,67.07070707070707,0.0,0.0
73.53535353535354,67.07070707070707,0.0,0.0
74.34343434343434,67.07070707070707,0.0,0.0
75.15151515151516,67.07070707070707,0.0,0.0
75.95959595959596,67.07070707070707,0.0,0.0
76.76767676767676,67.07070707070707,0.0,0.0
77.57575757575758,67.07070707070707,0.0,0.0
78.38383838383838,67.07070707070707,0.0,0.0
79.1919191919192,67.07070707070707,0.0,0.0
80.0,67.07070707070707,0.0,0.0
0.0,67.87878787878788,0.0,0.0
0.8080808080808081,67.87878787878788,0.0,0.0
1.6161616161616161,67.87878787878788,0.0,0.0
2.4242424242424243,67.87878787878788,0.0,0.0
3.2323232323232323,67.87878787878788,0.0,0.0
4.040404040404041,67.87878787878788,0.0,0.0
4.848484848484849,67.87878787878788,0.0,0.0
5.656565656565657,67.87878787878788,0.0,0.0
6.4646464646464645,67.87878787878788,0.0,0.0
7.2727272727272725,67.87878787878788,0.0,0.0
8.080808080808081,67.87878787878788,0.0,0.0
8.88888888888889,67.87878787878788,0.0,0.0
9.696969696969697,67.87878787878788,0.0,0.0
10.505050505050505,67.87878787878788,0.0,0.0
11.313131313131313,67.87878787878788,0.0,0.0
12.121212121212121,67.87878787878788,0.0,0.0
12.929292929292929,67.87878787878788,0.0,0.0
13.737373737373737,67.87878787878788,0.0,0.0
14.545454545454545,67.87878787878788,0.0,0.0
15.353535353535353,67.87878787878788,0.0,0.0
16.161616161616163,67.87878787878788,0.0,0.0
16.96969696969697,67.87878787878788,0.0,0.0
17.77777777777778,67.87878787878788,0.379245183678315,0.37926185204835444
18.585858585858585,67.87878787878788,0.3916806514224274,0.39169786634911913
19.393939393939394,67.87878787878788,0.4036794751854824,0.4036972174776968
20.2020202020202,67.87878787878788,0.41517741873856095,0.4151956663818941
21.01010101010101,67.87878787878788,0.42611153033333593,0.4261302585465641
21.818181818181817,67.87878787878788,0.43642071205126065,0.43643989336781897
22.626262626262626,67.87878787878788,0.4460462851491,0.4460658895234087
23.434343434343432,67.87878787878788,0.4549325441308442,0.4549525390689869
24.242424242424242,67.87878787878788,0.46302729225915257,0.4630476429730915
25.05050505050505,67.87878787878788,0.47028235132506296,0.47030302090925885
25.858585858585858,67.87878787878788,0.4766540387236394,0.4766749883526398
26.666666666666668,67.87878787878788,0.48210360523373363,0.4821247943790023
27.474747474747474,67.87878787878788,0.4865976273677875,0.4866190140317779
28.282828282828284,67.87878787878788,0.49010834873569986,0.49012988970093224
29.09090909090909,67.87878787878788,0.49261396554593795,0.4926356166366247
29.8989898989899,67.87878787878788,0.4940988521357183,0.49412056848930147
30.707070707070706,67.87878787878788,0.49455372326668484,0.494575459612507
31.515151515151516,67.87878787878788,0.4939757308277779,0.49399744177000293
32.323232323232325,67.87878787878788,0.4923684935362971,0.49239013383813673
33.13131313131313,67.87878787878788,0.48974205920382724,0.48976358407010906
33.93939393939394,67.87878787878788,0.4861128001175108,0.48613416547264776
34.74747474747475,67.87878787878788,0.4815032430606197,0.4815244058191093
35.55555555555556,67.87878787878788,0.4759418364413504,0.4759627547680385
36.36363636363636,67.87878787878788,0.4694626578976464,0.4694832914551399
37.17171717171717,67.87878787878788,0.4621050665821654,0.4621253767629624
37.97979797979798,67.87878787878788,0.4539133050901596,0.45393325523128386
38.78787878787879,67.87878787878788,0.44493605666070185,0.4449556122388753
39.5959595959596,67.87878787878788,0.4352259638470725,0.4352450926527328
40.4040404040404,67.87878787878788,0.42483911530619545,1.4869369035716842
41.21212121212121,67.87878787878788,0.4138345076932066,1.4484207769262232
42.02020202020202,67.87878787878788,0.4022734898614894,1.407957214515213
42.82828282828283,67.87878787878788,0.3902191966594131,1.3657671883079459
43.63636363636363,67.87878787878788,0.37773597958366334,1.3220759285428216
44.44444444444444,67.87878787878788,0.0,0.0
45.25252525252525,67.87878787878788,0.0,0.0
46.06060606060606,67.87878787878788,0.0,0.0
46.868686868686865,67.87878787878788,0.0,0.0
47.676767676767675,67.87878787878788,0.0,0.0
48.484848484848484,67.87878787878788,0.0,0.0
49.292929292929294,67.87878787878788,0.0,0.0
50.1010101010101,67.87878787878788,0.0,0.0
50.90909090909091,67.87878787878788,0.0,0.0
51.717171717171716,67.87878787878788,0.0,0.0
52.525252525252526,67.87878787878788,0.0,0.0
53.333333333333336,67.87878787878788,0.0,0.0
54.14141414141414,67.87878787878788,0.0,0.0
54.94949494949495,67.87878787878788,0.0,0.0
55.75757575757576,67.87878787878788,0.0,0.0
56.56565656565657,67.87878787878788,0.0,0.0
57.37373737373737,67.87878787878788,0.0,0.0
58.18181818181818,67.87878787878788,0.0,0.0
58.98989898989899,67.87878787878788,0.0,0.0
59.7979797979798,67.87878787878788,0.0,0.0
60.6060606060606,67.87878787878788,0.0,0.0
61.41414141414141,67.87878787878788,0.0,0.0
62.22222222222222,67.87878787878788,0.0,0.0
63.03030303030303,67.87878787878788,0.0,0.0
63.838383838383834,67.87878787878788,0.0,0.0
64.64646464646465,67.87878787878788,0.0,0.0
65.45454545454545,67.87878787878788,0.0,0.0
66.26262626262626,67.87878787878788,0.0,0.0
67.07070707070707,67.87878787878788,0.0,0.0
67.87878787878788,67.87878787878788,0.0,0.0
68.68686868686869,67.87878787878788,0.0,0.0
69.4949494949495,67.87878787878788,0.0,0.0
70.3030303030303,67.87878787878788,0.0,0.0
71.11111111111111,67.87878787878788,0.0,0.0
71.91919191919192,67.87878787878788,0.0,0.0
72.72727272727272,67.87878787878788,0.0,0.0
73.53535353535354,67.87878787878788,0.0,0.0
74.34343434343434,67.87878787878788,0.0,0.0
75.15151515151516,67.87878787878788,0.0,0.0
75.95959595959596,67.87878787878788,0.0,0.0
76.76767676767676,67.87878787878788,0.0,0.0
77.57575757575758,67.87878787878788,0.0,0.0
78.38383838383838,67.87878787878788,0.0,0.0
79.1919191919192,67.87878787878788,0.0,0.0
80.0,67.87878787878788,0.0,0.0
0.0,68.68686868686869,0.0,0.0
0.8080808080808081,68.68686868686869,0.0,0.0
1.6161616161616161,68.68686868686869,0.0,0.0
2.4242424242424243,68.68686868686869,0.0,0.0
3.2323232323232323,68.68686868686869,0.0,0.0
4.040404040404041,68.68686868686869,0.0,0.0
4.848484848484849,68.68686868686869,0.0,0.0
5.656565656565657,68.68686868686869,0.0,0.0
6.4646464646464645,68.68686868686869,0.0,0.0
7.2727272727272725,68.68686868686869,0.0,0.0
8.080808080808081,68.68686868686869,0.0,0.0
8.88888888888889,68.68686868686869,0.0,0.0
9.696969696969697,68.68686868686869,0.0,0.0
10.505050505050505,68.68686868686869,0.0,0.0
11.313131313131313,68.68686868686869,0.0,0.0
12.121212121212121,68.68686868686869,0.0,0.0
12.929292929292929,68.68686868686869,0.0,0.0
13.737373737373737,68.68686868686869,0.0,0.0
14.545454545454545,68.68686868686869,0.0,0.0
15.353535353535353,68.68686868686869,0.0,0.0
16.161616161616163,68.68686868686869,0.0,0.0
16.96969696969697,68.68686868686869,0.0,0.0
17.77777777777778,68.68686868686869,0.0,0.0
18.585858585858585,68.68686868686869,0.37061246014269916,0.37062874909215127
19.393939393939394,68.68686868686869,0.3819658767015593,0.38198266464996133
20.2020202020202,68.68686868686869,0.3928453549992824,0.39286262111636766
21.01010101010101,68.68686868686869,0.4031913294121056,0.4032090502496128
21.818181818181817,68.68686868686869,0.41294598843001445,0.4129641379987834
22.626262626262626,68.68686868686869,0.42205380959278677,0.4220723594633656
23.434343434343432,68.68686868686869,0.4304620837588178,0.430481003185112
24.242424242424242,68.68686868686869,0.43812142181182867,0.4381406778770215
25.05050505050505,68.68686868686869,0.44498623701046786,0.44500579479413965
25.858585858585858,68.68686868686869,0.45101519640243914,0.4510350191675278
26.666666666666668,68.68686868686869,0.45617163505643604,0.456191684454403
27.474747474747474,68.68686868686869,0.4604239273077609,0.46044416360007434
28.282828282828284,68.68686868686869,0.4637458097604999,0.4637661920543141
29.09090909090909,68.68686868686869,0.46611665143175657,0.46613713792746436
29.8989898989899,68.68686868686869,0.46752166715074317,0.467542215398908
30.707070707070706,68.68686868686869,0.4679520711247029,0.46797263828974
31.515151515151516,68.68686868686869,0.46740516844020924,0.46742571156808854
32.323232323232325,68.68686868686869,0.4658843831666309,0.4659048594538151
33.13131313131313,68.68686868686869,0.46339922265174477,0.46341958971255814
33.93939393939394,68.68686868686869,0.4599651785303661,0.45998539466001254
34.74747474747475,68.68686868686869,0.45560356588797885,0.4556235903184907
35.55555555555556,68.68686868686869,0.4503413029154881,0.45036109606199093
36.36363636363636,68.68686868686869,0.44421063424174717,0.44423015793656434
37.17171717171717,68.68686868686869,0.4372488019218398,0.43726801963413625
37.97979797979798,68.68686868686869,0.4294976687769446,0.4295165458158165
38.78787878787879,68.68686868686869,0.421003299413355,0.4210218031125039
39.5959595959596,68.68686868686869,0.41181550478320383,0.41183360466559427
40.4040404040404,68.68686868686869,0.4019873565790884,1.4069557480268093
41.21212121212121,68.68686868686869,0.3915746780729034,1.370511373255162
42.02020202020202,68.68686868686869,0.3806355182119141,1.3322243137416994
42.82828282828283,68.68686868686869,0.3692296158711198,1.2923036555489193
43.63636363636363,68.68686868686869,0.0,0.0
44.44444444444444,68.68686868686869,0.0,0.0
45.25252525252525,68.68686868686869,0.0,0.0
46.06060606060606,68.68686868686869,0.0,0.0
46.868686868686865,68.68686868686869,0.0,0.0
47.676767676767675,68.68686868686869,0.0,0.0
48.484848484848484,68.68686868686869,0.0,0.0
49.292929292929294,68.68686868686869,0.0,0.0
50.1010101010101,68.68686868686869,0.0,0.0
50.90909090909091,68.68686868686869,0.0,0.0
51.717171717171716,68.68686868686869,0.0,0.0
52.525252525252526,68.68686868686869,0.0,0.0
53.333333333333336,68.68686868686869,0.0,0.0
54.14141414141414,68.68686868686869,0.0,0.0
54.94949494949495,68.68686868686869,0.0,0.0
55.75757575757576,68.68686868686869,0.0,0.0
56.56565656565657,68.68686868686869,0.0,0.0
57.37373737373737,68.68686868686869,0.0,0.0
58.18181818181818,68.68686868686869,0.0,0.0
58.98989898989899,68.68686868686869,0.0,0.0
59.7979797979798,68.68686868686869,0.0,0.0
60.6060606060606,68.68686868686869,0.0,0.0
61.41414141414141,68.68686868686869,0.0,0.0
62.22222222222222,68.68686868686869,0.0,0.0
63.03030303030303,68.68686868686869,0.0,0.0
63.838383838383834,68.68686868686869,0.0,0.0
64.64646464646465,68.68686868686869,0.0,0.0
65.45454545454545,68.68686868686869,0.0,0.0
66.26262626262626,68.68686868686869,0.0,0.0
67.07070707070707,68.68686868686869,0.0,0.0
67.87878787878788,68.68686868686869,0.0,0.0
68.68686868686869,68.68686868686869,0.0,0.0
69.4949494949495,68.68686868686869,0.0,0.0
70.3030303030303,68.68686868686869,0.0,0.0
71.11111111111111,68.68686868686869,0.0,0.0
71.91919191919192,68.68686868686869,0.0,0.0
72.72727272727272,68.68686868686869,0.0,0.0
73.53535353535354,68.68686868686869,0.0,0.0
74.34343434343434,68.68686868686869,0.0,0.0
75.15151515151516,68.68686868686869,0.0,0.0
75.95959595959596,68.68686868686869,0.0,0.0
76.76767676767676,68.68686868686869,0.0,0.0
77.57575757575758,68.68686868686869,0.0,0.0
78.38383838383838,68.68686868686869,0.0,0.0
79.1919191919192,68.68686868686869,0.0,0.0
80.0,68.68686868686869,0.0,0.0
0.0,69.4949494949495,0.0,0.0
0.8080808080808081,69.4949494949495,0.0,0.0
1.6161616161616161,69.4949494949495,0.0,0.0
2.4242424242424243,69.4949494949495,0.0,0.0
3.2323232323232323,69.4949494949495,0.0,0.0
4.040404040404041,69.4949494949495,0.0,0.0
4.848484848484849,69.4949494949495,0.0,0.0
5.656565656565657,69.4949494949495,0.0,0.0
6.4646464646464645,69.4949494949495,0.0,0.0
7.2727272727272725,69.4949494949495,0.0,0.0
8.080808080808081,69.4949494949495,0.0,0.0
8.88888888888889,69.4949494949495,0.0,0.0
9.696969696969697,69.4949494949495,0.0,0.0
10.505050505050505,69.4949494949495,0.0,0.0
11.313131313131313,69.4949494949495,0.0,0.0
12.121212121212121,69.4949494949495,0.0,0.0
12.929292929292929,69.4949494949495,0.0,0.0
13.737373737373737,69.4949494949495,0.0,0.0
14.545454545454545,69.4949494949495,0.0,0.0
15.353535353535353,69.4949494949495,0.0,0.0
16.161616161616163,69.4949494949495,0.0,0.0
16.96969696969697,69.4949494949495,0.0,0.0
17.77777777777778,69.4949494949495,0.0,0.0
18.585858585858585,69.4949494949495,0.0,0.0
19.393939393939394,69.4949494949495,0.0,0.0
20.2020202020202,69.4949494949495,0.37093859797403866,0.37095490125771646
21.01010101010101,69.4949494949495,0.3807076360816036,0.3807243687285248
21.818181818181817,69.4949494949495,0.38991833309958046,0.38993547056985295
22.626262626262626,69.4949494949495,0.3985182627404011,0.3985357781899222
23.434343434343432,69.4949494949495,0.4064576551522946,0.4064755195495052
24.242424242424242,69.4949494949495,0.41368987536983587,0.4137080576335033
25.05050505050505,69.4949494949495,0.42017187876564754,0.4201903459226659
25.858585858585858,69.4949494949495,0.4258646372917201,0.4258833546536448
26.666666666666668,69.4949494949495,0.43073353061198416,0.43075246196875716
27.474747474747474,69.4949494949495,0.43474869664566473,0.43476780447474667
28.282828282828284,69.4949494949495,0.4378853365574586,0.4379045822463657
29.09090909090909,69.4949494949495,0.44012396983735563,0.44014331391740785
29.8989898989899,69.4949494949495,0.4414506357996738,0.4414700381885988
30.707070707070706,69.4949494949495,0.44185703858548087,0.4418764588363915
31.515151515151516,69.4949494949495,0.44134063356138525,0.44136003111555405
32.323232323232325,69.4949494949495,0.4399046538558296,0.4399239882966297
33.13131313131313,69.4949494949495,0.4375580766457364,0.43757730795110084
33.93939393939394,69.4949494949495,0.43431552968532366,0.43433461847609606
34.74747474747475,69.4949494949495,0.43019713943866816,0.43021604722027934
35.55555555555556,69.4949494949495,0.4252283230218622,0.42524701241686164
36.36363636363636,69.4949494949495,0.41943952696371606,0.4194579619328218
37.17171717171717,69.4949494949495,0.41286591654115806,0.4128840625906526
37.97979797979798,69.4949494949495,0.40554702012329724,0.4055648444967916
38.78787878787879,69.4949494949495,0.3975263335546365,0.3975438054074465
39.5959595959596,69.4949494949495,0.38885089011306145,0.3888679806676829
40.4040404040404,69.4949494949495,0.379570801983924,0.37958748466535525
41.21212121212121,69.4949494949495,0.36973877949190354,1.2940857282216625
42.02020202020202,69.4949494949495,0.0,0.0
42.82828282828283,69.4949494949495,0.0,0.0
43.63636363636363,69.4949494949495,0.0,0.0
44.44444444444444,69.4949494949495,0.0,0.0
45.25252525252525,69.4949494949495,0.0,0.0
46.06060606060606,69.4949494949495,0.0,0.0
46.868686868686865,69.4949494949495,0.0,0.0
47.676767676767675,69.4949494949495,0.0,0.0
48.484848484848484,69.4949494949495,0.0,0.0
49.292929292929294,69.4949494949495,0.0,0.0
50.1010101010101,69.4949494949495,0.0,0.0
50.90909090909091,69.4949494949495,0.0,0.0
51.717171717171716,69.4949494949495,0.0,0.0
52.525252525252526,69.4949494949495,0.0,0.0
53.333333333333336,69.4949494949495,0.0,0.0
54.14141414141414,69.4949494949495,0.0,0.0
54.94949494949495,69.4949494949495,0.0,0.0
55.75757575757576,69.4949494949495,0.0,0.0
56.56565656565657,69.4949494949495,0.0,0.0
57.37373737373737,69.4949494949495,0.0,0.0
58.18181818181818,69.4949494949495,0.0,0.0
58.98989898989899,69.4949494949495,0.0,0.0
59.7979797979798,69.4949494949495,0.0,0.0
60.6060606060606,69.4949494949495,0.0,0.0
61.41414141414141,69.4949494949495,0.0,0.0
62.22222222222222,69.4949494949495,0.0,0.0
63.03030303030303,69.4949494949495,0.0,0.0
63.838383838383834,69.4949494949495,0.0,0.0
64.64646464646465,69.4949494949495,0.0,0.0
65.45454545454545,69.4949494949495,0.0,0.0
66.26262626262626,69.4949494949495,0.0,0.0
67.07070707070707,69.4949494949495,0.0,0.0
67.87878787878788,69.4949494949495,0.0,0.0
68.68686868686869,69.4949494949495,0.0,0.0
69.4949494949495,69.4949494949495,0.0,0.0
70.3030303030303,69.4949494949495,0.0,0.0
71.11111111111111,69.4949494949495,0.0,0.0
71.91919191919192,69.4949494949495,0.0,0.0
72.72727272727272,69.4949494949495,0.0,0.0
73.53535353535354,69.4949494949495,0.0,0.0
74.34343434343434,69.4949494949495,0.0,0.0
75.15151515151516,69.4949494949495,0.0,0.0
75.95959595959596,69.4949494949495,0.0,0.0
76.76767676767676,69.4949494949495,0.0,0.0
77.57575757575758,69.4949494949495,0.0,0.0
78.38383838383838,69.4949494949495,0.0,0.0
79.1919191919192,69.4949494949495,0.0,0.0
80.0,69.4949494949495,0.0,0.0
0.0,70.3030303030303,0.0,0.0
0.8080808080808081,70.3030303030303,0.0,0.0
1.6161616161616161,70.3030303030303,0.0,0.0
2.4242424242424243,70.3030303030303,0.0,0.0
3.2323232323232323,70.3030303030303,0.0,0.0
4.040404040404041,70.3030303030303,0.0,0.0
4.848484848484849,70.3030303030303,0.0,0.0
5.656565656565657,70.3030303030303,0.0,0.0
6.4646464646464645,70.3030303030303,0.0,0.0
7.2727272727272725,70.3030303030303,0.0,0.0
8.080808080808081,70.3030303030303,0.0,0.0
8.88888888888889,70.3030303030303,0.0,0.0
9.696969696969697,70.3030303030303,0.0,0.0
10.505050505050505,70.3030303030303,0.0,0.0
11.313131313131313,70.3030303030303,0.0,0.0
12.121212121212121,70.3030303030303,0.0,0.0
12.929292929292929,70.3030303030303,0.0,0.0
13.737373737373737,70.3030303030303,0.0,0.0
14.545454545454545,70.3030303030303,0.0,0.0
15.353535353535353,70.3030303030303,0.0,0.0
16.161616161616163,70.3030303030303,0.0,0.0
16.96969696969697,70.3030303030303,0.0,0.0
17.77777777777778,70.3030303030303,0.0,0.0
18.585858585858585,70.3030303030303,0.0,0.0
19.393939393939394,70.3030303030303,0.0,0.0
20.2020202020202,70.3030303030303,0.0,0.0
21.01010101010101,70.3030303030303,0.0,0.0
21.818181818181817,70.3030303030303,0.0,0.0
22.626262626262626,70.3030303030303,0.3755096809230541,0.375526185112387
23.434343434343432,70.3030303030303,0.38299068992578356,0.3830075229161974
24.242424242424242,70.3030303030303,0.3898053555513418,0.38982248805608893
25.05050505050505,70.3030303030303,0.39591311836794557,0.3959305193176331
25.858585858585858,70.3030303030303,0.4012772036246607,0.40129484033359275
26.666666666666668,70.3030303030303,0.405864989801807,0.405882828150525
27.474747474747474,70.3030303030303,0.409648338915578,0.4096663435479187
28.282828282828284,70.3030303030303,0.4126038838995113,0.41262201843229523
29.09090909090909,70.3030303030303,0.414713268957193,0.41473149620047717
29.8989898989899,70.3030303030303,0.41596333942768016,0.41598162161335533
30.707070707070706,70.3030303030303,0.41634627841616023,0.4163645774325535
31.515151515151516,70.3030303030303,0.4158596882044801,0.4158779658345353
32.323232323232325,70.3030303030303,0.4145066152553581,0.4145248334159155
33.13131313131313,70.3030303030303,0.4122955184454801,0.41231363942515986
33.93939393939394,70.3030303030303,0.4092401809909058,0.40925816768412
34.74747474747475,70.3030303030303,0.4053595673477473,0.4053773834824232
35.55555555555556,70.3030303030303,0.4006776271666132,0.40069523752329955
36.36363636363636,70.3030303030303,0.39522304913604733,0.3952404197562019
37.17171717171717,70.3030303030303,0.3890289682542505,0.38904606663566177
37.97979797979798,70.3030303030303,0.3821326307070549,0.3821494259845348
38.78787878787879,70.3030303030303,0.3745750210922012,0.3745914842018933
39.5959595959596,70.3030303030303,0.0,0.0
40.4040404040404,70.3030303030303,0.0,0.0
41.21212121212121,70.3030303030303,0.0,0.0
42.02020202020202,70.3030303030303,0.0,0.0
42.82828282828283,70.3030303030303,0.0,0.0
43.63636363636363,70.3030303030303,0.0,0.0
44.44444444444444,70.3030303030303,0.0,0.0
45.25252525252525,70.3030303030303,0.0,0.0
46.06060606060606,70.3030303030303,0.0,0.0
46.868686868686865,70.3030303030303,0.0,0.0
47.676767676767675,70.3030303030303,0.0,0.0
48.484848484848484,70.3030303030303,0.0,0.0
49.292929292929294,70.3030303030303,0.0,0.0
50.1010101010101,70.3030303030303,0.0,0.0
50.90909090909091,70.3030303030303,0.0,0.0
51.717171717171716,70.3030303030303,0.0,0.0
52.525252525252526,70.3030303030303,0.0,0.0
53.333333333333336,70.3030303030303,0.0,0.0
54.14141414141414,70.3030303030303,0.0,0.0
54.94949494949495,70.3030303030303,0.0,0.0
55.75757575757576,70.3030303030303,0.0,0.0
56.56565656565657,70.3030303030303,0.0,0.0
57.37373737373737,70.3030303030303,0.0,0.0
58.18181818181818,70.3030303030303,0.0,0.0
58.98989898989899,70.3030303030303,0.0,0.0
59.7979797979798,70.3030303030303,0.0,0.0
60.6060606060606,70.3030303030303,0.0,0.0
61.41414141414141,70.3030303030303,0.0,0.0
62.22222222222222,70.3030303030303,0.0,0.0
63.03030303030303,70.3030303030303,0.0,0.0
63.838383838383834,70.3030303030303,0.0,0.0
64.64646464646465,70.3030303030303,0.0,0.0
65.45454545454545,70.3030303030303,0.0,0.0
66.26262626262626,70.3030303030303,0.0,0.0
67.07070707070707,70.3030303030303,0.0,0.0
67.87878787878788,70.3030303030303,0.0,0.0
68.68686868686869,70.3030303030303,0.0,0.0
69.4949494949495,70.3030303030303,0.0,0.0
70.3030303030303,70.3030303030303,0.0,0.0
71.11111111111111,70.3030303030303,0.0,0.0
71.91919191919192,70.3030303030303,0.0,0.0
72.72727272727272,70.3030303030303,0.0,0.0
73.53535353535354,70.3030303030303,0.0,0.0
74.34343434343434,70.3030303030303,0.0,0.0
75.15151515151516,70.3030303030303,0.0,0.0
75.95959595959596,70.3030303030303,0.0,0.0
76.76767676767676,70.3030303030303,0.0,0.0
77.57575757575758,70.3030303030303,0.0,0.0
78.38383838383838,70.3030303030303,0.0,0.0
79.1919191919192,70.3030303030303,0.0,0.0
80.0,70.3030303030303,0.0,0.0
0.0,71.11111111111111,0.0,0.0
0.8080808080808081,71.11111111111111,0.0,0.0
1.6161616161616161,71.11111111111111,0.0,0.0
2.4242424242424243,71.11111111111111,0.0,0.0
3.2323232323232323,71.11111111111111,0.0,0.0
4.040404040404041,71.11111111111111,0.0,0.0
4.848484848484849,71.11111111111111,0.0,0.0
5.656565656565657,71.11111111111111,0.0,0.0
6.4646464646464645,71.11111111111111,0.0,0.0
7.2727272727272725,71.11111111111111,0.0,0.0
8.080808080808081,71.11111111111111,0.0,0.0
8.88888888888889,71.11111111111111,0.0,0.0
9.696969696969697,71.11111111111111,0.0,0.0
10.505050505050505,71.11111111111111,0.0,0.0
11.313131313131313,71.11111111111111,0.0,0.0
12.121212121212121,71.11111111111111,0.0,0.0
12.929292929292929,71.11111111111111,0.0,0.0
13.737373737373737,71.11111111111111,0.0,0.0
14.545454545454545,71.11111111111111,0.0,0.0
15.353535353535353,71.11111111111111,0.0,0.0
16.161616161616163,71.11111111111111,0.0,0.0
16.96969696969697,71.11111111111111,0.0,0.0
17.77777777777778,71.11111111111111,0.0,0.0
18.585858585858585,71.11111111111111,0.0,0.0
19.393939393939394,71.11111111111111,0.0,0.0
20.2020202020202,71.11111111111111,0.0,0.0
21.01010101010101,71.11111111111111,0.0,0.0
21.818181818181817,71.11111111111111,0.0,0.0
22.626262626262626,71.11111111111111,0.0,0.0
23.434343434343432,71.11111111111111,0.0,0.0
24.242424242424242,71.11111111111111,0.0,0.0
25.05050505050505,71.11111111111111,0.37227623013010536,0.37229259220463595
25.858585858585858,71.11111111111111,0.3773200676409668,0.3773366513993939
26.666666666666668,71.11111111111111,0.38163395284313323,0.3816507262030054
27.474747474747474,71.11111111111111,0.3851914276526236,0.3852083573686186
28.282828282828284,71.11111111111111,0.38797052006849064,0.38798757192958533
29.09090909090909,71.11111111111111,0.3899539701759376,0.3899711092125107
29.8989898989899,71.11111111111111,0.3911294086763547,0.3911465993751367
30.707070707070706,71.11111111111111,0.3914894853608275,0.39150669188549647
31.515151515151516,71.11111111111111,0.3910319456602759,0.39104913207541847
32.323232323232325,71.11111111111111,0.38975965415686065,0.3897767846529659
33.13131313131313,71.11111111111111,0.3876805647136332,0.38769760383077395
33.93939393939394,71.11111111111111,0.38480763765818976,0.3848245505060638
34.74747474747475,71.11111111111111,0.38115870522669637,0.3811754576987538
35.55555555555556,71.11111111111111,0.3767562872226852,0.3767728462021539
36.36363636363636,71.11111111111111,0.3716273595565844,0.3716436931123221
37.17171717171717,71.11111111111111,0.0,0.0
37.97979797979798,71.11111111111111,0.0,0.0
38.78787878787879,71.11111111111111,0.0,0.0
39.5959595959596,71.11111111111111,0.0,0.0
40.4040404040404,71.11111111111111,0.0,0.0
41.21212121212121,71.11111111111111,0.0,0.0
42.02020202020202,71.11111111111111,0.0,0.0
42.82828282828283,71.11111111111111,0.0,0.0
43.63636363636363,71.11111111111111,0.0,0.0
44.44444444444444,71.11111111111111,0.0,0.0
45.25252525252525,71.11111111111111,0.0,0.0
46.06060606060606,71.11111111111111,0.0,0.0
46.868686868686865,71.11111111111111,0.0,0.0
47.676767676767675,71.11111111111111,0.0,0.0
48.484848484848484,71.11111111111111,0.0,0.0
49.292929292929294,71.11111111111111,0.0,0.0
50.1010101010101,71.11111111111111,0.0,0.0
50.90909090909091,71.11111111111111,0.0,0.0
51.717171717171716,71.11111111111111,0.0,0.0
52.525252525252526,71.11111111111111,0.0,0.0
53.333333333333336,71.11111111111111,0.0,0.0
54.14141414141414,71.11111111111111,0.0,0.0
54.94949494949495,71.11111111111111,0.0,0.0
55.75757575757576,71.11111111111111,0.0,0.0
56.56565656565657,71.11111111111111,0.0,0.0
57.37373737373737,71.11111111111111,0.0,0.0
58.18181818181818,71.11111111111111,0.0,0.0
58.98989898989899,71.11111111111111,0.0,0.0
59.7979797979798,71.11111111111111,0.0,0.0
60.6060606060606,71.11111111111111,0.0,0.0
61.41414141414141,71.11111111111111,0.0,0.0
62.22222222222222,71.11111111111111,0.0,0.0
63.03030303030303,71.11111111111111,0.0,0.0
63.838383838383834,71.11111111111111,0.0,0.0
64.64646464646465,71.11111111111111,0.0,0.0
65.45454545454545,71.11111111111111,0.0,0.0
66.26262626262626,71.11111111111111,0.0,0.0
67.07070707070707,71.11111111111111,0.0,0.0
67.87878787878788,71.11111111111111,0.0,0.0
68.68686868686869,71.11111111111111,0.0,0.0
69.4949494949495,71.11111111111111,0.0,0.0
70.3030303030303,71.11111111111111,0.0,0.0
71.11111111111111,71.11111111111111,0.0,0.0
71.91919191919192,71.11111111111111,0.0,0.0
72.72727272727272,71.11111111111111,0.0,0.0
73.53535353535354,71.11111111111111,0.0,0.0
74.34343434343434,71.11111111111111,0.0,0.0
75.15151515151516,71.11111111111111,0.0,0.0
75.95959595959596,71.11111111111111,0.0,0.0
76.76767676767676,71.11111111111111,0.0,0.0
77.57575757575758,71.11111111111111,0.0,0.0
78.38383838383838,71.11111111111111,0.0,0.0
79.1919191919192,71.11111111111111,0.0,0.0
80.0,71.11111111111111,0.0,0.0
0.0,71.91919191919192,0.0,0.0
0.8080808080808081,71.91919191919192,0.0,0.0
1.6161616161616161,71.91919191919192,0.0,0.0
2.4242424242424243,71.91919191919192,0.0,0.0
3.2323232323232323,71.91919191919192,0.0,0.0
4.040404040404041,71.91919191919192,0.0,0.0
4.848484848484849,71.91919191919192,0.0,0.0
5.656565656565657,71.91919191919192,0.0,0.0
6.4646464646464645,71.91919191919192,0.0,0.0
7.2727272727272725,71.91919191919192,0.0,0.0
8.080808080808081,71.91919191919192,0.0,0.0
8.88888888888889,71.91919191919192,0.0,0.0
9.696969696969697,71.91919191919192,0.0,0.0
10.505050505050505,71.91919191919192,0.0,0.0
11.313131313131313,71.91919191919192,0.0,0.0
12.121212121212121,71.91919191919192,0.0,0.0
12.929292929292929,71.91919191919192,0.0,0.0
13.737373737373737,71.91919191919192,0.0,0.0
14.545454545454545,71.91919191919192,0.0,0.0
15.353535353535353,71.91919191919192,0.0,0.0
16.161616161616163,71.91919191919192,0.0,0.0
16.96969696969697,71.91919191919192,0.0,0.0
17.77777777777778,71.91919191919192,0.0,0.0
18.585858585858585,71.91919191919192,0.0,0.0
19.393939393939394,71.91919191919192,0.0,0.0
20.2020202020202,71.91919191919192,0.0,0.0
21.01010101010101,71.91919191919192,0.0,0.0
21.818181818181817,71.91919191919192,0.0,0.0
22.626262626262626,71.91919191919192,0.0,0.0
23.434343434343432,71.91919191919192,0.0,0.0
24.242424242424242,71.91919191919192,0.0,0.0
25.05050505050505,71.91919191919192,0.0,0.0
25.858585858585858,71.91919191919192,0.0,0.0
26.666666666666668,71.91919191919192,0.0,0.0
27.474747474747474,71.91919191919192,0.0,0.0
28.282828282828284,71.91919191919192,0.0,0.0
29.09090909090909,71.91919191919192,0.0,0.0
29.8989898989899,71.91919191919192,0.0,0.0
30.707070707070706,71.91919191919192,0.0,0.0
31.515151515151516,71.91919191919192,0.0,0.0
32.323232323232325,71.91919191919192,0.0,0.0
33.13131313131313,71.91919191919192,0.0,0.0
33.93939393939394,71.91919191919192,0.0,0.0
34.74747474747475,71.91919191919192,0.0,0.0
35.55555555555556,71.91919191919192,0.0,0.0
36.36363636363636,71.91919191919192,0.0,0.0
37.17171717171717,71.91919191919192,0.0,0.0
37.97979797979798,71.91919191919192,0.0,0.0
38.78787878787879,71.91919191919192,0.0,0.0
39.5959595959596,71.91919191919192,0.0,0.0
40.4040404040404,71.91919191919192,0.0,0.0
41.21212121212121,71.91919191919192,0.0,0.0
42.02020202020202,71.91919191919192,0.0,0.0
42.82828282828283,71.91919191919192,0.0,0.0
43.63636363636363,71.91919191919192,0.0,0.0
44.44444444444444,71.91919191919192,0.0,0.0
45.25252525252525,71.91919191919192,0.0,0.0
46.06060606060606,71.91919191919192,0.0,0.0
46.868686868686865,71.91919191919192,0.0,0.0
47.676767676767675,71.91919191919192,0.0,0.0
48.484848484848484,71.91919191919192,0.0,0.0
49.292929292929294,71.91919191919192,0.0,0.0
50.1010101010101,71.91919191919192,0.0,0.0
50.90909090909091,71.91919191919192,0.0,0.0
51.717171717171716,71.91919191919192,0.0,0.0
52.525252525252526,71.91919191919192,0.0,0.0
53.333333333333336,71.91919191919192,0.0,0.0
54.14141414141414,71.91919191919192,0.0,0.0
54.94949494949495,71.91919191919192,0.0,0.0
55.75757575757576,71.91919191919192,0.0,0.0
56.56565656565657,71.91919191919192,0.0,0.0
57.37373737373737,71.91919191919192,0.0,0.0
58.18181818181818,71.91919191919192,0.0,0.0
58.98989898989899,71.91919191919192,0.0,0.0
59.7979797979798,71.91919191919192,0.0,0.0
60.6060606060606,71.91919191919192,0.0,0.0
61.41414141414141,71.91919191919192,0.0,0.0
62.22222222222222,71.91919191919192,0.0,0.0
63.03030303030303,71.91919191919192,0.0,0.0
63.838383838383834,71.91919191919192,0.0,0.0
64.64646464646465,71.91919191919192,0.0,0.0
65.45454545454545,71.91919191919192,0.0,0.0
66.26262626262626,71.91919191919192,0.0,0.0
67.07070707070707,71.91919191919192,0.0,0.0
67.87878787878788,71.91919191919192,0.0,0.0
68.68686868686869,71.91919191919192,0.0,0.0
69.4949494949495,71.91919191919192,0.0,0.0
70.3030303030303,71.91919191919192,0.0,0.0
71.11111111111111,71.91919191919192,0.0,0.0
71.91919191919192,71.91919191919192,0.0,0.0
72.72727272727272,71.91919191919192,0.0,0.0
73.53535353535354,71.91919191919192,0.0,0.0
74.34343434343434,71.91919191919192,0.0,0.0
75.15151515151516,71.91919191919192,0.0,0.0
75.95959595959596,71.91919191919192,0.0,0.0
76.76767676767676,71.91919191919192,0.0,0.0
77.57575757575758,71.91919191919192,0.0,0.0
78.38383838383838,71.91919191919192,0.0,0.0
79.1919191919192,71.91919191919192,0.0,0.0
80.0,71.91919191919192,0.0,0.0
0.0,72.72727272727272,0.0,0.0
0.8080808080808081,72.72727272727272,0.0,0.0
1.6161616161616161,72.72727272727272,0.0,0.0
2.4242424242424243,72.72727272727272,0.0,0.0
3.2323232323232323,72.72727272727272,0.0,0.0
4.040404040404041,72.72727272727272,0.0,0.0
4.848484848484849,72.72727272727272,0.0,0.0
5.656565656565657,72.72727272727272,0.0,0.0
6.4646464646464645,72.72727272727272,0.0,0.0
7.2727272727272725,72.72727272727272,0.0,0.0
8.080808080808081,72.72727272727272,0.0,0.0
8.88888888888889,72.72727272727272,0.0,0.0
9.696969696969697,72.72727272727272,0.0,0.0
10.505050505050505,72.72727272727272,0.0,0.0
11.313131313131313,72.72727272727272,0.0,0.0
12.121212121212121,72.72727272727272,0.0,0.0
12.929292929292929,72.72727272727272,0.0,0.0
13.737373737373737,72.72727272727272,0.0,0.0
14.545454545454545,72.72727272727272,0.0,0.0
15.353535353535353,72.72727272727272,0.0,0.0
16.161616161616163,72.72727272727272,0.0,0.0
16.96969696969697,72.72727272727272,0.0,0.0
17.77777777777778,72.72727272727272,0.0,0.0
18.585858585858585,72.72727272727272,0.0,0.0
19.393939393939394,72.72727272727272,0.0,0.0
20.2020202020202,72.72727272727272,0.0,0.0
21.01010101010101,72.72727272727272,0.0,0.0
21.818181818181817,72.72727272727272,0.0,0.0
22.626262626262626,72.72727272727272,0.0,0.0
23.434343434343432,72.72727272727272,0.0,0.0
24.242424242424242,72.72727272727272,0.0,0.0
25.05050505050505,72.72727272727272,0.0,0.0
25.858585858585858,72.72727272727272,0.0,0.0
26.666666666666668,72.72727272727272,0.0,0.0
27.474747474747474,72.72727272727272,0.0,0.0
28.282828282828284,72.72727272727272,0.0,0.0
29.09090909090909,72.72727272727272,0.0,0.0
29.8989898989899,72.72727272727272,0.0,0.0
30.707070707070706,72.72727272727272,0.0,0.0
31.515151515151516,72.72727272727272,0.0,0.0
32.323232323232325,72.72727272727272,0.0,0.0
33.13131313131313,72.72727272727272,0.0,0.0
33.93939393939394,72.72727272727272,0.0,0.0
34.74747474747475,72.72727272727272,0.0,0.0
35.55555555555556,72.72727272727272,0.0,0.0
36.36363636363636,72.72727272727272,0.0,0.0
37.17171717171717,72.72727272727272,0.0,0.0
37.97979797979798,72.72727272727272,0.0,0.0
38.78787878787879,72.72727272727272,0.0,0.0
39.5959595959596,72.72727272727272,0.0,0.0
40.4040404040404,72.72727272727272,0.0,0.0
41.21212121212121,72.72727272727272,0.0,0.0
42.02020202020202,72.72727272727272,0.0,0.0
42.82828282828283,72.72727272727272,0.0,0.0
43.63636363636363,72.72727272727272,0.0,0.0
44.44444444444444,72.72727272727272,0.0,0.0
45.25252525252525,72.72727272727272,0.0,0.0
46.06060606060606,72.72727272727272,0.0,0.0
46.868686868686865,72.72727272727272,0.0,0.0
47.676767676767675,72.72727272727272,0.0,0.0
48.484848484848484,72.72727272727272,0.0,0.0
49.292929292929294,72.72727272727272,0.0,0.0
50.1010101010101,72.72727272727272,0.0,0.0
50.90909090909091,72.72727272727272,0.0,0.0
51.717171717171716,72.72727272727272,0.0,0.0
52.525252525252526,72.72727272727272,0.0,0.0
53.333333333333336,72.72727272727272,0.0,0.0
54.14141414141414,72.72727272727272,0.0,0.0
54.94949494949495,72.72727272727272,0.0,0.0
55.75757575757576,72.72727272727272,0.0,0.0
56.56565656565657,72.72727272727272,0.0,0.0
57.37373737373737,72.72727272727272,0.0,0.0
58.18181818181818,72.72727272727272,0.0,0.0
58.98989898989899,72.72727272727272,0.0,0.0
59.7979797979798,72.72727272727272,0.0,0.0
60.6060606060606,72.72727272727272,0.0,0.0
61.41414141414141,72.72727272727272,0.0,0.0
62.22222222222222,72.72727272727272,0.0,0.0
63.03030303030303,72.72727272727272,0.0,0.0
63.838383838383834,72.72727272727272,0.0,0.0
64.64646464646465,72.72727272727272,0.0,0.0
65.45454545454545,72.72727272727272,0.0,0.0
66.26262626262626,72.72727272727272,0.0,0.0
67.07070707070707,72.72727272727272,0.0,0.0
67.87878787878788,72.72727272727272,0.0,0.0
68.68686868686869,72.72727272727272,0.0,0.0
69.4949494949495,72.72727272727272,0.0,0.0
70.3030303030303,72.72727272727272,0.0,0.0
71.11111111111111,72.72727272727272,0.0,0.0
71.91919191919192,72.72727272727272,0.0,0.0
72.72727272727272,72.72727272727272,0.0,0.0
73.53535353535354,72.72727272727272,0.0,0.0
74.34343434343434,72.72727272727272,0.0,0.0
75.15151515151516,72.72727272727272,0.0,0.0
75.95959595959596,72.72727272727272,0.0,0.0
76.76767676767676,72.72727272727272,0.0,0.0
77.57575757575758,72.72727272727272,0.0,0.0
78.38383838383838,72.72727272727272,0.0,0.0
79.1919191919192,72.72727272727272,0.0,0.0
80.0,72.72727272727272,0.0,0.0
0.0,73.53535353535354,0.0,0.0
0.8080808080808081,73.53535353535354,0.0,0.0
1.6161616161616161,73.53535353535354,0.0,0.0
2.4242424242424243,73.53535353535354,0.0,0.0
3.2323232323232323,73.53535353535354,0.0,0.0
4.040404040404041,73.53535353535354,0.0,0.0
4.848484848484849,73.53535353535354,0.0,0.0
5.656565656565657,73.53535353535354,0.0,0.0
6.4646464646464645,73.53535353535354,0.0,0.0
7.2727272727272725,73.53535353535354,0.0,0.0
8.080808080808081,73.53535353535354,0.0,0.0
8.88888888888889,73.53535353535354,0.0,0.0
9.696969696969697,73.53535353535354,0.0,0.0
10.505050505050505,73.53535353535354,0.0,0.0
11.313131313131313,73.53535353535354,0.0,0.0
12.121212121212121,73.53535353535354,0.0,0.0
12.929292929292929,73.53535353535354,0.0,0.0
13.737373737373737,73.53535353535354,0.0,0.0
14.545454545454545,73.53535353535354,0.0,0.0
15.353535353535353,73.53535353535354,0.0,0.0
16.161616161616163,73.53535353535354,0.0,0.0
16.96969696969697,73.53535353535354,0.0,0.0
17.77777777777778,73.53535353535354,0.0,0.0
18.585858585858585,73.53535353535354,0.0,0.0
19.393939393939394,73.53535353535354,0.0,0.0
20.2020202020202,73.53535353535354,0.0,0.0
21.01010101010101,73.53535353535354,0.0,0.0
21.818181818181817,73.53535353535354,0.0,0.0
22.626262626262626,73.53535353535354,0.0,0.0
23.434343434343432,73.53535353535354,0.0,0.0
24.242424242424242,73.53535353535354,0.0,0.0
25.05050505050505,73.53535353535354,0.0,0.0
25.858585858585858,73.53535353535354,0.0,0.0
26.666666666666668,73.53535353535354,0.0,0.0
27.474747474747474,73.53535353535354,0.0,0.0
28.282828282828284,73.53535353535354,0.0,0.0
29.09090909090909,73.53535353535354,0.0,0.0
29.8989898989899,73.53535353535354,0.0,0.0
30.707070707070706,73.53535353535354,0.0,0.0
31.515151515151516,73.53535353535354,0.0,0.0
32.323232323232325,73.53535353535354,0.0,0.0
33.13131313131313,73.53535353535354,0.0,0.0
33.93939393939394,73.53535353535354,0.0,0.0
34.74747474747475,73.53535353535354,0.0,0.0
35.55555555555556,73.53535353535354,0.0,0.0
36.36363636363636,73.53535353535354,0.0,0.0
37.17171717171717,73.53535353535354,0.0,0.0
37.97979797979798,73.53535353535354,0.0,0.0
38.78787878787879,73.53535353535354,0.0,0.0
39.5959595959596,73.53535353535354,0.0,0.0
40.4040404040404,73.53535353535354,0.0,0.0
41.21212121212121,73.53535353535354,0.0,0.0
42.02020202020202,73.53535353535354,0.0,0.0
42.82828282828283,73.53535353535354,0.0,0.0
43.63636363636363,73.53535353535354,0.0,0.0
44.44444444444444,73.53535353535354,0.0,0.0
45.25252525252525,73.53535353535354,0.0,0.0
46.06060606060606,73.53535353535354,0.0,0.0
46.868686868686865,73.53535353535354,0.0,0.0
47.676767676767675,73.53535353535354,0.0,0.0
48.484848484848484,73.53535353535354,0.0,0.0
49.292929292929294,73.53535353535354,0.0,0.0
50.1010101010101,73.53535353535354,0.0,0.0
50.90909090909091,73.53535353535354,0.0,0.0
51.717171717171716,73.53535353535354,0.0,0.0
52.525252525252526,73.53535353535354,0.0,0.0
53.333333333333336,73.53535353535354,0.0,0.0
54.14141414141414,73.53535353535354,0.0,0.0
54.94949494949495,73.53535353535354,0.0,0.0
55.75757575757576,73.53535353535354,0.0,0.0
56.56565656565657,73.53535353535354,0.0,0.0
57.37373737373737,73.53535353535354,0.0,0.0
58.18181818181818,73.53535353535354,0.0,0.0
58.98989898989899,73.53535353535354,0.0,0.0
59.7979797979798,73.53535353535354,0.0,0.0
60.6060606060606,73.53535353535354,0.0,0.0
61.41414141414141,73.53535353535354,0.0,0.0
62.22222222222222,73.53535353535354,0.0,0.0
63.03030303030303,73.53535353535354,0.0,0.0
63.838383838383834,73.53535353535354,0.0,0.0
64.64646464646465,73.53535353535354,0.0,0.0
65.45454545454545,73.53535353535354,0.0,0.0
66.26262626262626,73.53535353535354,0.0,0.0
67.07070707070707,73.53535353535354,0.0,0.0
67.87878787878788,73.53535353535354,0.0,0.0
68.68686868686869,73.53535353535354,0.0,0.0
69.4949494949495,73.53535353535354,0.0,0.0
70.3030303030303,73.53535353535354,0.0,0.0
71.11111111111111,73.53535353535354,0.0,0.0
71.91919191919192,73.53535353535354,0.0,0.0
72.72727272727272,73.53535353535354,0.0,0.0
73.53535353535354,73.53535353535354,0.0,0.0
74.34343434343434,73.53535353535354,0.0,0.0
75.15151515151516,73.53535353535354,0.0,0.0
75.95959595959596,73.53535353535354,0.0,0.0
76.76767676767676,73.53535353535354,0.0,0.0
77.57575757575758,73.53535353535354,0.0,0.0
78.38383838383838,73.53535353535354,0.0,0.0
79.1919191919192,73.53535353535354,0.0,0.0
80.0,73.53535353535354,0.0,0.0
0.0,74.34343434343434,0.0,0.0
0.8080808080808081,74.34343434343434,0.0,0.0
1.6161616161616161,74.34343434343434,0.0,0.0
2.4242424242424243,74.34343434343434,0.0,0.0
3.2323232323232323,74.34343434343434,0.0,0.0
4.040404040404041,74.34343434343434,0.0,0.0
4.848484848484849,74.34343434343434,0.0,0.0
5.656565656565657,74.34343434343434,0.0,0.0
6.4646464646464645,74.34343434343434,0.0,0.0
7.2727272727272725,74.34343434343434,0.0,0.0
8.080808080808081,74.34343434343434,0.0,0.0
8.88888888888889,74.34343434343434,0.0,0.0
9.696969696969697,74.34343434343434,0.0,0.0
10.505050505050505,74.34343434343434,0.0,0.0
11.313131313131313,74.34343434343434,0.0,0.0
12.121212121212121,74.34343434343434,0.0,0.0
12.929292929292929,74.34343434343434,0.0,0.0
13.737373737373737,74.34343434343434,0.0,0.0
14.545454545454545,74.34343434343434,0.0,0.0
15.353535353535353,74.34343434343434,0.0,0.0
16.161616161616163,74.34343434343434,0.0,0.0
16.96969696969697,74.34343434343434,0.0,0.0
17.77777777777778,74.34343434343434,0.0,0.0
18.585858585858585,74.34343434343434,0.0,0.0
19.393939393939394,74.34343434343434,0.0,0.0
20.2020202020202,74.34343434343434,0.0,0.0
21.01010101010101,74.34343434343434,0.0,0.0
21.818181818181817,74.34343434343434,0.0,0.0
22.626262626262626,74.34343434343434,0.0,0.0
23.434343434343432,74.34343434343434,0.0,0.0
24.242424242424242,74.34343434343434,0.0,0.0
25.05050505050505,74.34343434343434,0.0,0.0
25.858585858585858,74.34343434343434,0.0,0.0
26.666666666666668,74.34343434343434,0.0,0.0
27.474747474747474,74.34343434343434,0.0,0.0
28.282828282828284,74.34343434343434,0.0,0.0
29.09090909090909,74.34343434343434,0.0,0.0
29.8989898989899,74.34343434343434,0.0,0.0
30.707070707070706,74.34343434343434,0.0,0.0
31.515151515151516,74.34343434343434,0.0,0.0
32.323232323232325,74.34343434343434,0.0,0.0
33.13131313131313,74.34343434343434,0.0,0.0
33.93939393939394,74.34343434343434,0.0,0.0
34.74747474747475,74.34343434343434,0.0,0.0
35.55555555555556,74.34343434343434,0.0,0.0
36.36363636363636,74.34343434343434,0.0,0.0
37.17171717171717,74.34343434343434,0.0,0.0
37.97979797979798,74.34343434343434,0.0,0.0
38.78787878787879,74.34343434343434,0.0,0.0
39.5959595959596,74.34343434343434,0.0,0.0
40.4040404040404,74.34343434343434,0.0,0.0
41.21212121212121,74.34343434343434,0.0,0.0
42.02020202020202,74.34343434343434,0.0,0.0
42.82828282828283,74.34343434343434,0.0,0.0
43.63636363636363,74.34343434343434,0.0,0.0
44.44444444444444,74.34343434343434,0.0,0.0
45.25252525252525,74.34343434343434,0.0,0.0
46.06060606060606,74.34343434343434,0.0,0.0
46.868686868686865,74.34343434343434,0.0,0.0
47.676767676767675,74.34343434343434,0.0,0.0
48.484848484848484,74.34343434343434,0.0,0.0
49.292929292929294,74.34343434343434,0.0,0.0
50.1010101010101,74.34343434343434,0.0,0.0
50.90909090909091,74.34343434343434,0.0,0.0
51.717171717171716,74.34343434343434,0.0,0.0
52.525252525252526,74.34343434343434,0.0,0.0
53.333333333333336,74.34343434343434,0.0,0.0
54.14141414141414,74.34343434343434,0.0,0.0
54.94949494949495,74.34343434343434,0.0,0.0
55.75757575757576,74.34343434343434,0.0,0.0
56.56565656565657,74.34343434343434,0.0,0.0
57.37373737373737,74.34343434343434,0.0,0.0
58.18181818181818,74.34343434343434,0.0,0.0
58.98989898989899,74.34343434343434,0.0,0.0
59.7979797979798,74.34343434343434,0.0,0.0
60.6060606060606,74.34343434343434,0.0,0.0
61.41414141414141,74.34343434343434,0.0,0.0
62.22222222222222,74.34343434343434,0.0,0.0
63.03030303030303,74.34343434343434,0.0,0.0
63.838383838383834,74.34343434343434,0.0,0.0
64.64646464646465,74.34343434343434,0.0,0.0
65.45454545454545,74.34343434343434,0.0,0.0
66.26262626262626,74.34343434343434,0.0,0.0
67.07070707070707,74.34343434343434,0.0,0.0
67.87878787878788,74.34343434343434,0.0,0.0
68.68686868686869,74.34343434343434,0.0,0.0
69.4949494949495,74.34343434343434,0.0,0.0
70.3030303030303,74.34343434343434,0.0,0.0
71.11111111111111,74.34343434343434,0.0,0.0
71.91919191919192,74.34343434343434,0.0,0.0
72.72727272727272,74.34343434343434,0.0,0.0
73.53535353535354,74.34343434343434,0.0,0.0
74.34343434343434,74.34343434343434,0.0,0.0
75.15151515151516,74.34343434343434,0.0,0.0
75.95959595959596,74.34343434343434,0.0,0.0
76.76767676767676,74.34343434343434,0.0,0.0
77.57575757575758,74.34343434343434,0.0,0.0
78.38383838383838,74.34343434343434,0.0,0.0
79.1919191919192,74.34343434343434,0.0,0.0
80.0,74.34343434343434,0.0,0.0
0.0,75.15151515151516,0.0,0.0
0.8080808080808081,75.15151515151516,0.0,0.0
1.6161616161616161,75.15151515151516,0.0,0.0
2.4242424242424243,75.15151515151516,0.0,0.0
3.2323232323232323,75.15151515151516,0.0,0.0
4.040404040404041,75.15151515151516,0.0,0.0
4.848484848484849,75.15151515151516,0.0,0.0
5.656565656565657,75.15151515151516,0.0,0.0
6.4646464646464645,75.15151515151516,0.0,0.0
7.2727272727272725,75.15151515151516,0.0,0.0
8.080808080808081,75.15151515151516,0.0,0.0
8.88888888888889,75.15151515151516,0.0,0.0
9.696969696969697,75.15151515151516,0.0,0.0
10.505050505050505,75.15151515151516,0.0,0.0
11.313131313131313,75.15151515151516,0.0,0.0
12.121212121212121,75.15151515151516,0.0,0.0
12.929292929292929,75.15151515151516,0.0,0.0
13.737373737373737,75.15151515151516,0.0,0.0
14.545454545454545,75.15151515151516,0.0,0.0
15.353535353535353,75.15151515151516,0.0,0.0
16.161616161616163,75.15151515151516,0.0,0.0
16.96969696969697,75.15151515151516,0.0,0.0
17.77777777777778,75.15151515151516,0.0,0.0
18.585858585858585,75.15151515151516,0.0,0.0
19.393939393939394,75.15151515151516,0.0,0.0
20.2020202020202,75.15151515151516,0.0,0.0
21.01010101010101,75.15151515151516,0.0,0.0
21.818181818181817,75.15151515151516,0.0,0.0
22.626262626262626,75.15151515151516,0.0,0.0
23.434343434343432,75.15151515151516,0.0,0.0
24.242424242424242,75.15151515151516,0.0,0.0
25.05050505050505,75.15151515151516,0.0,0.0
25.858585858585858,75.15151515151516,0.0,0.0
26.666666666666668,75.15151515151516,0.0,0.0
27.474747474747474,75.15151515151516,0.0,0.0
28.282828282828284,75.15151515151516,0.0,0.0
29.09090909090909,75.15151515151516,0.0,0.0
29.8989898989899,75.15151515151516,0.0,0.0
30.707070707070706,75.15151515151516,0.0,0.0
31.515151515151516,75.15151515151516,0.0,0.0
32.323232323232325,75.15151515151516,0.0,0.0
33.13131313131313,75.15151515151516,0.0,0.0
33.93939393939394,75.15151515151516,0.0,0.0
34.74747474747475,75.15151515151516,0.0,0.0
35.55555555555556,75.15151515151516,0.0,0.0
36.36363636363636,75.15151515151516,0.0,0.0
37.17171717171717,75.15151515151516,0.0,0.0
37.97979797979798,75.15151515151516,0.0,0.0
38.78787878787879,75.15151515151516,0.0,0.0
39.5959595959596,75.15151515151516,0.0,0.0
40.4040404040404,75.15151515151516,0.0,0.0
41.21212121212121,75.15151515151516,0.0,0.0
42.02020202020202,75.15151515151516,0.0,0.0
42.82828282828283,75.15151515151516,0.0,0.0
43.63636363636363,75.15151515151516,0.0,0.0
44.44444444444444,75.15151515151516,0.0,0.0
45.25252525252525,75.15151515151516,0.0,0.0
46.06060606060606,75.15151515151516,0.0,0.0
46.868686868686865,75.15151515151516,0.0,0.0
47.676767676767675,75.15151515151516,0.0,0.0
48.484848484848484,75.15151515151516,0.0,0.0
49.292929292929294,75.15151515151516,0.0,0.0
50.1010101010101,75.15151515151516,0.0,0.0
50.90909090909091,75.15151515151516,0.0,0.0
51.717171717171716,75.15151515151516,0.0,0.0
52.525252525252526,75.15151515151516,0.0,0.0
53.333333333333336,75.15151515151516,0.0,0.0
54.14141414141414,75.15151515151516,0.0,0.0
54.94949494949495,75.15151515151516,0.0,0.0
55.75757575757576,75.15151515151516,0.0,0.0
56.56565656565657,75.15151515151516,0.0,0.0
57.37373737373737,75.15151515151516,0.0,0.0
58.18181818181818,75.15151515151516,0.0,0.0
58.98989898989899,75.15151515151516,0.0,0.0
59.7979797979798,75.15151515151516,0.0,0.0
60.6060606060606,75.15151515151516,0.0,0.0
61.41414141414141,75.15151515151516,0.0,0.0
62.22222222222222,75.15151515151516,0.0,0.0
63.03030303030303,75.15151515151516,0.0,0.0
63.838383838383834,75.15151515151516,0.0,0.0
64.64646464646465,75.15151515151516,0.0,0.0
65.45454545454545,75.15151515151516,0.0,0.0
66.26262626262626,75.15151515151516,0.0,0.0
67.07070707070707,75.15151515151516,0.0,0.0
67.87878787878788,75.15151515151516,0.0,0.0
68.68686868686869,75.15151515151516,0.0,0.0
69.4949494949495,75.15151515151516,0.0,0.0
70.3030303030303,75.15151515151516,0.0,0.0
71.11111111111111,75.15151515151516,0.0,0.0
71.91919191919192,75.15151515151516,0.0,0.0
72.72727272727272,75.15151515151516,0.0,0.0
73.53535353535354,75.15151515151516,0.0,0.0
74.34343434343434,75.15151515151516,0.0,0.0
75.15151515151516,75.15151515151516,0.0,0.0
75.95959595959596,75.15151515151516,0.0,0.0
76.76767676767676,75.15151515151516,0.0,0.0
77.57575757575758,75.15151515151516,0.0,0.0
78.38383838383838,75.15151515151516,0.0,0.0
79.1919191919192,75.15151515151516,0.0,0.0
80.0,75.15151515151516,0.0,0.0
0.0,75.95959595959596,0.0,0.0
0.8080808080808081,75.95959595959596,0.0,0.0
1.6161616161616161,75.95959595959596,0.0,0.0
2.4242424242424243,75.95959595959596,0.0,0.0
3.2323232323232323,75.95959595959596,0.0,0.0
4.040404040404041,75.95959595959596,0.0,0.0
4.848484848484849,75.95959595959596,0.0,0.0
5.656565656565657,75.95959595959596,0.0,0.0
6.4646464646464645,75.95959595959596,0.0,0.0
7.2727272727272725,75.95959595959596,0.0,0.0
8.080808080808081,75.95959595959596,0.0,0.0
8.88888888888889,75.95959595959596,0.0,0.0
9.696969696969697,75.95959595959596,0.0,0.0
10.505050505050505,75.95959595959596,0.0,0.0
11.313131313131313,75.95959595959596,0.0,0.0
12.121212121212121,75.95959595959596,0.0,0.0
12.929292929292929,75.95959595959596,0.0,0.0
13.737373737373737,75.95959595959596,0.0,0.0
14.545454545454545,75.95959595959596,0.0,0.0
15.353535353535353,75.95959595959596,0.0,0.0
16.161616161616163,75.95959595959596,0.0,0.0
16.96969696969697,75.95959595959596,0.0,0.0
17.77777777777778,75.95959595959596,0.0,0.0
18.585858585858585,75.95959595959596,0.0,0.0
19.393939393939394,75.95959595959596,0.0,0.0
20.2020202020202,75.95959595959596,0.0,0.0
21.01010101010101,75.95959595959596,0.0,0.0
21.818181818181817,75.95959595959596,0.0,0.0
22.626262626262626,75.95959595959596,0.0,0.0
23.434343434343432,75.95959595959596,0.0,0.0
24.242424242424242,75.95959595959596,0.0,0.0
25.05050505050505,75.95959595959596,0.0,0.0
25.858585858585858,75.95959595959596,0.0,0.0
26.666666666666668,75.95959595959596,0.0,0.0
27.474747474747474,75.95959595959596,0.0,0.0
28.282828282828284,75.95959595959596,0.0,0.0
29.09090909090909,75.95959595959596,0.0,0.0
29.8989898989899,75.95959595959596,0.0,0.0
30.707070707070706,75.95959595959596,0.0,0.0
31.515151515151516,75.95959595959596,0.0,0.0
32.323232323232325,75.95959595959596,0.0,0.0
33.13131313131313,75.95959595959596,0.0,0.0
33.93939393939394,75.95959595959596,0.0,0.0
34.74747474747475,75.95959595959596,0.0,0.0
35.55555555555556,75.95959595959596,0.0,0.0
36.36363636363636,75.95959595959596,0.0,0.0
37.17171717171717,75.95959595959596,0.0,0.0
37.97979797979798,75.95959595959596,0.0,0.0
38.78787878787879,75.95959595959596,0.0,0.0
39.5959595959596,75.95959595959596,0.0,0.0
40.4040404040404,75.95959595959596,0.0,0.0
41.21212121212121,75.95959595959596,0.0,0.0
42.02020202020202,75.95959595959596,0.0,0.0
42.82828282828283,75.95959595959596,0.0,0.0
43.63636363636363,75.95959595959596,0.0,0.0
44.44444444444444,75.95959595959596,0.0,0.0
45.25252525252525,75.95959595959596,0.0,0.0
46.06060606060606,75.95959595959596,0.0,0.0
46.868686868686865,75.95959595959596,0.0,0.0
47.676767676767675,75.95959595959596,0.0,0.0
48.484848484848484,75.95959595959596,0.0,0.0
49.292929292929294,75.95959595959596,0.0,0.0
50.1010101010101,75.95959595959596,0.0,0.0
50.90909090909091,75.95959595959596,0.0,0.0
51.717171717171716,75.95959595959596,0.0,0.0
52.525252525252526,75.95959595959596,0.0,0.0
53.333333333333336,75.95959595959596,0.0,0.0
54.14141414141414,75.95959595959596,0.0,0.0
54.94949494949495,75.95959595959596,0.0,0.0
55.75757575757576,75.95959595959596,0.0,0.0
56.56565656565657,75.95959595959596,0.0,0.0
57.37373737373737,75.95959595959596,0.0,0.0
58.18181818181818,75.95959595959596,0.0,0.0
58.98989898989899,75.95959595959596,0.0,0.0
59.7979797979798,75.95959595959596,0.0,0.0
60.6060606060606,75.95959595959596,0.0,0.0
61.41414141414141,75.95959595959596,0.0,0.0
62.22222222222222,75.95959595959596,0.0,0.0
63.03030303030303,75.95959595959596,0.0,0.0
63.838383838383834,75.95959595959596,0.0,0.0
64.64646464646465,75.95959595959596,0.0,0.0
65.45454545454545,75.95959595959596,0.0,0.0
66.26262626262626,75.95959595959596,0.0,0.0
67.07070707070707,75.95959595959596,0.0,0.0
67.87878787878788,75.95959595959596,0.0,0.0
68.68686868686869,75.95959595959596,0.0,0.0
69.4949494949495,75.95959595959596,0.0,0.0
70.3030303030303,75.95959595959596,0.0,0.0
71.11111111111111,75.95959595959596,0.0,0.0
71.91919191919192,75.95959595959596,0.0,0.0
72.72727272727272,75.95959595959596,0.0,0.0
73.53535353535354,75.95959595959596,0.0,0.0
74.34343434343434,75.95959595959596,0.0,0.0
75.15151515151516,75.95959595959596,0.0,0.0
75.95959595959596,75.95959595959596,0.0,0.0
76.76767676767676,75.95959595959596,0.0,0.0
77.57575757575758,75.95959595959596,0.0,0.0
78.38383838383838,75.95959595959596,0.0,0.0
79.1919191919192,75.95959595959596,0.0,0.0
80.0,75.95959595959596,0.0,0.0
0.0,76.76767676767676,0.0,0.0
0.8080808080808081,76.76767676767676,0.0,0.0
1.6161616161616161,76.76767676767676,0.0,0.0
2.4242424242424243,76.76767676767676,0.0,0.0
3.2323232323232323,76.76767676767676,0.0,0.0
4.040404040404041,76.76767676767676,0.0,0.0
4.848484848484849,76.76767676767676,0.0,0.0
5.656565656565657,76.76767676767676,0.0,0.0
6.4646464646464645,76.76767676767676,0.0,0.0
7.2727272727272725,76.76767676767676,0.0,0.0
8.080808080808081,76.76767676767676,0.0,0.0
8.88888888888889,76.76767676767676,0.0,0.0
9.696969696969697,76.76767676767676,0.0,0.0
10.505050505050505,76.76767676767676,0.0,0.0
11.313131313131313,76.76767676767676,0.0,0.0
12.121212121212121,76.76767676767676,0.0,0.0
12.929292929292929,76.76767676767676,0.0,0.0
13.737373737373737,76.76767676767676,0.0,0.0
14.545454545454545,76.76767676767676,0.0,0.0
15.353535353535353,76.76767676767676,0.0,0.0
16.161616161616163,76.76767676767676,0.0,0.0
16.96969696969697,76.76767676767676,0.0,0.0
17.77777777777778,76.76767676767676,0.0,0.0
18.585858585858585,76.76767676767676,0.0,0.0
19.393939393939394,76.76767676767676,0.0,0.0
20.2020202020202,76.76767676767676,0.0,0.0
21.01010101010101,76.76767676767676,0.0,0.0
21.818181818181817,76.76767676767676,0.0,0.0
22.626262626262626,76.76767676767676,0.0,0.0
23.434343434343432,76.76767676767676,0.0,0.0
24.242424242424242,76.76767676767676,0.0,0.0
25.05050505050505,76.76767676767676,0.0,0.0
25.858585858585858,76.76767676767676,0.0,0.0
26.666666666666668,76.76767676767676,0.0,0.0
27.474747474747474,76.76767676767676,0.0,0.0
28.282828282828284,76.76767676767676,0.0,0.0
29.09090909090909,76.76767676767676,0.0,0.0
29.8989898989899,76.76767676767676,0.0,0.0
30.707070707070706,76.76767676767676,0.0,0.0
31.515151515151516,76.76767676767676,0.0,0.0
32.323232323232325,76.76767676767676,0.0,0.0
33.13131313131313,76.76767676767676,0.0,0.0
33.93939393939394,76.76767676767676,0.0,0.0
34.74747474747475,76.76767676767676,0.0,0.0
35.55555555555556,76.76767676767676,0.0,0.0
36.36363636363636,76.76767676767676,0.0,0.0
37.17171717171717,76.76767676767676,0.0,0.0
37.97979797979798,76.76767676767676,0.0,0.0
38.78787878787879,76.76767676767676,0.0,0.0
39.5959595959596,76.76767676767676,0.0,0.0
40.4040404040404,76.76767676767676,0.0,0.0
41.21212121212121,76.76767676767676,0.0,0.0
42.02020202020202,76.76767676767676,0.0,0.0
42.82828282828283,76.76767676767676,0.0,0.0
43.63636363636363,76.76767676767676,0.0,0.0
44.44444444444444,76.76767676767676,0.0,0.0
45.25252525252525,76.76767676767676,0.0,0.0
46.06060606060606,76.76767676767676,0.0,0.0
46.868686868686865,76.76767676767676,0.0,0.0
47.676767676767675,76.76767676767676,0.0,0.0
48.484848484848484,76.76767676767676,0.0,0.0
49.292929292929294,76.76767676767676,0.0,0.0
50.1010101010101,76.76767676767676,0.0,0.0
50.90909090909091,76.76767676767676,0.0,0.0
51.717171717171716,76.76767676767676,0.0,0.0
52.525252525252526,76.76767676767676,0.0,0.0
53.333333333333336,76.76767676767676,0.0,0.0
54.14141414141414,76.76767676767676,0.0,0.0
54.94949494949495,76.76767676767676,0.0,0.0
55.75757575757576,76.76767676767676,0.0,0.0
56.56565656565657,76.76767676767676,0.0,0.0
57.37373737373737,76.76767676767676,0.0,0.0
58.18181818181818,76.76767676767676,0.0,0.0
58.98989898989899,76.76767676767676,0.0,0.0
59.7979797979798,76.76767676767676,0.0,0.0
60.6060606060606,76.76767676767676,0.0,0.0
61.41414141414141,76.76767676767676,0.0,0.0
62.22222222222222,76.76767676767676,0.0,0.0
63.03030303030303,76.76767676767676,0.0,0.0
63.838383838383834,76.76767676767676,0.0,0.0
64.64646464646465,76.76767676767676,0.0,0.0
65.45454545454545,76.76767676767676,0.0,0.0
66.26262626262626,76.76767676767676,0.0,0.0
67.07070707070707,76.76767676767676,0.0,0.0
67.87878787878788,76.76767676767676,0.0,0.0
68.68686868686869,76.76767676767676,0.0,0.0
69.4949494949495,76.76767676767676,0.0,0.0
70.3030303030303,76.76767676767676,0.0,0.0
71.11111111111111,76.76767676767676,0.0,0.0
71.91919191919192,76.76767676767676,0.0,0.0
72.72727272727272,76.76767676767676,0.0,0.0
73.53535353535354,76.76767676767676,0.0,0.0
74.34343434343434,76.76767676767676,0.0,0.0
75.15151515151516,76.76767676767676,0.0,0.0
75.95959595959596,76.76767676767676,0.0,0.0
76.76767676767676,76.76767676767676,0.0,0.0
77.57575757575758,76.76767676767676,0.0,0.0
78.38383838383838,76.76767676767676,0.0,0.0
79.1919191919192,76.76767676767676,0.0,0.0
80.0,76.76767676767676,0.0,0.0
0.0,77.57575757575758,0.0,0.0
0.8080808080808081,77.57575757575758,0.0,0.0
1.6161616161616161,77.57575757575758,0.0,0.0
2.4242424242424243,77.57575757575758,0.0,0.0
3.2323232323232323,77.57575757575758,0.0,0.0
4.040404040404041,77.57575757575758,0.0,0.0
4.848484848484849,77.57575757575758,0.0,0.0
5.656565656565657,77.57575757575758,0.0,0.0
6.4646464646464645,77.57575757575758,0.0,0.0
7.2727272727272725,77.57575757575758,0.0,0.0
8.080808080808081,77.57575757575758,0.0,0.0
8.88888888888889,77.57575757575758,0.0,0.0
9.696969696969697,77.57575757575758,0.0,0.0
10.505050505050505,77.57575757575758,0.0,0.0
11.313131313131313,77.57575757575758,0.0,0.0
12.121212121212121,77.57575757575758,0.0,0.0
12.929292929292929,77.57575757575758,0.0,0.0
13.737373737373737,77.57575757575758,0.0,0.0
14.545454545454545,77.57575757575758,0.0,0.0
15.353535353535353,77.57575757575758,0.0,0.0
16.161616161616163,77.57575757575758,0.0,0.0
16.96969696969697,77.57575757575758,0.0,0.0
17.77777777777778,77.57575757575758,0.0,0.0
18.585858585858585,77.57575757575758,0.0,0.0
19.393939393939394,77.57575757575758,0.0,0.0
20.2020202020202,77.57575757575758,0.0,0.0
21.01010101010101,77.57575757575758,0.0,0.0
21.818181818181817,77.57575757575758,0.0,0.0
22.626262626262626,77.57575757575758,0.0,0.0
23.434343434343432,77.57575757575758,0.0,0.0
24.242424242424242,77.57575757575758,0.0,0.0
25.05050505050505,77.57575757575758,0.0,0.0
25.858585858585858,77.57575757575758,0.0,0.0
26.666666666666668,77.57575757575758,0.0,0.0
27.474747474747474,77.57575757575758,0.0,0.0
28.282828282828284,77.57575757575758,0.0,0.0
29.09090909090909,77.57575757575758,0.0,0.0
29.8989898989899,77.57575757575758,0.0,0.0
30.707070707070706,77.57575757575758,0.0,0.0
31.515151515151516,77.57575757575758,0.0,0.0
32.323232323232325,77.57575757575758,0.0,0.0
33.13131313131313,77.57575757575758,0.0,0.0
33.93939393939394,77.57575757575758,0.0,0.0
34.74747474747475,77.57575757575758,0.0,0.0
35.55555555555556,77.57575757575758,0.0,0.0
36.36363636363636,77.57575757575758,0.0,0.0
37.17171717171717,77.57575757575758,0.0,0.0
37.97979797979798,77.57575757575758,0.0,0.0
38.78787878787879,77.57575757575758,0.0,0.0
39.5959595959596,77.57575757575758,0.0,0.0
40.4040404040404,77.57575757575758,0.0,0.0
41.21212121212121,77.57575757575758,0.0,0.0
42.02020202020202,77.57575757575758,0.0,0.0
42.82828282828283,77.57575757575758,0.0,0.0
43.63636363636363,77.57575757575758,0.0,0.0
44.44444444444444,77.57575757575758,0.0,0.0
45.25252525252525,77.57575757575758,0.0,0.0
46.06060606060606,77.57575757575758,0.0,0.0
46.868686868686865,77.57575757575758,0.0,0.0
47.676767676767675,77.57575757575758,0.0,0.0
48.484848484848484,77.57575757575758,0.0,0.0
49.292929292929294,77.57575757575758,0.0,0.0
50.1010101010101,77.57575757575758,0.0,0.0
50.90909090909091,77.57575757575758,0.0,0.0
51.717171717171716,77.57575757575758,0.0,0.0
52.525252525252526,77.57575757575758,0.0,0.0
53.333333333333336,77.57575757575758,0.0,0.0
54.14141414141414,77.57575757575758,0.0,0.0
54.94949494949495,77.57575757575758,0.0,0.0
55.75757575757576,77.57575757575758,0.0,0.0
56.56565656565657,77.57575757575758,0.0,0.0
57.37373737373737,77.57575757575758,0.0,0.0
58.18181818181818,77.57575757575758,0.0,0.0
58.98989898989899,77.57575757575758,0.0,0.0
59.7979797979798,77.57575757575758,0.0,0.0
60.6060606060606,77.57575757575758,0.0,0.0
61.41414141414141,77.57575757575758,0.0,0.0
62.22222222222222,77.57575757575758,0.0,0.0
63.03030303030303,77.57575757575758,0.0,0.0
63.838383838383834,77.57575757575758,0.0,0.0
64.64646464646465,77.57575757575758,0.0,0.0
65.45454545454545,77.57575757575758,0.0,0.0
66.26262626262626,77.57575757575758,0.0,0.0
67.07070707070707,77.57575757575758,0.0,0.0
67.87878787878788,77.57575757575758,0.0,0.0
68.68686868686869,77.57575757575758,0.0,0.0
69.4949494949495,77.57575757575758,0.0,0.0
70.3030303030303,77.57575757575758,0.0,0.0
71.11111111111111,77.57575757575758,0.0,0.0
71.91919191919192,77.57575757575758,0.0,0.0
72.72727272727272,77.57575757575758,0.0,0.0
73.53535353535354,77.57575757575758,0.0,0.0
74.34343434343434,77.57575757575758,0.0,0.0
75.15151515151516,77.57575757575758,0.0,0.0
75.95959595959596,77.57575757575758,0.0,0.0
76.76767676767676,77.57575757575758,0.0,0.0
77.57575757575758,77.57575757575758,0.0,0.0
78.38383838383838,77.57575757575758,0.0,0.0
79.1919191919192,77.57575757575758,0.0,0.0
80.0,77.57575757575758,0.0,0.0
0.0,78.38383838383838,0.0,0.0
0.8080808080808081,78.38383838383838,0.0,0.0
1.6161616161616161,78.38383838383838,0.0,0.0
2.4242424242424243,78.38383838383838,0.0,0.0
3.2323232323232323,78.38383838383838,0.0,0.0
4.040404040404041,78.38383838383838,0.0,0.0
4.848484848484849,78.38383838383838,0.0,0.0
5.656565656565657,78.38383838383838,0.0,0.0
6.4646464646464645,78.38383838383838,0.0,0.0
7.2727272727272725,78.38383838383838,0.0,0.0
8.080808080808081,78.38383838383838,0.0,0.0
8.88888888888889,78.38383838383838,0.0,0.0
9.696969696969697,78.38383838383838,0.0,0.0
10.505050505050505,78.38383838383838,0.0,0.0
11.313131313131313,78.38383838383838,0.0,0.0
12.121212121212121,78.38383838383838,0.0,0.0
12.929292929292929,78.38383838383838,0.0,0.0
13.737373737373737,78.38383838383838,0.0,0.0
14.545454545454545,78.38383838383838,0.0,0.0
15.353535353535353,78.38383838383838,0.0,0.0
16.161616161616163,78.38383838383838,0.0,0.0
16.96969696969697,78.38383838383838,0.0,0.0
17.77777777777778,78.38383838383838,0.0,0.0
18.585858585858585,78.38383838383838,0.0,0.0
19.393939393939394,78.38383838383838,0.0,0.0
20.2020202020202,78.38383838383838,0.0,0.0
21.01010101010101,78.38383838383838,0.0,0.0
21.818181818181817,78.38383838383838,0.0,0.0
22.626262626262626,78.38383838383838,0.0,0.0
23.434343434343432,78.38383838383838,0.0,0.0
24.242424242424242,78.38383838383838,0.0,0.0
25.05050505050505,78.38383838383838,0.0,0.0
25.858585858585858,78.38383838383838,0.0,0.0
26.666666666666668,78.38383838383838,0.0,0.0
27.474747474747474,78.38383838383838,0.0,0.0
28.282828282828284,78.38383838383838,0.0,0.0
29.09090909090909,78.38383838383838,0.0,0.0
29.8989898989899,78.38383838383838,0.0,0.0
30.707070707070706,78.38383838383838,0.0,0.0
31.515151515151516,78.38383838383838,0.0,0.0
32.323232323232325,78.38383838383838,0.0,0.0
33.13131313131313,78.38383838383838,0.0,0.0
33.93939393939394,78.38383838383838,0.0,0.0
34.74747474747475,78.38383838383838,0.0,0.0
35.55555555555556,78.38383838383838,0.0,0.0
36.36363636363636,78.38383838383838,0.0,0.0
37.17171717171717,78.38383838383838,0.0,0.0
37.97979797979798,78.38383838383838,0.0,0.0
38.78787878787879,78.38383838383838,0.0,0.0
39.5959595959596,78.38383838383838,0.0,0.0
40.4040404040404,78.38383838383838,0.0,0.0
41.21212121212121,78.38383838383838,0.0,0.0
42.02020202020202,78.38383838383838,0.0,0.0
42.82828282828283,78.38383838383838,0.0,0.0
43.63636363636363,78.38383838383838,0.0,0.0
44.44444444444444,78.38383838383838,0.0,0.0
45.25252525252525,78.38383838383838,0.0,0.0
46.06060606060606,78.38383838383838,0.0,0.0
46.868686868686865,78.38383838383838,0.0,0.0
47.676767676767675,78.38383838383838,0.0,0.0
48.484848484848484,78.38383838383838,0.0,0.0
49.292929292929294,78.38383838383838,0.0,0.0
50.1010101010101,78.38383838383838,0.0,0.0
50.90909090909091,78.38383838383838,0.0,0.0
51.717171717171716,78.38383838383838,0.0,0.0
52.525252525252526,78.38383838383838,0.0,0.0
53.333333333333336,78.38383838383838,0.0,0.0
54.14141414141414,78.38383838383838,0.0,0.0
54.94949494949495,78.38383838383838,0.0,0.0
55.75757575757576,78.38383838383838,0.0,0.0
56.56565656565657,78.38383838383838,0.0,0.0
57.37373737373737,78.38383838383838,0.0,0.0
58.18181818181818,78.38383838383838,0.0,0.0
58.98989898989899,78.38383838383838,0.0,0.0
59.7979797979798,78.38383838383838,0.0,0.0
60.6060606060606,78.38383838383838,0.0,0.0
61.41414141414141,78.38383838383838,0.0,0.0
62.22222222222222,78.38383838383838,0.0,0.0
63.03030303030303,78.38383838383838,0.0,0.0
63.838383838383834,78.38383838383838,0.0,0.0
64.64646464646465,78.38383838383838,0.0,0.0
65.45454545454545,78.38383838383838,0.0,0.0
66.26262626262626,78.38383838383838,0.0,0.0
67.07070707070707,78.38383838383838,0.0,0.0
67.87878787878788,78.38383838383838,0.0,0.0
68.68686868686869,78.38383838383838,0.0,0.0
69.4949494949495,78.38383838383838,0.0,0.0
70.3030303030303,78.38383838383838,0.0,0.0
71.11111111111111,78.38383838383838,0.0,0.0
71.91919191919192,78.38383838383838,0.0,0.0
72.72727272727272,78.38383838383838,0.0,0.0
73.53535353535354,78.38383838383838,0.0,0.0
74.34343434343434,78.38383838383838,0.0,0.0
75.15151515151516,78.38383838383838,0.0,0.0
75.95959595959596,78.38383838383838,0.0,0.0
76.76767676767676,78.38383838383838,0.0,0.0
77.57575757575758,78.38383838383838,0.0,0.0
78.38383838383838,78.38383838383838,0.0,0.0
79.1919191919192,78.38383838383838,0.0,0.0
80.0,78.38383838383838,0.0,0.0
0.0,79.1919191919192,0.0,0.0
0.8080808080808081,79.1919191919192,0.0,0.0
1.6161616161616161,79.1919191919192,0.0,0.0
2.4242424242424243,79.1919191919192,0.0,0.0
3.2323232323232323,79.1919191919192,0.0,0.0
4.040404040404041,79.1919191919192,0.0,0.0
4.848484848484849,79.1919191919192,0.0,0.0
5.656565656565657,79.1919191919192,0.0,0.0
6.4646464646464645,79.1919191919192,0.0,0.0
7.2727272727272725,79.1919191919192,0.0,0.0
8.080808080808081,79.1919191919192,0.0,0.0
8.88888888888889,79.1919191919192,0.0,0.0
9.696969696969697,79.1919191919192,0.0,0.0
10.505050505050505,79.1919191919192,0.0,0.0
11.313131313131313,79.1919191919192,0.0,0.0
12.121212121212121,79.1919191919192,0.0,0.0
12.929292929292929,79.1919191919192,0.0,0.0
13.737373737373737,79.1919191919192,0.0,0.0
14.545454545454545,79.1919191919192,0.0,0.0
15.353535353535353,79.1919191919192,0.0,0.0
16.161616161616163,79.1919191919192,0.0,0.0
16.96969696969697,79.1919191919192,0.0,0.0
17.77777777777778,79.1919191919192,0.0,0.0
18.585858585858585,79.1919191919192,0.0,0.0
19.393939393939394,79.1919191919192,0.0,0.0
20.2020202020202,79.1919191919192,0.0,0.0
21.01010101010101,79.1919191919192,0.0,0.0
21.818181818181817,79.1919191919192,0.0,0.0
22.626262626262626,79.1919191919192,0.0,0.0
23.434343434343432,79.1919191919192,0.0,0.0
24.242424242424242,79.1919191919192,0.0,0.0
25.05050505050505,79.1919191919192,0.0,0.0
25.858585858585858,79.1919191919192,0.0,0.0
26.666666666666668,79.1919191919192,0.0,0.0
27.474747474747474,79.1919191919192,0.0,0.0
28.282828282828284,79.1919191919192,0.0,0.0
29.09090909090909,79.1919191919192,0.0,0.0
29.8989898989899,79.1919191919192,0.0,0.0
30.707070707070706,79.1919191919192,0.0,0.0
31.515151515151516,79.1919191919192,0.0,0.0
32.323232323232325,79.1919191919192,0.0,0.0
33.13131313131313,79.1919191919192,0.0,0.0
33.93939393939394,79.1919191919192,0.0,0.0
34.74747474747475,79.1919191919192,0.0,0.0
35.55555555555556,79.1919191919192,0.0,0.0
36.36363636363636,79.1919191919192,0.0,0.0
37.17171717171717,79.1919191919192,0.0,0.0
37.97979797979798,79.1919191919192,0.0,0.0
38.78787878787879,79.1919191919192,0.0,0.0
39.5959595959596,79.1919191919192,0.0,0.0
40.4040404040404,79.1919191919192,0.0,0.0
41.21212121212121,79.1919191919192,0.0,0.0
42.02020202020202,79.1919191919192,0.0,0.0
42.82828282828283,79.1919191919192,0.0,0.0
43.63636363636363,79.1919191919192,0.0,0.0
44.44444444444444,79.1919191919192,0.0,0.0
45.25252525252525,79.1919191919192,0.0,0.0
46.06060606060606,79.1919191919192,0.0,0.0
46.868686868686865,79.1919191919192,0.0,0.0
47.676767676767675,79.1919191919192,0.0,0.0
48.484848484848484,79.1919191919192,0.0,0.0
49.292929292929294,79.1919191919192,0.0,0.0
50.1010101010101,79.1919191919192,0.0,0.0
50.90909090909091,79.1919191919192,0.0,0.0
51.717171717171716,79.1919191919192,0.0,0.0
52.525252525252526,79.1919191919192,0.0,0.0
53.333333333333336,79.1919191919192,0.0,0.0
54.14141414141414,79.1919191919192,0.0,0.0
54.94949494949495,79.1919191919192,0.0,0.0
55.75757575757576,79.1919191919192,0.0,0.0
56.56565656565657,79.1919191919192,0.0,0.0
57.37373737373737,79.1919191919192,0.0,0.0
58.18181818181818,79.1919191919192,0.0,0.0
58.98989898989899,79.1919191919192,0.0,0.0
59.7979797979798,79.1919191919192,0.0,0.0
60.6060606060606,79.1919191919192,0.0,0.0
61.41414141414141,79.1919191919192,0.0,0.0
62.22222222222222,79.1919191919192,0.0,0.0
63.03030303030303,79.1919191919192,0.0,0.0
63.838383838383834,79.1919191919192,0.0,0.0
64.64646464646465,79.1919191919192,0.0,0.0
65.45454545454545,79.1919191919192,0.0,0.0
66.26262626262626,79.1919191919192,0.0,0.0
67.07070707070707,79.1919191919192,0.0,0.0
67.87878787878788,79.1919191919192,0.0,0.0
68.68686868686869,79.1919191919192,0.0,0.0
69.4949494949495,79.1919191919192,0.0,0.0
70.3030303030303,79.1919191919192,0.0,0.0
71.11111111111111,79.1919191919192,0.0,0.0
71.91919191919192,79.1919191919192,0.0,0.0
72.72727272727272,79.1919191919192,0.0,0.0
73.53535353535354,79.1919191919192,0.0,0.0
74.34343434343434,79.1919191919192,0.0,0.0
75.15151515151516,79.1919191919192,0.0,0.0
75.95959595959596,79.1919191919192,0.0,0.0
76.76767676767676,79.1919191919192,0.0,0.0
77.57575757575758,79.1919191919192,0.0,0.0
78.38383838383838,79.1919191919192,0.0,0.0
79.1919191919192,79.1919191919192,0.0,0.0
80.0,79.1919191919192,0.0,0.0
0.0,80.0,0.0,0.0
0.8080808080808081,80.0,0.0,0.0
1.6161616161616161,80.0,0.0,0.0
2.4242424242424243,80.0,0.0,0.0
3.2323232323232323,80.0,0.0,0.0
4.040404040404041,80.0,0.0,0.0
4.848484848484849,80.0,0.0,0.0
5.656565656565657,80.0,0.0,0.0
6.4646464646464645,80.0,0.0,0.0
7.2727272727272725,80.0,0.0,0.0
8.080808080808081,80.0,0.0,0.0
8.88888888888889,80.0,0.0,0.0
9.696969696969697,80.0,0.0,0.0
10.505050505050505,80.0,0.0,0.0
11.313131313131313,80.0,0.0,0.0
12.121212121212121,80.0,0.0,0.0
12.929292929292929,80.0,0.0,0.0
13.737373737373737,80.0,0.0,0.0
14.545454545454545,80.0,0.0,0.0
15.353535353535353,80.0,0.0,0.0
16.161616161616163,80.0,0.0,0.0
16.96969696969697,80.0,0.0,0.0
17.77777777777778,80.0,0.0,0.0
18.585858585858585,80.0,0.0,0.0
19.393939393939394,80.0,0.0,0.0
20.2020202020202,80.0,0.0,0.0
21.01010101010101,80.0,0.0,0.0
21.818181818181817,80.0,0.0,0.0
22.626262626262626,80.0,0.0,0.0
23.434343434343432,80.0,0.0,0.0
24.242424242424242,80.0,0.0,0.0
25.05050505050505,80.0,0.0,0.0
25.858585858585858,80.0,0.0,0.0
26.666666666666668,80.0,0.0,0.0
27.474747474747474,80.0,0.0,0.0
28.282828282828284,80.0,0.0,0.0
29.09090909090909,80.0,0.0,0.0
29.8989898989899,80.0,0.0,0.0
30.707070707070706,80.0,0.0,0.0
31.515151515151516,80.0,0.0,0.0
32.323232323232325,80.0,0.0,0.0
33.13131313131313,80.0,0.0,0.0
33.93939393939394,80.0,0.0,0.0
34.74747474747475,80.0,0.0,0.0
35.55555555555556,80.0,0.0,0.0
36.36363636363636,80.0,0.0,0.0
37.17171717171717,80.0,0.0,0.0
37.97979797979798,80.0,0.0,0.0
38.78787878787879,80.0,0.0,0.0
39.5959595959596,80.0,0.0,0.0
40.4040404040404,80.0,0.0,0.0
41.21212121212121,80.0,0.0,0.0
42.02020202020202,80.0,0.0,0.0
42.82828282828283,80.0,0.0,0.0
43.63636363636363,80.0,0.0,0.0
44.44444444444444,80.0,0.0,0.0
45.25252525252525,80.0,0.0,0.0
46.06060606060606,80.0,0.0,0.0
46.868686868686865,80.0,0.0,0.0
47.676767676767675,80.0,0.0,0.0
48.484848484848484,80.0,0.0,0.0
49.292929292929294,80.0,0.0,0.0
50.1010101010101,80.0,0.0,0.0
50.90909090909091,80.0,0.0,0.0
51.717171717171716,80.0,0.0,0.0
52.525252525252526,80.0,0.0,0.0
53.333333333333336,80.0,0.0,0.0
54.14141414141414,80.0,0.0,0.0
54.94949494949495,80.0,0.0,0.0
55.75757575757576,80.0,0.0,0.0
56.56565656565657,80.0,0.0,0.0
57.37373737373737,80.0,0.0,0.0
58.18181818181818,80.0,0.0,0.0
58.98989898989899,80.0,0.0,0.0
59.7979797979798,80.0,0.0,0.0
60.6060606060606,80.0,0.0,0.0
61.41414141414141,80.0,0.0,0.0
62.22222222222222,80.0,0.0,0.0
63.03030303030303,80.0,0.0,0.0
63.838383838383834,80.0,0.0,0.0
64.64646464646465,80.0,0.0,0.0
65.45454545454545,80.0,0.0,0.0
66.26262626262626,80.0,0.0,0.0
67.07070707070707,80.0,0.0,0.0
67.87878787878788,80.0,0.0,0.0
68.68686868686869,80.0,0.0,0.0
69.4949494949495,80.0,0.0,0.0
70.3030303030303,80.0,0.0,0.0
71.11111111111111,80.0,0.0,0.0
71.91919191919192,80.0,0.0,0.0
72.72727272727272,80.0,0.0,0.0
73.53535353535354,80.0,0.0,0.0
74.34343434343434,80.0,0.0,0.0
75.15151515151516,80.0,0.0,0.0
75.95959595959596,80.0,0.0,0.0
76.76767676767676,80.0,0.0,0.0
77.57575757575758,80.0,0.0,0.0
78.38383838383838,80.0,0.0,0.0
79.1919191919192,80.0,0.0,0.0
80.0,80.0,0.0,0.0
